CustomerID,FirstName,LastName,Gender,DateOfBirth,Email,PhoneNumber,City,State,Country,RegistrationDate,LoyaltyTier,IsActive
1,Udant,Sengupta,Male,1965-04-01,harinigala@example.org,0274652939,Jehanabad,Tamil Nadu,India,2024-12-18,Silver,True
2,Gaurang,Sandal,Female,1990-11-25,guneet29@example.com,02145493657,Uluberia,Maharashtra,India,2026-02-06,Bronze,True
3,Yashodhara,Bhagat,Male,1968-09-22,aurorayashawini@example.org,05908445363,Agartala,Maharashtra,India,2024-04-13,Silver,False
4,Chameli,Lall,Male,1982-05-23,simonshan@example.org,+918234114791,Amroha,Uttar Pradesh,India,2024-07-22,Silver,True
5,Deepa,Goel,Male,1978-11-08,anjalibali@example.net,3383068090,Kulti,West Bengal,India,2023-07-16,Bronze,True
6,Arin,Bhatt,Male,1971-02-16,parmerraghav@example.net,4790688447,Surendranagar Dudhrej,Rajasthan,India,2023-02-17,Bronze,False
7,Libni,Contractor,Male,1965-08-10,neel60@example.org,0498126867,Vijayawada,Rajasthan,India,2022-01-08,Gold,True
8,Hemani,Kannan,Male,1970-04-05,tpanchal@example.com,07925052804,Bhavnagar,Uttar Pradesh,India,2021-08-12,Silver,False
9,Chaaya,Gour,Male,2006-12-05,janujaganesh@example.net,6998009924,Rourkela,Gujarat,India,2021-12-23,Gold,True
10,Nathaniel,Sandal,Male,1956-11-21,gangulyvamakshi@example.net,03803964848,Kumbakonam,Karnataka,India,2024-09-02,Bronze,True
11,Jalsa,Tailor,Female,1991-04-04,advaydin@example.org,+913132823733,Hajipur,Karnataka,India,2026-04-30,Gold,True
12,Fitan,Rajan,Female,1968-10-02,bbaral@example.net,+919496604484,Davanagere,Gujarat,India,2026-07-06,Bronze,True
13,Henry,Sen,Male,1972-05-25,whayer@example.org,+915239386967,Rajpur Sonarpur,Rajasthan,India,2023-05-04,Bronze,True
14,Varenya,Char,Male,1977-06-13,samardayal@example.net,05230591560,Udupi,Tamil Nadu,India,2024-06-08,Silver,True
15,Diya,Dhar,Male,2005-10-26,ayushmannagi@example.org,+919569110135,Coimbatore,Uttar Pradesh,India,2025-09-17,Bronze,True
16,Leela,Samra,Female,1976-03-10,vkaur@example.org,+916283964353,Nellore,Maharashtra,India,2021-08-10,Bronze,True
17,Gaurangi,Koshy,Female,1956-04-21,elijah65@example.net,7707728406,Muzaffarpur,West Bengal,India,2025-03-01,Bronze,True
18,Omya,Yohannan,Female,1972-10-02,chanakya79@example.com,04368364991,Bally,Delhi,India,2026-05-13,Silver,False
19,Libni,Kumer,Female,1984-06-30,ngarg@example.org,03867303881,Warangal,Tamil Nadu,India,2025-04-18,Bronze,True
20,Widisha,Bahl,Female,1984-07-17,devaggarwal@example.com,+911289139570,Ozhukarai,West Bengal,India,2021-10-16,Gold,False
21,Chavvi,Soni,Female,1993-08-31,oshabandi@example.net,04311352624,Madanapalle,Delhi,India,2026-04-27,Platinum,True
22,Udyati,Batta,Female,1956-12-20,dadaanirudh@example.net,3447155542,Madhyamgram,Karnataka,India,2026-06-26,Silver,True
23,Chatura,Patel,Male,2005-09-23,chaman03@example.com,+910270454342,Gandhidham,Tamil Nadu,India,2022-02-21,Silver,False
24,Advik,Raju,Male,1972-11-01,udant48@example.com,05820976345,Bangalore,West Bengal,India,2025-09-26,Bronze,False
25,Ronith,Ghosh,Female,2000-02-18,keergauri@example.org,8451072158,Bathinda,Maharashtra,India,2023-06-28,Silver,True
26,Chaaya,Maharaj,Female,1968-12-13,singhalmadhav@example.org,6256517262,Haridwar,Rajasthan,India,2025-12-01,Bronze,False
27,Suhani,Parmar,Male,1966-03-10,suhani88@example.net,+913291156247,Bongaigaon,Uttar Pradesh,India,2021-09-16,Bronze,True
28,Tanveer,Ramaswamy,Male,2004-03-17,asura@example.com,9432513396,Kavali,Karnataka,India,2021-11-30,Gold,True
29,Bhavini,Sawhney,Male,1987-02-11,girikbose@example.org,4771341116,Ghaziabad,Tamil Nadu,India,2025-12-15,Bronze,True
30,Meera,Johal,Male,1993-02-10,rbasak@example.net,6521666702,Dhanbad,Rajasthan,India,2025-03-08,Bronze,True
31,Faris,Gour,Female,1958-05-18,nagylakshit@example.com,03810855059,Kochi,Gujarat,India,2025-06-23,Bronze,True
32,Mekhala,Dada,Male,1956-08-09,yadavikshita@example.org,00341599868,Sikar,Karnataka,India,2023-03-14,Silver,True
33,Lila,Rama,Male,2001-10-09,csane@example.com,03158422491,Patna,Tamil Nadu,India,2024-05-27,Silver,True
34,Januja,Sur,Female,1981-03-03,waidakoshy@example.com,02695094185,Thrissur,West Bengal,India,2025-09-19,Platinum,True
35,Owen,Peri,Female,1971-06-15,hemanggoswami@example.net,6320238449,Durgapur,West Bengal,India,2023-08-21,Platinum,True
36,Sathvik,Chakrabarti,Female,1983-08-06,deepa06@example.net,05968941704,Bhilwara,Uttar Pradesh,India,2022-12-05,Bronze,True
37,Wriddhish,Tandon,Male,2002-08-29,tripathiudant@example.net,05519841837,Shivpuri,Rajasthan,India,2024-09-14,Bronze,True
38,Varenya,Rajan,Male,1970-11-01,udyati24@example.com,08682792806,Thanjavur,Maharashtra,India,2022-01-13,Bronze,True
39,Aarav,Khosla,Male,2001-10-14,neelimaviswanathan@example.com,3264391875,Ludhiana,Karnataka,India,2023-04-15,Gold,True
40,Raagini,Chadha,Male,1995-03-26,aashi17@example.net,7783339588,Agartala,Delhi,India,2022-07-16,Bronze,False
41,Reyansh,Bal,Male,1986-12-04,kotapranit@example.net,03482742912,Pali,Tamil Nadu,India,2026-06-08,Silver,False
42,Patrick,Gopal,Male,2004-10-27,jayaramanaditya@example.org,05961197728,Malegaon,Uttar Pradesh,India,2025-08-27,Gold,True
43,Abha,Pal,Male,1990-12-13,skaul@example.org,+913479861892,Shahjahanpur,Karnataka,India,2026-06-27,Silver,True
44,Hardik,Chahal,Female,1976-04-25,ataneja@example.net,+919577437671,Bhubaneswar,West Bengal,India,2025-09-25,Bronze,True
45,Nimrat,Bali,Male,2004-12-23,biswasudant@example.com,3812894496,Thoothukudi,Maharashtra,India,2025-02-25,Bronze,True
46,Harrison,Kannan,Male,2000-04-03,ojas57@example.com,+910509857595,Dhule,Delhi,India,2021-11-09,Bronze,False
47,Warjas,Kala,Male,1985-12-09,warhirattan@example.net,0592780433,Sangli-Miraj & Kupwad,West Bengal,India,2022-09-28,Bronze,False
48,Ria,Chandran,Male,1962-01-04,ysoni@example.com,08053801848,Thane,Karnataka,India,2024-09-17,Bronze,True
49,Hemangini,Tripathi,Male,1957-06-23,hiral90@example.net,08841294959,Pallavaram,Maharashtra,India,2022-05-21,Platinum,True
50,Janani,Mishra,Male,1988-07-27,radhakrishnanindrajit@example.com,+916989721583,Arrah,West Bengal,India,2025-12-11,Bronze,True
51,Keya,Kohli,Female,1991-03-31,tanishraman@example.org,09275383991,Raiganj,Maharashtra,India,2023-09-30,Bronze,True
52,Gaurangi,Jain,Female,1983-08-09,sahotapranit@example.org,+917112936404,Panihati,Gujarat,India,2025-03-05,Gold,False
53,Veer,Garde,Female,1971-09-15,qushi13@example.com,+914894057342,Gulbarga,West Bengal,India,2023-10-25,Silver,False
54,Advika,Singh,Male,1969-07-29,rastogigagan@example.net,5171824378,Tiruppur,Delhi,India,2023-03-14,Bronze,True
55,Wyatt,Narain,Male,2005-10-08,gagankaur@example.com,00909494271,Machilipatnam,Rajasthan,India,2024-07-20,Bronze,False
56,Yagnesh,Mani,Male,1958-08-27,xchandra@example.net,4922049030,Khandwa,Maharashtra,India,2026-01-31,Platinum,True
57,Gaurangi,Majumdar,Male,1963-11-01,chaudhariindrajit@example.org,5101864281,Bulandshahr,Karnataka,India,2022-01-29,Silver,True
58,Rachana,Bhargava,Female,1975-09-15,kumardivya@example.org,+911569422185,Hindupur,Karnataka,India,2023-03-18,Gold,True
59,Lopa,Loke,Male,1984-10-05,uloke@example.net,5031268025,Baranagar,Karnataka,India,2023-11-17,Bronze,True
60,Faris,Bandi,Female,1986-02-27,xalak66@example.org,2127981108,Dharmavaram,Delhi,India,2025-08-01,Silver,True
61,Chakradhar,Das,Male,1982-10-14,lchanda@example.net,6461940979,Mumbai,Gujarat,India,2026-06-21,Bronze,True
62,Chakradhar,Jha,Female,1983-07-13,yahvi07@example.org,05240556453,Sambalpur,Rajasthan,India,2025-01-17,Gold,True
63,Manya,Sankar,Male,1985-03-30,azaan16@example.org,07897759750,Jorhat,Uttar Pradesh,India,2025-03-18,Silver,True
64,Kamala,Kumer,Male,1982-01-10,emistry@example.net,1479557900,Durg,Delhi,India,2021-12-20,Silver,True
65,Aashi,Toor,Female,1963-06-11,trivenidugar@example.net,6672033282,Muzaffarpur,Karnataka,India,2025-03-23,Gold,True
66,Sanaya,Vala,Female,1958-12-03,krishnakaul@example.net,04829456769,Akola,Tamil Nadu,India,2025-05-19,Bronze,True
67,Abdul,Chahal,Male,1979-01-03,wchatterjee@example.org,+918812094011,Jamnagar,Gujarat,India,2022-03-06,Gold,True
68,Idika,Mani,Male,1977-01-01,mangatgagan@example.org,7815759010,Ludhiana,Gujarat,India,2023-10-29,Bronze,True
69,Pavani,Lad,Male,1998-05-01,nidra14@example.org,+912662280544,Jammu,Gujarat,India,2022-04-10,Bronze,True
70,Ekansh,Ravel,Female,1957-04-09,krishbedi@example.org,+913368347647,Haridwar,Delhi,India,2025-03-11,Silver,True
71,William,Babu,Female,1987-11-07,brinda58@example.org,2420748962,Berhampur,Gujarat,India,2021-11-25,Gold,True
72,Nimrat,Swamy,Male,1956-03-18,kalayutika@example.net,0037756611,Ozhukarai,West Bengal,India,2023-11-05,Gold,True
73,Jyoti,Nazareth,Male,1969-07-22,balvandeo@example.com,06587730543,Alappuzha,Rajasthan,India,2022-10-03,Silver,True
74,Idika,Chawla,Male,2004-04-23,daraliam@example.net,+915214539418,Kakinada,Uttar Pradesh,India,2025-03-10,Silver,False
75,Christopher,Bajaj,Male,2003-06-06,qkannan@example.org,7601809984,Kolkata,Karnataka,India,2024-01-14,Bronze,True
76,Rachit,Mangat,Male,1964-06-14,rattikrishna@example.org,7769462019,Haldia,Rajasthan,India,2024-03-11,Silver,True
77,Harish,Madan,Female,1987-01-22,janujagulati@example.net,+919232674810,Unnao,Tamil Nadu,India,2025-01-12,Bronze,True
78,Mahika,Mohan,Male,1971-03-03,theodore27@example.com,+915794277001,Jalgaon,Rajasthan,India,2025-06-29,Bronze,True
79,Ucchal,Kunda,Male,2002-07-19,fradopau@example.com,7057039163,Mau,Rajasthan,India,2025-04-29,Silver,False
80,Jonathan,Vyas,Male,1999-05-28,janakiaggarwal@example.net,07967614968,Bhubaneswar,Delhi,India,2022-06-02,Gold,True
81,Sneha,Mane,Female,1992-03-16,isibal@example.com,04859646421,Katni,Maharashtra,India,2021-09-30,Bronze,True
82,Ikbal,Sandal,Female,1958-07-26,george44@example.net,+917417903345,Fatehpur,Delhi,India,2026-06-09,Bronze,True
83,Reyansh,Kalita,Female,1978-05-08,ramanudant@example.org,4841784745,Hubli–Dharwad,Maharashtra,India,2026-05-31,Gold,True
84,Nisha,Anne,Male,1969-03-13,laljackson@example.net,+910698000076,Nashik,Uttar Pradesh,India,2023-09-09,Bronze,True
85,Gavin,Raj,Male,2006-06-21,ikashyap@example.net,+918127192406,Vijayawada,Maharashtra,India,2022-01-13,Silver,False
86,Rayaan,Krishna,Female,2003-06-29,gavinkohli@example.com,1209236522,Singrauli,Gujarat,India,2023-05-11,Gold,True
87,Vansha,Radhakrishnan,Female,1966-05-18,vanya70@example.net,+918420598033,Udupi,West Bengal,India,2025-05-19,Silver,True
88,Garima,Anne,Male,1972-12-10,rohanmammen@example.org,5122261178,Surendranagar Dudhrej,Karnataka,India,2021-10-10,Gold,True
89,Diya,Mody,Male,1971-04-01,kantmatthew@example.org,9920908513,Tiruvottiyur,Gujarat,India,2023-02-24,Bronze,False
90,Andrew,Dhingra,Female,1962-08-18,aayushkrish@example.com,05042975495,Imphal,Rajasthan,India,2025-02-09,Bronze,True
91,Mohammed,Ramaswamy,Female,2001-01-30,kashish59@example.com,+911086139886,Proddatur,Delhi,India,2025-08-29,Bronze,False
92,Girindra,Deshmukh,Male,1995-01-15,rajeshri27@example.net,+913150426372,Karaikudi,Delhi,India,2026-06-06,Bronze,True
93,Ganga,Rout,Female,1991-10-29,lipikaparmar@example.com,+917039466914,Sasaram,Rajasthan,India,2022-02-01,Silver,True
94,Krisha,Viswanathan,Female,1956-06-04,atharv41@example.net,9977445197,Nangloi Jat,Gujarat,India,2022-10-13,Silver,True
95,Abhiram,Mannan,Female,1997-07-02,dalajaborah@example.net,+910580478789,Anantapur,Gujarat,India,2024-01-26,Silver,True
96,Riya,Buch,Female,1995-05-01,pushti64@example.com,+912232674957,Bikaner,West Bengal,India,2024-11-09,Silver,True
97,Aachal,Mammen,Female,1999-12-31,narayanjeevika@example.com,+910397733424,Indore,West Bengal,India,2024-08-15,Silver,True
98,Udant,Kari,Female,1976-08-30,dtara@example.com,02168513126,Machilipatnam,Gujarat,India,2023-01-21,Bronze,True
99,Bakhshi,Khalsa,Female,1972-02-05,vartyyoshita@example.org,1986871418,Gulbarga,Uttar Pradesh,India,2026-03-05,Bronze,True
100,Harish,Sandal,Female,1996-06-05,parthdhar@example.org,+915822823413,Jammu,Tamil Nadu,India,2024-01-28,Silver,True
101,Pavani,Lal,Female,1988-11-10,tuppal@example.com,3170698970,Karimnagar,Karnataka,India,2025-08-21,Gold,True
102,Qadim,Parekh,Female,1984-11-23,kevin82@example.com,+916642222299,Bhind,Delhi,India,2024-03-01,Gold,True
103,Bachittar,Dhaliwal,Male,2004-09-26,tnarula@example.com,6058749612,Nandyal,Maharashtra,India,2026-04-25,Bronze,False
104,Ayushman,Sachdeva,Male,1969-01-29,aroraaarush@example.com,0845835430,Srinagar,Uttar Pradesh,India,2021-11-01,Bronze,True
105,Libni,Natt,Female,1971-06-19,bhavyabanik@example.net,9232761920,Bhiwandi,Uttar Pradesh,India,2022-05-12,Bronze,True
106,Chakradhar,Dewan,Male,1963-08-24,falguni08@example.net,03010089249,Chittoor,Karnataka,India,2024-11-20,Silver,True
107,Shravya,Khanna,Male,1976-08-14,wnadig@example.org,4328488198,Jaipur,Uttar Pradesh,India,2023-05-01,Bronze,True
108,Gaurika,Randhawa,Male,1976-01-20,comarrajeshri@example.com,+911168212060,Arrah,Uttar Pradesh,India,2021-09-07,Bronze,False
109,Chatresh,Barman,Female,1969-09-22,unadkarni@example.com,+910045415074,Kirari Suleman Nagar,Uttar Pradesh,India,2024-05-09,Silver,False
110,Abhiram,Upadhyay,Female,1983-02-21,haldertanay@example.org,6182071380,Pondicherry,Tamil Nadu,India,2023-07-08,Silver,False
111,Utkarsh,Bir,Female,1980-04-27,uiyengar@example.com,05069431982,Bhiwani,Gujarat,India,2023-10-04,Silver,True
112,Upadhriti,Bala,Female,1990-07-27,daraanya@example.net,06057186008,Varanasi,Delhi,India,2023-01-24,Bronze,True
113,Sachi,Basak,Female,1982-12-22,ddugar@example.org,02025839124,Ujjain,Delhi,India,2023-08-12,Bronze,True
114,Siddharth,Wali,Male,1980-12-20,singhalvincent@example.net,+911056939730,Tirupati,Tamil Nadu,India,2024-07-19,Bronze,False
115,Ekaraj,Kumer,Male,2002-02-13,agateekaja@example.net,+919998911960,Rewa,Delhi,India,2021-10-19,Bronze,False
116,Chandani,Subramanian,Female,1993-05-29,vidhi54@example.org,07307809142,Udaipur,Uttar Pradesh,India,2025-03-15,Bronze,True
117,Reyansh,Kade,Female,1989-11-01,utella@example.net,+913268114546,Alwar,West Bengal,India,2026-02-10,Gold,True
118,Vansha,Kamdar,Female,2007-12-29,norionkar@example.com,03052456004,Ajmer,Uttar Pradesh,India,2025-11-20,Bronze,True
119,Kalpit,Sachdeva,Female,1976-02-19,frederick06@example.org,+916816607413,Visakhapatnam,West Bengal,India,2023-05-14,Gold,False
120,Yachana,Sharma,Male,1979-03-13,bhattacharyyadakshesh@example.com,+913875533046,Tiruchirappalli,Uttar Pradesh,India,2024-12-11,Bronze,False
121,Brinda,Balan,Female,1998-12-29,gargira@example.org,8198772523,Karnal,Maharashtra,India,2024-07-16,Bronze,False
122,Robert,Varkey,Male,1996-02-25,rpanchal@example.com,1245533422,Amravati,Uttar Pradesh,India,2022-06-09,Gold,True
123,Karan,Rajagopalan,Female,2003-04-01,vamakshiarya@example.com,09940853902,Jamalpur,Maharashtra,India,2024-04-28,Bronze,False
124,Aachal,Vyas,Male,1960-06-28,wvenkataraman@example.org,+911914275172,Bihar Sharif,Uttar Pradesh,India,2024-02-19,Bronze,True
125,Aadhya,Dugar,Female,1989-10-28,tanish85@example.com,+910996527036,Rourkela,Rajasthan,India,2022-03-16,Bronze,True
126,Gaurang,Vyas,Female,2004-03-27,majumdarvinaya@example.com,+919239905488,Jehanabad,West Bengal,India,2023-12-01,Bronze,False
127,Hiral,Sem,Female,1997-01-04,erege@example.net,07087406594,Bardhaman,Karnataka,India,2022-09-24,Bronze,True
128,Niharika,Seshadri,Female,2001-01-07,krishanagar@example.org,1219035471,Bhind,Delhi,India,2026-01-04,Silver,True
129,Januja,Mahal,Male,2007-09-01,vohrachampak@example.net,4701764325,Sasaram,Delhi,India,2025-11-21,Bronze,True
130,Krishna,Chandra,Male,1955-11-24,gchhabra@example.org,+911429693613,Dharmavaram,Delhi,India,2024-03-26,Bronze,True
131,Manya,Saha,Male,2005-04-18,kkeer@example.org,3107374234,Jorhat,Uttar Pradesh,India,2022-12-27,Silver,True
132,Urvashi,Kamdar,Male,1980-01-26,thamanyashasvi@example.org,6673037425,Bellary,Karnataka,India,2023-06-03,Silver,True
133,Yoshita,Dasgupta,Female,1977-12-31,chavvinath@example.com,+911607327072,Panipat,Karnataka,India,2025-11-10,Silver,True
134,Osha,Kala,Female,1964-05-05,janujakothari@example.org,05873553804,Nadiad,West Bengal,India,2024-04-20,Gold,True
135,Tarak,Raj,Male,1965-03-21,lbatra@example.net,+917877219703,Rajpur Sonarpur,Delhi,India,2024-12-16,Bronze,True
136,Isha,Aggarwal,Male,1985-07-30,ysarna@example.com,+916302187730,Bhagalpur,Maharashtra,India,2023-08-08,Bronze,False
137,Ekalinga,Doctor,Female,1965-04-01,bhaktaneha@example.com,+912432337485,Coimbatore,Karnataka,India,2024-04-29,Silver,True
138,Vincent,Choudhry,Male,2004-08-15,magarsarthak@example.com,+912713272307,Mangalore,West Bengal,India,2022-09-27,Gold,True
139,Ucchal,Tandon,Female,2000-07-29,jdash@example.com,+910906506546,Meerut,Rajasthan,India,2025-12-22,Silver,False
140,Ojas,Nagar,Male,1977-04-06,perichakradhar@example.org,+916544216730,Kavali,West Bengal,India,2025-04-13,Bronze,True
141,Gaurang,Ratta,Female,1965-01-05,bhavani39@example.com,+916460660220,Kolhapur,Uttar Pradesh,India,2025-12-29,Bronze,True
142,Warinder,Sachar,Female,1972-02-24,solankichasmum@example.net,8183344559,Motihari,Delhi,India,2025-02-28,Gold,True
143,Xavier,Rajagopal,Female,1959-04-10,ayushman65@example.com,06327353378,Hapur,Uttar Pradesh,India,2022-12-05,Bronze,False
144,Hitesh,Deo,Female,1990-08-01,agatenoah@example.com,+918886356028,Darbhanga,Rajasthan,India,2024-01-15,Bronze,True
145,Keya,Lal,Male,2002-06-14,shankerunnati@example.org,+919884876990,Bilaspur,Uttar Pradesh,India,2021-08-20,Bronze,True
146,Ojasvi,Palla,Female,1980-02-24,aryavasatika@example.com,+919740240430,Moradabad,Gujarat,India,2025-06-18,Gold,True
147,Darika,Chaudhry,Male,2002-11-12,joshuaray@example.org,+918512300222,Serampore,Delhi,India,2023-03-21,Bronze,False
148,Om,Dave,Female,2005-07-21,aahanabir@example.net,8833926579,Kalyan-Dombivli,Delhi,India,2022-02-08,Silver,False
149,Jeet,Kumer,Female,1984-08-17,harrisonmittal@example.org,1463283061,Singrauli,Maharashtra,India,2022-10-18,Bronze,True
150,Unnati,Raju,Female,2008-04-30,gardeniharika@example.net,+913296125037,Satara,Delhi,India,2022-07-04,Bronze,True
151,Janya,Sandhu,Female,1969-04-02,naveenkale@example.org,+916432301922,Sirsa,Rajasthan,India,2026-04-29,Bronze,True
152,Bhavani,Dixit,Female,1967-02-07,lnarayan@example.net,8778718660,Madurai,Uttar Pradesh,India,2025-01-10,Bronze,True
153,Wakeeta,Narang,Male,1993-07-06,nimrat66@example.net,+915443236360,Jabalpur,Karnataka,India,2021-12-10,Silver,True
154,Qasim,Memon,Male,2001-07-07,wmukhopadhyay@example.net,02286456765,Nagercoil,Tamil Nadu,India,2024-04-10,Bronze,False
155,Qarin,Solanki,Female,1957-10-07,azad75@example.com,+915940572497,Mahbubnagar,Gujarat,India,2025-06-12,Platinum,True
156,Yagnesh,Dey,Female,1977-07-04,wlal@example.net,+910650532007,Noida,Delhi,India,2023-07-30,Bronze,True
157,Yamini,Thakur,Male,2001-10-11,adyamammen@example.net,3539414942,Ambattur,Tamil Nadu,India,2021-09-05,Bronze,True
158,Chatresh,Sekhon,Female,1997-01-23,dateharshil@example.org,+915762228084,Arrah,Tamil Nadu,India,2021-09-11,Silver,False
159,Odika,Cheema,Male,1967-06-23,badalwridesh@example.com,8197164816,Tiruchirappalli,Maharashtra,India,2022-07-27,Silver,False
160,Anmol,Naidu,Female,1975-07-23,jason94@example.com,+912044803355,Rajpur Sonarpur,Uttar Pradesh,India,2026-02-02,Bronze,True
161,Benjamin,Thakkar,Female,1995-08-02,rachita40@example.org,0465387254,Khammam,Uttar Pradesh,India,2022-12-09,Bronze,True
162,Jyoti,Chatterjee,Female,1994-02-09,spai@example.org,6731196551,Shivpuri,Uttar Pradesh,India,2025-03-11,Bronze,True
163,Jagdish,Bhatti,Male,1973-08-14,gangakanda@example.org,07713811687,Jamshedpur,Tamil Nadu,India,2022-02-24,Gold,True
164,Vedant,Dugar,Male,1972-08-01,lipikaram@example.net,04057583795,Belgaum,Delhi,India,2021-11-03,Bronze,False
165,Geetika,Murthy,Male,1959-08-31,shereadya@example.net,+912607595794,Gandhinagar,West Bengal,India,2023-04-11,Bronze,False
166,Nilima,Kulkarni,Female,1995-01-29,fitan58@example.org,+914901130507,Korba,West Bengal,India,2022-07-25,Bronze,True
167,Tamanna,Dalal,Male,1980-11-12,ekta19@example.net,04060501939,Tirupati,Delhi,India,2023-10-09,Silver,True
168,Ridhi,Wali,Male,1975-04-24,nikitachand@example.org,8994717364,Chittoor,Tamil Nadu,India,2022-09-19,Bronze,True
169,Tarak,Kala,Male,1995-05-30,janyakrish@example.net,+918362279422,Thrissur,Maharashtra,India,2023-02-15,Bronze,False
170,Tara,Bava,Female,1972-04-20,henrysachar@example.net,1866066138,Bikaner,Maharashtra,India,2024-08-05,Bronze,True
171,Arin,Bail,Female,1982-08-14,charoni@example.org,5672669342,Solapur,Karnataka,India,2025-01-27,Silver,True
172,Daksh,Sen,Male,2001-06-16,radhika69@example.org,+918372793471,Ahmednagar,West Bengal,India,2022-02-26,Bronze,True
173,Wishi,Prashad,Male,1986-10-26,omajadevan@example.org,4732469509,Saharsa,Gujarat,India,2023-05-20,Gold,True
174,Andrew,Narang,Male,1975-04-18,liam72@example.org,09596480299,Loni,Tamil Nadu,India,2024-01-29,Silver,True
175,Bishakha,Bawa,Female,1980-11-28,wmody@example.com,+914055857367,Barasat,Karnataka,India,2025-04-21,Bronze,True
176,Indali,Kohli,Female,1962-03-06,fdhillon@example.net,06870446298,Bahraich,Gujarat,India,2025-04-11,Silver,False
177,Champak,Mani,Female,1967-09-03,oeshi91@example.com,+918414945457,Hyderabad,Karnataka,India,2023-07-08,Silver,False
178,Tara,Murty,Female,1957-02-16,dhritibal@example.net,6355419901,Hubli–Dharwad,Gujarat,India,2022-02-05,Bronze,True
179,Bhanumati,Barman,Male,2005-02-26,tooridika@example.com,+910439605496,Kumbakonam,Gujarat,India,2022-06-25,Silver,True
180,Yuvraj,Chaudhry,Female,1975-09-16,raghavbarad@example.net,6190871571,Tiruppur,Uttar Pradesh,India,2025-08-11,Gold,True
181,Hemang,Sachdeva,Female,1973-05-18,qvyas@example.org,+917745424302,Bardhaman,Uttar Pradesh,India,2024-09-09,Platinum,False
182,Wyatt,Divan,Female,1999-08-26,uchauhan@example.org,+913802620533,Rajkot,West Bengal,India,2023-01-29,Bronze,True
183,Abdul,Mohan,Male,1992-09-04,vpatla@example.com,06780354776,Rohtak,Rajasthan,India,2026-03-25,Bronze,False
184,Naveen,Ray,Female,1958-03-08,xbasak@example.com,+915798405988,Jaunpur,West Bengal,India,2026-06-09,Gold,True
185,Balveer,Badal,Female,1972-07-24,ozanoah@example.org,09815951875,Faridabad,Karnataka,India,2021-09-02,Bronze,True
186,Darika,Basak,Male,2000-10-19,kaurjanaki@example.com,08697167797,Vasai-Virar,West Bengal,India,2023-12-26,Gold,True
187,Dayamai,Rama,Female,1956-11-27,vedhikashanker@example.net,02658134521,Tadepalligudem,West Bengal,India,2025-01-30,Bronze,True
188,Hitesh,Narula,Female,2005-09-28,girishmanne@example.com,01023695080,Ajmer,Uttar Pradesh,India,2022-01-02,Silver,True
189,Zaid,Walla,Female,1971-07-03,wadhwasiya@example.org,01130464331,Jamnagar,Tamil Nadu,India,2025-04-13,Gold,False
190,Samesh,Joshi,Female,1962-02-19,bhatianidhi@example.org,+918528110174,Arrah,Karnataka,India,2022-03-16,Bronze,True
191,Wridesh,Shan,Male,1967-10-04,aahanasodhi@example.net,07833867012,Dhule,Gujarat,India,2024-08-10,Silver,False
192,Matthew,Warrior,Male,1978-12-12,hsabharwal@example.org,02798526431,Muzaffarnagar,Delhi,India,2022-11-06,Platinum,True
193,Vritti,Wable,Female,1967-04-14,rbasak@example.com,+915710850685,Bhalswa Jahangir Pur,Karnataka,India,2023-12-02,Silver,True
194,Charita,Bose,Female,1961-01-16,palneha@example.org,9046610064,Morbi,Gujarat,India,2026-03-10,Silver,True
195,Lohit,Mann,Female,2001-01-31,rsant@example.net,+916369101813,Jaunpur,Uttar Pradesh,India,2023-04-10,Platinum,True
196,Pavani,Balasubramanian,Female,1989-11-16,qhora@example.net,06600306920,Khora ,Tamil Nadu,India,2024-02-09,Bronze,True
197,Tristan,Butala,Male,2002-01-24,vbasu@example.com,7078991376,Bhavnagar,Gujarat,India,2022-10-25,Silver,False
198,Nidra,Naik,Female,2007-08-02,dewanyug@example.org,08892587321,Patiala,Gujarat,India,2022-10-28,Gold,True
199,Tanvi,Gola,Female,2007-11-12,lajita60@example.org,6511710392,Anand,Uttar Pradesh,India,2023-10-06,Gold,False
200,Upma,Kakar,Female,1972-03-21,bchakraborty@example.com,2079120387,Ramgarh,Rajasthan,India,2022-09-03,Bronze,False
201,Yochana,Borah,Female,1981-12-27,deshpandeoviya@example.org,4211464974,Nangloi Jat,Rajasthan,India,2023-09-18,Gold,True
202,Raghav,Morar,Female,1972-10-02,krishisha@example.org,+911111275474,Tezpur,Delhi,India,2021-09-16,Gold,False
203,Gauri,Pillai,Male,1980-06-29,krishnamadan@example.com,00859139997,Jorhat,Rajasthan,India,2023-12-03,Silver,False
204,Falguni,Handa,Female,1998-06-03,nikitacherian@example.net,+915490151124,Khammam,Tamil Nadu,India,2021-09-22,Bronze,True
205,Upasna,Kunda,Male,1962-09-04,zraghavan@example.net,08198272723,Sangli-Miraj & Kupwad,Rajasthan,India,2025-01-09,Gold,False
206,Mohammed,Puri,Male,1982-05-02,vinaya92@example.com,09207689432,Durg,Uttar Pradesh,India,2025-01-13,Bronze,True
207,Hemani,Lata,Female,1980-08-25,ksethi@example.net,+910075653470,Thrissur,Tamil Nadu,India,2024-02-04,Bronze,True
208,Shaurya,Parikh,Female,1973-01-24,dayitapal@example.org,+910753981228,Asansol,West Bengal,India,2023-08-23,Silver,True
209,Unni,Kapoor,Female,1958-06-06,khoslaekbal@example.org,+911091694587,South Dumdum,Rajasthan,India,2023-11-17,Silver,False
210,Jeremiah,Dave,Male,2008-02-22,fkurian@example.com,06400296040,Rampur,Karnataka,India,2022-09-17,Bronze,True
211,Yatan,Gade,Male,1990-11-17,advaydara@example.net,+919180624712,Farrukhabad,Karnataka,India,2022-04-03,Bronze,True
212,Vrinda,Korpal,Male,1975-12-03,xavierdevi@example.com,3870112768,Pimpri-Chinchwad,Uttar Pradesh,India,2026-04-27,Bronze,True
213,Triveni,Shankar,Male,1992-03-04,aahana42@example.com,+913684810246,Sri Ganganagar,Maharashtra,India,2025-08-04,Bronze,True
214,Maanav,Lad,Female,1974-09-18,robertthaker@example.org,+914362135836,Pallavaram,Rajasthan,India,2023-02-06,Bronze,True
215,Oeshi,Hayer,Male,1975-08-19,xdevan@example.com,07319506450,Imphal,West Bengal,India,2024-12-01,Silver,True
216,Sarthak,Ratta,Male,2008-05-24,chackoanika@example.org,+912817840490,Bhimavaram,Tamil Nadu,India,2021-12-15,Bronze,False
217,Om,Bandi,Male,1968-03-14,shivanikanda@example.org,+913351396548,Raebareli,Uttar Pradesh,India,2023-03-12,Gold,True
218,Pranav,Kulkarni,Male,1981-01-27,raugauri@example.net,07631933372,Rampur,Uttar Pradesh,India,2022-11-29,Silver,False
219,Chatresh,Singh,Female,1987-07-21,sathvik68@example.org,00466384242,Kulti,Maharashtra,India,2026-04-15,Gold,False
220,Dominic,Apte,Female,2001-05-07,pillaijagdish@example.com,+919978530126,Tirupati,Tamil Nadu,India,2023-07-23,Bronze,True
221,Indrajit,Patla,Female,1967-07-08,yashasvi17@example.org,+913987435115,Bathinda,West Bengal,India,2023-04-18,Silver,False
222,Aditya,Golla,Female,1997-08-16,bakhshi64@example.net,+910110911108,Baranagar,Delhi,India,2026-05-08,Platinum,False
223,Ucchal,Sehgal,Male,2003-06-18,boasealexander@example.com,8481013231,Siliguri,Delhi,India,2021-09-20,Bronze,True
224,Sai,Kulkarni,Female,1993-01-23,harinakshidani@example.net,08183785448,Bihar Sharif,Gujarat,India,2025-02-07,Bronze,False
225,Gaurangi,Sodhi,Female,1997-04-09,prashadazaan@example.net,+917975307588,Jalgaon,Maharashtra,India,2021-09-08,Silver,True
226,Kevin,Keer,Female,1993-06-13,gnatarajan@example.org,01894449334,Rajpur Sonarpur,Gujarat,India,2023-04-15,Silver,True
227,Megha,Borah,Female,1971-05-07,batrayachana@example.com,+916454414952,Delhi,Delhi,India,2024-10-09,Silver,True
228,Pallavi,Khare,Male,1999-07-20,ramakrishnanucchal@example.net,+913010686975,Kirari Suleman Nagar,Karnataka,India,2026-07-24,Gold,True
229,Tripti,Kuruvilla,Female,1964-03-21,unnidey@example.org,03032613113,Bhatpara,Uttar Pradesh,India,2025-11-03,Bronze,True
230,Gautami,Ahuja,Male,1955-10-17,nidrabadami@example.org,+911304921150,Rajahmundry,Karnataka,India,2025-04-08,Gold,True
231,Amaira,Char,Female,1995-01-07,ggoda@example.org,+919176343105,Baranagar,Tamil Nadu,India,2022-07-08,Bronze,True
232,Vyanjana,Din,Female,2004-04-10,shahvarsha@example.net,09080946456,Mumbai,Tamil Nadu,India,2023-02-17,Bronze,False
233,Upkaar,Palla,Female,1995-02-01,pmangal@example.com,+917418704838,Rourkela,Rajasthan,India,2021-09-10,Gold,False
234,Matthew,Palan,Male,2002-10-27,netra65@example.net,+914274400757,Chapra,Tamil Nadu,India,2023-09-26,Silver,True
235,Aarav,Raj,Female,1966-08-24,charvibhardwaj@example.com,09233561921,Uluberia,Rajasthan,India,2021-10-09,Bronze,False
236,Hemangini,Thakkar,Male,1976-09-07,deshpandejai@example.com,9027179276,Bhatpara,Gujarat,India,2022-09-22,Silver,False
237,Anika,Bandi,Female,2001-11-23,cprasad@example.com,04236890301,Tiruppur,Gujarat,India,2021-10-28,Silver,True
238,Tanish,Chanda,Male,1956-12-09,frajagopal@example.net,4317068977,Berhampore,Delhi,India,2021-09-19,Bronze,True
239,Abhiram,Murthy,Male,1981-01-08,dmannan@example.org,+914238974312,Sri Ganganagar,Karnataka,India,2022-01-10,Silver,False
240,Eta,Bhalla,Female,2007-01-08,gunbir22@example.net,+914990008843,Surat,West Bengal,India,2026-02-06,Bronze,True
241,Neel,Thaker,Male,1960-02-13,sehgalfaraj@example.com,+916601492549,Bhimavaram,Gujarat,India,2023-06-04,Platinum,True
242,Samaksh,Nayar,Male,1975-10-13,nilima66@example.net,09197028642,Rohtak,Delhi,India,2023-10-15,Gold,True
243,Yagnesh,Wagle,Female,1979-11-20,balendrasoni@example.com,+918443009719,Orai,Uttar Pradesh,India,2023-09-20,Bronze,False
244,Farhan,Iyengar,Male,2000-01-19,gautamkakar@example.org,07573455820,Tiruppur,West Bengal,India,2024-08-03,Silver,False
245,Abha,Gera,Female,1962-05-11,anigam@example.com,06440435520,Alappuzha,Gujarat,India,2022-08-03,Bronze,True
246,Amrita,Doctor,Male,1989-04-28,zehaan65@example.net,+916759282088,Jalandhar,Uttar Pradesh,India,2024-04-01,Bronze,True
247,Samarth,Sule,Female,2001-08-25,vrittirastogi@example.net,+916179746717,Rajpur Sonarpur,Karnataka,India,2026-03-10,Platinum,True
248,Falguni,Parsa,Female,2007-06-19,ngera@example.net,00545834713,Durgapur,Maharashtra,India,2024-05-18,Bronze,True
249,Samaksh,Soni,Male,1979-04-13,leela02@example.org,0653355501,Gorakhpur,Uttar Pradesh,India,2022-03-30,Bronze,True
250,Jeremiah,Kala,Male,2007-11-22,jagdishbedi@example.net,7146773703,Karimnagar,Maharashtra,India,2025-12-06,Silver,True
251,Qasim,Khalsa,Male,1962-06-10,noahkaur@example.com,1021983163,Vasai-Virar,Delhi,India,2024-08-13,Bronze,True
252,Neha,Bala,Male,1977-10-04,ravelhiral@example.net,00201317506,Gaya,Delhi,India,2026-05-10,Bronze,True
253,Chandran,Dixit,Male,1986-04-25,butalasamarth@example.net,02975187458,Thanjavur,Gujarat,India,2024-12-09,Gold,True
254,Pahal,Mangat,Male,2003-02-18,qbhasin@example.org,+911028143211,Bellary,Gujarat,India,2026-03-14,Silver,True
255,Zinal,Sidhu,Male,1986-09-18,manan78@example.net,0533556708,Ratlam,Tamil Nadu,India,2023-01-15,Bronze,True
256,Mohammed,Deshmukh,Female,1964-07-06,qvala@example.net,4462379087,Davanagere,Maharashtra,India,2023-09-29,Bronze,True
257,Turvi,Agarwal,Male,1999-12-25,vanya20@example.com,4380594060,Warangal,West Bengal,India,2023-02-25,Silver,True
258,Urishilla,Dhingra,Female,1977-03-16,adyachacko@example.org,8983616431,Anand,Uttar Pradesh,India,2021-08-12,Silver,True
259,Lavanya,Basak,Female,1997-09-08,oviya03@example.net,+912537051929,Guntakal,Delhi,India,2023-03-17,Gold,True
260,Anika,Sinha,Female,1992-05-15,rehaan99@example.org,+917642378039,Phusro,Uttar Pradesh,India,2023-08-23,Silver,True
261,Anusha,Subramaniam,Male,1980-10-06,deyranveer@example.net,9438176940,Siliguri,Uttar Pradesh,India,2023-07-22,Gold,False
262,Faras,Sarma,Male,1991-03-21,ishwar54@example.com,+915614512901,Durgapur,Uttar Pradesh,India,2024-02-11,Silver,False
263,Ladli,Mallick,Male,1984-04-23,charitaborra@example.com,1244025397,Ambattur,Karnataka,India,2024-04-02,Bronze,True
264,Naveen,Chander,Male,1959-04-23,vsur@example.com,9239656125,Kollam,Tamil Nadu,India,2022-04-15,Bronze,True
265,Abdul,Sampath,Female,1998-01-24,mbose@example.org,00250502777,Indore,Gujarat,India,2023-08-29,Bronze,False
266,Aarna,Cheema,Male,1984-07-29,agrawalabeer@example.net,+913502131529,Madhyamgram,Karnataka,India,2021-11-02,Gold,True
267,Chaitaly,Agrawal,Female,1959-01-28,vinayathaker@example.net,8332308108,Sultan Pur Majra,Uttar Pradesh,India,2024-06-08,Gold,False
268,Maya,Patil,Female,1992-10-14,tanay58@example.com,01813027136,Parbhani,Uttar Pradesh,India,2024-11-15,Bronze,True
269,Brijesh,Sachdev,Female,2008-06-13,bahadurjitkala@example.net,01164785092,Kulti,West Bengal,India,2026-01-02,Bronze,True
270,Pooja,Mohanty,Female,1990-04-22,ekavirbhatnagar@example.com,+911193834153,Uluberia,Tamil Nadu,India,2025-04-25,Silver,False
271,Lohit,Wali,Male,1992-02-23,ekajagill@example.net,+911834262263,Nagpur,Karnataka,India,2023-02-20,Gold,True
272,Gabriel,Grover,Female,1984-08-09,noahde@example.com,8611622338,Sangli-Miraj & Kupwad,Karnataka,India,2023-11-03,Silver,True
273,Arunima,Batta,Male,1977-08-26,prisha57@example.com,+917089845009,Bongaigaon,Maharashtra,India,2023-07-12,Silver,True
274,Vedika,Nagi,Male,1979-07-26,liam17@example.com,+911617570439,Aligarh,West Bengal,India,2026-01-25,Bronze,False
275,Sanya,Babu,Male,1996-03-04,sharmaaarna@example.net,3042541665,Saharanpur,Gujarat,India,2026-01-14,Silver,True
276,Raagini,Vig,Male,2001-03-03,baralkavya@example.net,2923228040,Cuttack,Delhi,India,2024-08-28,Bronze,False
277,Veda,Raghavan,Male,1988-03-11,xpatil@example.net,+913937106084,Bathinda,Karnataka,India,2023-03-31,Bronze,True
278,Azad,Menon,Male,2001-06-24,dhritirout@example.org,01364857250,Hindupur,Gujarat,India,2025-11-14,Silver,False
279,Owen,Chand,Male,1996-09-19,warjas97@example.net,0821673904,Amaravati,Gujarat,India,2023-10-08,Bronze,True
280,Zinal,Doctor,Female,1959-05-24,yashasvi81@example.net,1112168029,Tiruchirappalli,Rajasthan,India,2023-04-29,Bronze,True
281,Chakradhar,Narain,Male,1991-04-15,amritanadig@example.net,+916177618224,Faridabad,West Bengal,India,2025-10-18,Bronze,True
282,Tara,Magar,Male,2003-08-13,warhimital@example.net,+911238820117,Bettiah,Delhi,India,2021-12-31,Bronze,False
283,Avi,Shan,Female,1964-09-09,sanyadin@example.com,03148401304,Sasaram,Tamil Nadu,India,2025-05-21,Bronze,True
284,Leena,Lad,Male,1988-10-18,abeer28@example.org,03006204502,Jaipur,Maharashtra,India,2024-10-08,Bronze,True
285,Hamsini,Tripathi,Male,1997-08-21,darpan22@example.net,+917759889620,Morbi,Gujarat,India,2022-08-26,Bronze,False
286,Warhi,Dhar,Female,1992-03-02,barkhavaidya@example.org,6763533871,Burhanpur,Uttar Pradesh,India,2024-09-13,Bronze,True
287,Mitesh,Jani,Male,1963-12-20,nazarethhamsini@example.org,07951935968,Udupi,Rajasthan,India,2022-03-12,Bronze,True
288,Zaitra,Mital,Female,1986-10-10,pnarula@example.com,07684329272,Sikar,Gujarat,India,2022-07-17,Bronze,False
289,Champak,Swamy,Male,1982-02-22,zsahni@example.net,0032974341,Latur,Maharashtra,India,2024-10-06,Bronze,True
290,Luke,Patel,Male,1984-12-27,vasudha57@example.com,06668089721,Munger,Gujarat,India,2025-10-26,Bronze,True
291,Dalaja,Rout,Male,2005-09-24,jjoshi@example.org,1935203169,Aurangabad,Uttar Pradesh,India,2023-02-02,Silver,True
292,Isha,Kapur,Male,1997-03-13,aptetanvi@example.net,+917939861362,Ambala,West Bengal,India,2022-09-19,Silver,True
293,Ekaja,Choudhry,Female,1983-01-23,paitejas@example.com,+910188388232,Bhubaneswar,Karnataka,India,2025-04-16,Bronze,True
294,Leela,Bhalla,Female,1980-04-24,bkale@example.net,+917132210463,Kolhapur,Maharashtra,India,2024-04-29,Bronze,True
295,Brijesh,Khalsa,Female,1962-01-16,balaymason@example.net,+919844628031,Ludhiana,West Bengal,India,2022-08-26,Silver,False
296,Darsh,Upadhyay,Female,1962-04-08,nsarna@example.org,01006000996,Davanagere,Karnataka,India,2023-02-27,Bronze,True
297,Irya,Bhalla,Male,1965-11-20,geetikasama@example.net,4801187229,Sagar,Uttar Pradesh,India,2021-09-28,Gold,True
298,Gaurav,Swamy,Male,1956-07-10,peter39@example.net,04884901278,Dewas,West Bengal,India,2023-04-14,Gold,True
299,Reva,Mangat,Female,1992-09-04,nmandal@example.net,3275158077,Dharmavaram,West Bengal,India,2021-12-15,Silver,False
300,Finn,Goswami,Female,1967-02-11,jlala@example.com,+919931857455,Baranagar,Rajasthan,India,2023-01-29,Bronze,True
301,Januja,Dar,Male,1965-01-04,chakradhar25@example.org,4677920103,Bidhannagar,Karnataka,India,2026-04-20,Silver,True
302,Jason,Subramaniam,Female,2003-10-19,ishita07@example.com,03610278458,Kochi,Rajasthan,India,2024-04-16,Silver,True
303,Osha,Manda,Male,1996-12-17,bhasinodika@example.net,+912888981768,Ambala,Karnataka,India,2026-04-17,Bronze,True
304,Arin,Sandhu,Male,1982-02-05,raghavnigam@example.net,03949773782,Jodhpur,Tamil Nadu,India,2024-11-18,Silver,True
305,Matthew,Wali,Male,1988-07-21,hborde@example.net,01330351074,Ahmedabad,Uttar Pradesh,India,2022-12-27,Bronze,False
306,Devansh,Sastry,Female,1991-02-20,dgarde@example.com,09333311043,Bhind,Rajasthan,India,2026-06-30,Bronze,True
307,Hredhaan,Dey,Female,1983-12-02,mukhopadhyayrehaan@example.com,04023766340,Bareilly,Uttar Pradesh,India,2022-05-09,Silver,True
308,Faras,Dey,Male,1987-09-17,ucchalbains@example.org,+915079018052,Ranchi,Rajasthan,India,2024-06-24,Silver,True
309,Madhavi,Hegde,Female,1964-12-08,bhavikamangal@example.com,2253926605,Baranagar,Uttar Pradesh,India,2025-12-19,Bronze,True
310,Baghyawati,Deol,Female,1955-10-06,owen97@example.org,6786849258,Kollam,Karnataka,India,2024-12-13,Silver,True
311,Robert,Bajaj,Female,2006-05-05,vasatika93@example.org,+912039608977,Vadodara,Uttar Pradesh,India,2021-08-17,Silver,True
312,Luke,Nadkarni,Female,1966-10-06,maanav59@example.net,07608192162,Hyderabad,Delhi,India,2022-01-02,Bronze,False
313,Amrita,Boase,Male,2007-05-21,hitesh81@example.org,2291271485,Amroha,Maharashtra,India,2022-03-25,Bronze,True
314,Saanvi,Khatri,Male,1961-08-21,chatreshradhakrishnan@example.org,00281151043,Raipur,Tamil Nadu,India,2024-05-14,Bronze,False
315,Yashica,Munshi,Female,1963-12-25,ati15@example.net,1465012624,Gorakhpur,Tamil Nadu,India,2022-06-28,Bronze,True
316,Gaurang,Kapur,Female,1976-05-10,ekavir82@example.com,09235305818,Jalandhar,West Bengal,India,2026-03-08,Silver,True
317,Gavin,Jayaraman,Female,1989-10-24,lrao@example.com,9218209603,Bidar,Karnataka,India,2024-05-25,Bronze,False
318,Jackson,Chacko,Female,1981-08-22,gourdev@example.net,5090698888,Firozabad,Gujarat,India,2024-02-20,Silver,True
319,Pranit,Rege,Female,1963-10-17,dhritishah@example.net,01254462890,Bardhaman,Karnataka,India,2021-09-08,Silver,True
320,Krishna,Chada,Female,1972-07-30,shenoysaanvi@example.com,1848516770,Nangloi Jat,Gujarat,India,2026-05-25,Platinum,False
321,Yashodhara,Thaman,Male,1960-03-16,mohantyatharv@example.com,09311070632,Ramgarh,Karnataka,India,2025-05-04,Bronze,False
322,Hiral,Bath,Female,1960-06-20,quincy46@example.org,03222006889,Siwan,Tamil Nadu,India,2023-12-02,Silver,True
323,Jagrati,Soni,Female,1974-04-26,kiaan96@example.net,+914794024018,Bangalore,Rajasthan,India,2022-07-28,Bronze,True
324,Kavya,Banerjee,Male,1967-10-03,aradhanasanghvi@example.net,+913120903777,Bhavnagar,Delhi,India,2022-02-09,Bronze,False
325,Chandran,Chawla,Male,1997-04-24,vansha97@example.com,+914545713267,Madhyamgram,Delhi,India,2023-01-15,Platinum,True
326,Sanaya,Bhasin,Male,1996-04-20,rajeshrinaik@example.com,2800012098,Latur,Gujarat,India,2025-08-17,Gold,True
327,Vinaya,Sarkar,Male,1993-04-13,karanvictor@example.com,2614830777,Tirunelveli,Rajasthan,India,2026-04-07,Gold,True
328,Faqid,Bava,Female,1987-09-02,deshmukhayush@example.net,+912998155015,Kozhikode,Tamil Nadu,India,2021-12-15,Bronze,True
329,Bachittar,Tank,Female,2005-08-11,kgoel@example.org,+910147706042,Haridwar,Maharashtra,India,2026-03-11,Bronze,True
330,Omisha,Rao,Female,1976-02-09,rachitasami@example.org,07301967365,Buxar,Gujarat,India,2025-06-18,Silver,False
331,Ekapad,Kale,Male,1982-02-08,jagdish70@example.com,04971149554,Loni,Delhi,India,2026-01-04,Bronze,False
332,Qabil,Dixit,Male,1997-01-05,kala44@example.com,02862591950,Sagar,Rajasthan,India,2025-03-13,Silver,False
333,Triveni,Dhaliwal,Female,1963-06-10,gkala@example.net,4167252459,Mira-Bhayandar,Gujarat,India,2026-03-28,Silver,False
334,Benjamin,Nagy,Male,2003-03-12,upasna81@example.org,5481878753,Bhilai,Delhi,India,2022-04-23,Gold,True
335,Lakshmi,Khatri,Female,1975-04-27,nilimavohra@example.net,+915570123576,Kalyan-Dombivli,Maharashtra,India,2025-02-04,Silver,True
336,Balendra,Acharya,Male,1995-12-23,madanmanthan@example.org,06366015020,Patna,Karnataka,India,2025-05-15,Bronze,True
337,Fiyaz,Bhalla,Female,1959-12-20,mayapatla@example.net,03022317070,Raiganj,Uttar Pradesh,India,2025-06-19,Gold,True
338,Tara,Sethi,Female,1961-08-01,timothy93@example.org,+914402526564,Dhanbad,Karnataka,India,2022-03-13,Gold,True
339,Dakshesh,Mohanty,Female,2000-03-12,varsha20@example.com,03548516619,Firozabad,Rajasthan,India,2022-10-26,Gold,False
340,Zaid,Reddy,Male,2005-12-04,yswamy@example.org,07251760720,Bongaigaon,West Bengal,India,2023-06-23,Silver,True
341,Ishwar,Dave,Female,1989-07-16,tbala@example.org,+913962524493,Mehsana,Karnataka,India,2021-10-08,Bronze,True
342,Timothy,Kar,Female,1970-06-17,xnazareth@example.com,+912535506485,Bijapur,Karnataka,India,2023-02-24,Gold,True
343,Netra,Sami,Male,1961-01-29,gshukla@example.net,09576675169,Raebareli,Tamil Nadu,India,2023-06-03,Bronze,False
344,Simon,Sandal,Male,1965-02-03,maharajdev@example.org,+915869055312,Haridwar,Uttar Pradesh,India,2024-10-21,Bronze,True
345,Yashica,Soman,Male,1998-10-20,nathchatura@example.net,4376490831,Kolkata,Maharashtra,India,2021-09-21,Bronze,True
346,Naksh,Parikh,Female,1963-08-09,samuel98@example.org,8102252742,Siwan,Karnataka,India,2022-01-29,Silver,True
347,Riya,Bora,Female,1961-10-28,fraj@example.net,06411715107,Malegaon,Karnataka,India,2021-11-28,Bronze,False
348,Pranav,Dubey,Female,1993-03-05,shauryawason@example.net,05731657507,Naihati,Karnataka,India,2026-04-06,Bronze,False
349,Hredhaan,Kalla,Male,1986-03-03,leenanagi@example.org,00626811919,Jamnagar,Delhi,India,2024-09-09,Silver,True
350,Zaid,Rama,Female,1958-06-24,jdeep@example.com,03250898627,Kottayam,Maharashtra,India,2021-09-23,Silver,True
351,Lekha,Sarin,Female,2001-04-01,samaksh69@example.org,3899607704,Srikakulam,Tamil Nadu,India,2024-09-05,Silver,True
352,Mason,Yadav,Female,1961-07-13,kadejoshua@example.net,05825641324,Farrukhabad,Karnataka,India,2025-06-05,Platinum,True
353,Elijah,Suresh,Female,1997-10-27,jack93@example.com,08680800651,Malegaon,Uttar Pradesh,India,2024-03-04,Bronze,False
354,Urvashi,Savant,Female,2006-01-04,sathvik46@example.net,4519378300,Avadi,Gujarat,India,2023-09-07,Silver,True
355,Madhav,Manne,Male,1961-07-14,darpankunda@example.net,+917780610315,Raichur,Rajasthan,India,2025-01-24,Bronze,True
356,Karan,Prashad,Female,1980-07-09,vasawarinder@example.net,01073136430,Danapur,Tamil Nadu,India,2024-04-25,Bronze,True
357,Neel,Dua,Male,1981-12-17,mitalibhatti@example.org,01460860442,Junagadh,Uttar Pradesh,India,2022-09-22,Platinum,False
358,Viraj,Ganesan,Male,1991-06-20,amol20@example.org,07864076987,Satna,Tamil Nadu,India,2024-10-25,Bronze,False
359,Kamya,Boase,Male,1958-12-27,ivaidya@example.com,+919847451675,Srinagar,Gujarat,India,2023-06-19,Bronze,True
360,Idika,Sekhon,Male,1979-03-30,rohanray@example.net,+915848533156,Pondicherry,Rajasthan,India,2026-07-07,Gold,False
361,Zarna,Kale,Female,1961-08-06,nrau@example.com,8811668031,Patiala,Gujarat,India,2022-05-15,Bronze,True
362,Kamya,Baria,Female,1963-03-05,edada@example.com,06277896612,Kollam,Rajasthan,India,2024-06-29,Gold,True
363,Aarna,Singhal,Female,1984-02-15,yatangupta@example.org,+919360834539,Ahmednagar,Gujarat,India,2024-04-28,Bronze,True
364,Onkar,Pillay,Female,1969-09-21,janya73@example.net,9699140826,Udaipur,West Bengal,India,2023-05-01,Silver,False
365,Ishanvi,Sundaram,Female,1985-04-14,libniramesh@example.net,+911927426543,Tezpur,Tamil Nadu,India,2026-04-28,Bronze,False
366,Triveni,Narasimhan,Female,2006-03-02,choudharydarpan@example.org,02283231833,Raebareli,Gujarat,India,2023-05-17,Gold,False
367,Wakeeta,Tella,Male,1985-10-11,widisha32@example.com,7448377991,Phusro,West Bengal,India,2022-07-29,Silver,True
368,Bachittar,Thaker,Female,2004-02-17,mvarughese@example.org,08917450433,Rajahmundry,Rajasthan,India,2023-03-13,Bronze,True
369,Jonathan,Raj,Female,2001-11-10,acherian@example.org,9044919322,Mira-Bhayandar,Gujarat,India,2026-04-11,Bronze,False
370,Udyati,Ratta,Male,2007-04-07,indrajitsankar@example.org,07190062867,Meerut,Uttar Pradesh,India,2023-07-07,Bronze,True
371,Falak,Lalla,Female,2007-12-23,divya38@example.org,8939400859,Parbhani,West Bengal,India,2023-08-13,Bronze,True
372,Amrita,Kalita,Male,2007-03-12,hemangini58@example.org,03363156187,Gorakhpur,West Bengal,India,2023-07-27,Bronze,True
373,Bhavini,Varghese,Male,2000-03-10,igara@example.org,0002132393,Proddatur,Tamil Nadu,India,2025-04-05,Gold,False
374,Damyanti,Subramanian,Male,1982-06-12,devkala@example.org,+912593498491,Sasaram,Tamil Nadu,India,2025-01-02,Bronze,True
375,Chaman,Krishnan,Female,1995-04-29,unni46@example.com,9676284521,Bhind,West Bengal,India,2026-06-17,Gold,True
376,Elijah,Wason,Male,1961-01-03,danielyogi@example.org,+917653135681,Aligarh,Uttar Pradesh,India,2022-09-17,Gold,True
377,Simon,Borde,Female,2003-04-13,kararaghav@example.org,9233117532,Sagar,Karnataka,India,2024-05-26,Silver,True
378,Rushil,Dara,Female,2003-10-06,karchaman@example.org,4484525602,Solapur,Rajasthan,India,2024-11-03,Silver,True
379,Aarush,Hora,Male,1993-06-21,sanaya53@example.org,06431312423,Baranagar,Maharashtra,India,2025-08-11,Silver,False
380,Gaurangi,Kohli,Female,1963-04-23,ilall@example.org,7837241649,Bhusawal,Karnataka,India,2025-12-12,Bronze,True
381,Bahadurjit,Gopal,Female,1982-04-04,shenoychandresh@example.com,+917766356387,Shahjahanpur,Delhi,India,2024-10-30,Platinum,True
382,Ranbir,Bhattacharyya,Female,2002-06-22,chandresh75@example.net,3499732002,Mira-Bhayandar,Delhi,India,2026-02-09,Bronze,True
383,Anmol,Kanda,Female,1975-09-05,lakshitamble@example.org,2672864701,Sambalpur,Tamil Nadu,India,2022-07-11,Gold,False
384,Baghyawati,Pai,Male,1972-03-12,xnagi@example.net,+917181130161,Jamnagar,Rajasthan,India,2025-10-16,Silver,True
385,Theodore,Pingle,Female,1973-03-03,kharechameli@example.com,5833054885,Nashik,Gujarat,India,2025-04-03,Gold,True
386,Leela,Yogi,Female,1997-08-07,gauravsant@example.org,+910119487126,Proddatur,Delhi,India,2025-02-14,Bronze,True
387,Zayyan,Dube,Male,1972-08-02,duazayan@example.com,05782726356,Solapur,Delhi,India,2022-12-10,Silver,True
388,Ranbir,Tara,Female,2003-03-24,asahni@example.net,+916036969389,Dhule,Rajasthan,India,2022-02-26,Bronze,True
389,Yochana,Bansal,Male,1982-04-02,gulatiishani@example.com,0771665857,Kamarhati,Karnataka,India,2024-07-09,Bronze,False
390,Sneha,Tara,Female,1957-12-03,senhitesh@example.net,04194995189,Tadepalligudem,West Bengal,India,2025-10-28,Gold,True
391,Luke,Morar,Male,2005-07-01,choprasara@example.com,04729857242,Thoothukudi,Rajasthan,India,2025-06-03,Silver,False
392,Ikshita,Pandya,Female,1980-04-02,subramaniamchavvi@example.org,04389248281,Warangal,Rajasthan,India,2023-08-22,Bronze,True
393,Advay,Sarkar,Male,2007-08-03,jagatswamy@example.org,5980123330,Khora ,West Bengal,India,2023-12-31,Silver,True
394,Yasti,Dua,Male,1967-07-15,brahmbhattjason@example.com,+915298640637,Shimla,Tamil Nadu,India,2024-12-27,Bronze,True
395,Darsh,Deshpande,Female,1981-01-01,fprashad@example.net,+912849372775,Gandhinagar,Delhi,India,2023-03-13,Bronze,True
396,Tanish,Dalal,Male,2002-04-11,aryaxavier@example.net,09232986944,Kozhikode,Gujarat,India,2025-11-13,Bronze,True
397,Lila,Kapadia,Male,1961-03-29,idhingra@example.org,+915658392016,Malegaon,Gujarat,India,2026-03-08,Silver,True
398,Hemangini,Bala,Male,1984-05-09,gaurangi25@example.com,02099128821,Surendranagar Dudhrej,Tamil Nadu,India,2024-12-31,Bronze,True
399,Faraj,Parsa,Male,1984-04-20,kbava@example.net,1857257409,Bijapur,Maharashtra,India,2023-04-19,Bronze,True
400,Anthony,Subramaniam,Male,1973-12-31,mekhala39@example.com,+917030439747,Mangalore,West Bengal,India,2023-03-08,Silver,True
401,Gaurang,Uppal,Female,1982-09-06,skrishnamurthy@example.com,+918506380991,Baranagar,Gujarat,India,2025-05-09,Silver,True
402,Shaurya,Som,Female,2005-11-14,tripti47@example.net,04781620049,Pallavaram,Delhi,India,2026-01-22,Gold,False
403,Varenya,Deol,Female,1968-04-16,yachanamurthy@example.net,02626356495,Nagaon,Uttar Pradesh,India,2021-09-29,Bronze,True
404,Vedant,Borde,Male,1996-03-10,triyaaggarwal@example.net,+912569057756,Tezpur,Uttar Pradesh,India,2023-03-06,Bronze,False
405,Rajeshri,Salvi,Male,1975-09-04,bordegautami@example.org,5274625056,Jamshedpur,Rajasthan,India,2025-09-21,Silver,True
406,Jackson,Gopal,Female,1988-06-24,zinalbalay@example.org,2810555259,Mahbubnagar,Rajasthan,India,2022-10-16,Platinum,True
407,Avni,Tandon,Female,1957-11-13,ronithrastogi@example.org,2505194329,Srikakulam,Karnataka,India,2024-01-15,Bronze,False
408,Omkaar,Venkatesh,Male,1990-09-13,subramaniamaditya@example.org,07941600554,Srinagar,Gujarat,India,2025-06-07,Bronze,True
409,Pahal,Natarajan,Male,1976-04-07,vpant@example.net,05735774063,Gandhinagar,Maharashtra,India,2021-12-20,Bronze,False
410,Yash,Saran,Female,1971-10-10,waglefariq@example.com,+916398300720,Sirsa,Delhi,India,2023-07-27,Platinum,True
411,Harsh,Brar,Female,2000-12-20,tbalakrishnan@example.org,07576932790,Vasai-Virar,Rajasthan,India,2024-05-20,Bronze,True
412,Ansh,Dugar,Female,1994-10-29,yashawini54@example.org,+911777078734,Karaikudi,Uttar Pradesh,India,2024-02-26,Bronze,True
413,Leela,Swamy,Female,1999-09-30,triptisur@example.net,+910047553896,Muzaffarnagar,Maharashtra,India,2023-06-26,Bronze,False
414,Ayushman,Lad,Female,1972-08-19,manbir19@example.org,+916452540256,Mehsana,Delhi,India,2024-05-09,Bronze,True
415,Lila,Narasimhan,Male,1985-09-08,vnagarajan@example.org,+912399485155,Panchkula,Maharashtra,India,2024-01-10,Bronze,False
416,Pratyush,Sha,Female,1957-07-17,amara00@example.net,04298660982,Amroha,Maharashtra,India,2023-01-29,Gold,False
417,Joshua,Datta,Male,2005-09-28,pkakar@example.org,+918168520409,Machilipatnam,Gujarat,India,2025-01-19,Silver,False
418,Omaja,Wason,Female,1976-12-10,jchokshi@example.com,+917298863953,Anand,Maharashtra,India,2025-07-11,Bronze,True
419,Daksh,Karnik,Female,1971-11-25,jeremiahkanda@example.net,00250666002,Yamunanagar,Gujarat,India,2023-04-08,Bronze,False
420,Omya,Hari,Female,1978-01-21,tmistry@example.net,+916260727538,Jaunpur,Karnataka,India,2024-12-07,Bronze,True
421,Om,Mahajan,Female,1958-10-25,gagankakar@example.com,1217396589,Rampur,Rajasthan,India,2024-09-03,Silver,True
422,Manthan,Datta,Female,1994-04-22,ryankrishnamurthy@example.net,+917027132985,Phagwara,Tamil Nadu,India,2024-11-28,Bronze,False
423,Peter,Chander,Male,1968-06-08,hmuni@example.net,0854642599,Rajkot,Maharashtra,India,2021-07-31,Bronze,True
424,Rishi,Pandey,Female,1964-12-26,wkade@example.com,1560436068,Gaya,Uttar Pradesh,India,2025-10-11,Bronze,True
425,Manya,Bora,Female,1988-02-29,harshilkant@example.net,05775853582,Rohtak,Rajasthan,India,2022-02-10,Bronze,True
426,Jairaj,Thakur,Female,1958-12-11,aditya88@example.com,09712466706,Vadodara,Uttar Pradesh,India,2022-04-15,Silver,True
427,Michael,Dass,Female,1964-01-26,kapadiaaarini@example.net,+919074608783,Bidar,Maharashtra,India,2023-04-28,Bronze,True
428,Aditya,Kari,Female,2002-08-11,wishi20@example.org,02292772641,Nanded,Gujarat,India,2023-09-14,Silver,True
429,Qarin,Upadhyay,Female,1986-04-22,amruta38@example.org,04499523635,Ramgarh,Gujarat,India,2022-02-11,Platinum,True
430,Sarthak,Sanghvi,Male,1989-06-04,pantwarjas@example.net,2908899815,Darbhanga,Uttar Pradesh,India,2024-07-08,Bronze,False
431,Zinal,Sur,Male,1981-11-27,dvarma@example.org,08497418514,Imphal,Delhi,India,2023-01-29,Bronze,True
432,Sarthak,Sachdeva,Male,1963-12-16,aashitata@example.com,05800723843,Kishanganj,Maharashtra,India,2023-05-31,Bronze,False
433,Akshay,Bose,Male,1964-07-12,shankerfalak@example.org,05693755396,Etawah,West Bengal,India,2024-03-18,Silver,False
434,Yashoda,Varkey,Female,1990-03-23,talwaradvaith@example.com,6821542359,Sambalpur,Maharashtra,India,2022-01-02,Silver,True
435,Ishanvi,Narula,Female,1966-08-29,hiral62@example.org,+917218054441,Ozhukarai,Uttar Pradesh,India,2023-07-26,Silver,True
436,Laksh,Borra,Male,1965-11-01,osehgal@example.net,+914904425355,Bhavnagar,Uttar Pradesh,India,2025-07-28,Gold,True
437,Aadhya,Choudhary,Female,1976-07-23,yochanasubramanian@example.net,4005924679,Mysore,Gujarat,India,2023-07-31,Silver,True
438,Nitesh,Bhargava,Male,1981-04-11,pathakfiyaz@example.com,1526621583,Bharatpur,Gujarat,India,2024-09-11,Silver,True
439,Tanveer,Loyal,Female,1986-06-30,sampathnikita@example.com,2818454429,Nadiad,Gujarat,India,2023-09-17,Silver,False
440,Krish,Sha,Female,2004-08-05,oni50@example.net,+912915403773,Mira-Bhayandar,Uttar Pradesh,India,2026-05-08,Bronze,True
441,Anamika,Sur,Female,1974-07-24,yamini62@example.org,07970779960,Delhi,Karnataka,India,2024-07-06,Silver,False
442,Charita,Gara,Female,1970-08-07,umangsawhney@example.org,+912408389777,Bettiah,Rajasthan,India,2025-05-23,Platinum,True
443,Laban,Parikh,Female,1982-05-10,samikashish@example.org,6398557612,Gwalior,Maharashtra,India,2023-10-01,Bronze,True
444,Lipika,Ganesan,Female,1969-04-24,dalaja11@example.net,+917383003764,Ghaziabad,Uttar Pradesh,India,2021-11-28,Silver,False
445,Zashil,Gaba,Male,2002-12-07,thomas20@example.net,7138313442,Haridwar,Delhi,India,2024-05-22,Gold,True
446,Vasudha,Shanker,Female,1990-08-25,emani@example.com,2463255725,Rewa,Tamil Nadu,India,2022-07-13,Bronze,True
447,Gaurika,Sachar,Male,2006-11-21,upma60@example.com,00771552978,Raichur,Maharashtra,India,2025-06-04,Silver,True
448,Radhika,Rao,Male,2006-12-14,parsaekani@example.net,6615111650,Alappuzha,Maharashtra,India,2024-12-22,Bronze,True
449,Widisha,Amble,Female,1966-08-07,rehaanrajan@example.com,9288099758,Kakinada,Karnataka,India,2026-03-29,Silver,True
450,Jagrati,More,Male,2002-05-07,umukherjee@example.com,+912260245876,South Dumdum,Tamil Nadu,India,2022-10-22,Bronze,False
451,Champak,Saraf,Female,1969-02-21,wrajagopalan@example.com,+917041599887,Loni,Delhi,India,2024-01-19,Silver,True
452,Kalpit,Bhatia,Female,2006-04-14,swali@example.net,+919281497067,Thane,Gujarat,India,2025-05-16,Silver,True
453,Vasana,Ramesh,Male,1972-09-10,oeshi59@example.org,7097312345,Dehradun,Maharashtra,India,2022-12-11,Gold,True
454,Zinal,Raval,Female,1993-08-16,ranacharvi@example.com,+918080656575,Bhubaneswar,Tamil Nadu,India,2025-03-22,Gold,True
455,Meghana,Gera,Female,1988-09-07,vedantkhanna@example.net,2010518481,Amritsar,Uttar Pradesh,India,2022-12-09,Bronze,True
456,Gautam,Patil,Male,1989-12-20,rameshturvi@example.com,6676976290,Orai,Maharashtra,India,2024-01-25,Bronze,True
457,Jasmit,Kohli,Female,1971-09-05,zgill@example.org,4622070881,Shimoga,Gujarat,India,2024-05-28,Bronze,False
458,Aarnav,Bhakta,Male,2007-10-01,pzachariah@example.com,+912036452356,Amritsar,Uttar Pradesh,India,2026-01-10,Bronze,True
459,Umang,Varty,Female,2003-10-06,abeer00@example.net,00024516050,Satna,Tamil Nadu,India,2025-05-12,Silver,True
460,Jeremiah,Sagar,Male,1999-02-27,abeerparsa@example.com,+912585889342,Indore,Maharashtra,India,2022-08-27,Silver,True
461,Brinda,Borah,Male,1956-10-12,prashadmitali@example.com,00616299691,Ranchi,Tamil Nadu,India,2026-04-03,Silver,False
462,Bahadurjit,Aurora,Female,1961-09-17,sanaya49@example.net,+912698220394,Shahjahanpur,Rajasthan,India,2023-12-24,Bronze,True
463,Darika,Banerjee,Male,1959-10-23,forumseshadri@example.net,01351455571,Dharmavaram,Tamil Nadu,India,2022-12-11,Bronze,True
464,Ishanvi,Bedi,Male,1974-07-21,pushtidixit@example.org,03093409387,Bhagalpur,Gujarat,India,2024-09-23,Bronze,False
465,Ganga,Khosla,Female,1994-06-22,bimalapuri@example.org,5192714297,Unnao,Rajasthan,India,2023-04-19,Bronze,True
466,Chaitanya,Toor,Female,1999-04-27,golladaksha@example.com,03878401845,Kochi,Rajasthan,India,2026-03-24,Silver,True
467,Udyati,Dua,Male,1995-12-06,kevinkaran@example.com,+910940173108,Cuttack,Uttar Pradesh,India,2023-01-29,Bronze,False
468,Sanaya,Date,Female,1985-07-03,nirja88@example.net,5190891026,Ranchi,Karnataka,India,2024-12-03,Silver,True
469,Michael,Mahal,Female,2006-09-02,yahvi11@example.com,+916725917017,Ranchi,Delhi,India,2024-10-31,Bronze,True
470,Jalsa,Choudhury,Female,1958-04-12,rajeshrisant@example.org,00743797243,Kirari Suleman Nagar,Tamil Nadu,India,2025-03-25,Bronze,True
471,Jatin,Sankar,Female,1989-06-17,duaati@example.net,+910702240633,Madanapalle,Uttar Pradesh,India,2026-02-16,Silver,True
472,Udyati,Keer,Male,1957-09-17,cchoudhary@example.com,5510157786,Tumkur,Karnataka,India,2024-11-24,Silver,True
473,Agastya,Gaba,Male,1965-04-23,jayaramanarunima@example.com,01981347607,Chinsurah,Karnataka,India,2023-06-12,Bronze,True
474,Veda,Baral,Male,1957-10-17,odikamukherjee@example.org,0568559537,Jehanabad,Tamil Nadu,India,2024-07-07,Bronze,False
475,Riya,Butala,Male,1971-08-30,eparmer@example.org,+915145262000,Jalandhar,Delhi,India,2026-05-28,Silver,False
476,Bhavika,Bhalla,Male,1965-07-17,chandranandra@example.org,4641461679,Ambala,Uttar Pradesh,India,2025-01-29,Gold,False
477,Bhavika,Madan,Male,2003-02-24,yadavjhalak@example.net,+910596361934,Dindigul,West Bengal,India,2024-05-27,Bronze,True
478,Gaurika,Ahluwalia,Female,1992-04-24,michael45@example.com,04169920110,Anantapuram,Gujarat,India,2025-02-16,Silver,False
479,Jonathan,Pradhan,Female,1992-04-17,christopherjaggi@example.com,1098911883,Loni,Maharashtra,India,2024-09-14,Silver,True
480,Qarin,Bedi,Male,2004-04-14,cprabhakar@example.com,1703193554,South Dumdum,West Bengal,India,2024-09-30,Bronze,True
481,Gagan,Chakrabarti,Male,1981-09-02,murtyelijah@example.net,+912318697114,Thoothukudi,Karnataka,India,2026-05-26,Platinum,False
482,Saksham,Upadhyay,Male,1987-02-23,kuriannitara@example.net,9467609963,Amroha,Gujarat,India,2024-01-01,Bronze,True
483,Hema,Chadha,Female,1983-04-01,buchtarak@example.org,04769295173,Kanpur,Rajasthan,India,2024-09-28,Platinum,False
484,Bishakha,Kalla,Female,1958-01-30,gaurav84@example.org,+916916525557,Bareilly,West Bengal,India,2021-11-07,Bronze,True
485,Dayamai,Sani,Female,1960-11-21,bsachdeva@example.com,1402643178,Bikaner,Karnataka,India,2025-10-29,Bronze,False
486,Gagan,Viswanathan,Male,1964-07-14,ishita43@example.net,+916473183417,Naihati,Delhi,India,2024-10-21,Gold,True
487,Ayush,Kumar,Female,1974-03-26,arjun45@example.net,+916275039841,Aurangabad,Uttar Pradesh,India,2024-12-05,Silver,False
488,Madhavi,Borra,Female,2000-10-23,rudra25@example.com,0750383717,Karawal Nagar,Delhi,India,2021-11-01,Bronze,True
489,Andrew,Subramaniam,Male,2000-04-20,azadsami@example.net,6807437785,Avadi,Gujarat,India,2022-01-05,Bronze,True
490,Ranveer,Biswas,Male,1986-10-03,maniishani@example.net,7870367271,Kolkata,West Bengal,India,2024-04-12,Silver,True
491,Chaman,Ratti,Male,1993-11-15,rsengupta@example.org,00679075866,Kottayam,Delhi,India,2021-10-17,Bronze,True
492,Ucchal,Shanker,Female,2007-06-02,ndeo@example.net,+913032478310,Ajmer,Maharashtra,India,2023-10-14,Bronze,True
493,Henry,Pall,Female,1993-07-18,npai@example.com,+911762302306,Agra,Uttar Pradesh,India,2026-04-19,Bronze,True
494,Yoshita,Edwin,Male,1961-01-28,maanavshah@example.com,03151466046,Gulbarga,Tamil Nadu,India,2024-11-09,Silver,True
495,Wakeeta,Brahmbhatt,Male,1970-12-30,oscar38@example.com,+910810436364,Gurgaon,Rajasthan,India,2024-04-24,Silver,True
496,Pushti,Amble,Male,1997-10-20,obakshi@example.com,+919394758222,Etawah,Gujarat,India,2025-01-23,Gold,True
497,Sanaya,Andra,Female,1991-02-12,ishaansavant@example.net,05026539216,Rourkela,Gujarat,India,2025-05-25,Bronze,True
498,Maanas,Dutta,Female,1992-06-09,arorarudra@example.net,1408305086,Kishanganj,Uttar Pradesh,India,2022-02-15,Bronze,True
499,Janya,Vasa,Female,1994-01-25,rushil53@example.net,1600466367,Kakinada,Rajasthan,India,2024-06-15,Silver,False
500,Gopal,Yohannan,Male,1988-05-29,bosearya@example.net,06064963502,Narasaraopet,Gujarat,India,2025-12-04,Bronze,False
501,Maanas,Puri,Male,1962-02-03,znair@example.com,08448456656,Nagercoil,Delhi,India,2022-01-04,Bronze,True
502,Panini,Deshpande,Female,1970-05-22,yashicanair@example.net,+911679695761,Ozhukarai,Maharashtra,India,2022-04-04,Silver,False
503,Amara,Balay,Male,1956-09-07,yuvrajbutala@example.org,04645853795,Thoothukudi,West Bengal,India,2022-06-01,Bronze,True
504,Nachiket,Kara,Female,2002-02-05,chasmumtripathi@example.com,+910473024502,Berhampore,Karnataka,India,2021-09-25,Gold,True
505,Amaira,Tata,Male,1964-03-22,ishani51@example.com,+919598463581,Ambala,Delhi,India,2022-10-10,Bronze,False
506,Mason,Aurora,Male,1962-12-31,sandhuvamakshi@example.org,4552981719,Panihati,Karnataka,India,2026-03-17,Bronze,True
507,Wakeeta,D’Alia,Female,1992-10-07,sethiveer@example.net,+919060595184,Vadodara,Delhi,India,2022-12-15,Gold,True
508,Madhavi,Ahuja,Female,1977-09-20,bakshihemangini@example.net,+912620060820,Katni,Maharashtra,India,2024-02-14,Bronze,True
509,Kritika,Bhattacharyya,Male,1984-08-07,xgole@example.com,03221204376,Rajpur Sonarpur,Uttar Pradesh,India,2024-07-23,Gold,True
510,Naveen,Parsa,Female,1994-08-24,basakjhalak@example.com,9710952717,Chandigarh,Delhi,India,2025-05-11,Silver,True
511,Chasmum,Muni,Female,1980-06-05,sarmaxavier@example.net,05985110432,Ulhasnagar,Uttar Pradesh,India,2024-10-13,Silver,True
512,Samarth,Palan,Female,1967-07-21,nayakmeera@example.com,08410385331,Etawah,Gujarat,India,2023-07-03,Bronze,False
513,Azad,Dutt,Female,2004-01-02,jarora@example.net,4743104356,Thoothukudi,Karnataka,India,2024-10-30,Gold,False
514,Onveer,Sengupta,Female,2001-10-01,damyanti81@example.net,08903958308,Vasai-Virar,Delhi,India,2022-07-03,Bronze,False
515,Zaitra,Keer,Male,2001-03-17,balveer09@example.org,04578597959,Ghaziabad,Delhi,India,2025-02-21,Silver,True
516,Wriddhish,Chacko,Female,1985-12-10,kantoviya@example.org,+914384834538,Jalna,West Bengal,India,2025-08-30,Bronze,True
517,Yashodhara,Buch,Female,1971-03-23,chadhafalan@example.org,+913952030653,Bhiwani,Delhi,India,2025-09-26,Bronze,True
518,Gaurang,Jaggi,Female,1991-12-28,dagarwal@example.org,+916691909397,Guna,Rajasthan,India,2023-08-31,Bronze,False
519,Hema,Mital,Female,2005-12-05,benbimala@example.net,+916677521679,Ludhiana,Uttar Pradesh,India,2024-01-13,Bronze,True
520,Ekantika,Verma,Male,1960-12-14,umangwable@example.org,1400260979,Satara,Tamil Nadu,India,2022-01-04,Silver,False
521,Tripti,Vig,Male,1968-05-31,ijaya63@example.org,01533345705,Anantapur,Maharashtra,India,2025-12-08,Silver,True
522,Kamala,Ranganathan,Male,1994-03-17,logannatt@example.org,8237669907,Unnao,Maharashtra,India,2025-10-01,Bronze,True
523,Praneel,Atwal,Male,1994-07-02,banjeetmohan@example.org,+916738978730,Sasaram,Tamil Nadu,India,2023-06-05,Bronze,False
524,Jai,Parmar,Female,1957-07-02,kamyabhatnagar@example.org,01371394697,Bhiwani,Maharashtra,India,2025-03-20,Silver,False
525,Oscar,Verma,Female,2004-02-15,achandra@example.org,+912012157917,Ahmedabad,Maharashtra,India,2022-06-09,Bronze,False
526,Vivaan,Morar,Male,1957-07-09,chakradevpradhan@example.com,+914090309661,Ahmednagar,Maharashtra,India,2022-02-22,Silver,True
527,Saanvi,Dass,Female,1961-03-29,ovyas@example.com,08884075636,Gangtok,Maharashtra,India,2024-04-05,Silver,False
528,Reyansh,Sangha,Male,1980-06-22,farhan19@example.com,3307021940,Nashik,Karnataka,India,2023-06-01,Gold,True
529,Tarak,Sandhu,Male,1968-09-04,lakshmadan@example.net,+912144548999,Burhanpur,Delhi,India,2023-12-16,Silver,True
530,Jai,Kara,Female,1999-03-03,pandyawyatt@example.net,04750868384,Shahjahanpur,Gujarat,India,2026-05-30,Silver,True
531,Meera,Verma,Female,1963-06-20,banerjeechampak@example.org,4694721150,Kochi,West Bengal,India,2024-08-04,Bronze,True
532,Charan,Merchant,Male,1990-04-17,deshmukhvedhika@example.net,01629711466,Vijayanagaram,Gujarat,India,2024-05-02,Silver,True
533,Pushti,Chauhan,Male,2000-05-06,gangulyyashvi@example.org,9890491120,Rourkela,Karnataka,India,2021-10-24,Bronze,False
534,Veda,Nayak,Female,1977-02-18,vargheseyachana@example.com,1713866809,Bongaigaon,Maharashtra,India,2024-08-25,Silver,True
535,Riya,Karan,Male,1997-09-20,nitara99@example.net,+917229370923,Chennai,Uttar Pradesh,India,2022-08-06,Gold,True
536,Gabriel,Mann,Male,1957-10-10,ria34@example.com,3854320528,Bangalore,Maharashtra,India,2022-07-26,Bronze,False
537,Anamika,Bajaj,Female,1993-09-18,semsathvik@example.net,+910433847983,Asansol,Maharashtra,India,2026-03-04,Gold,True
538,Abdul,Tella,Male,2001-07-27,sharafosha@example.org,01179055128,Hubli–Dharwad,Tamil Nadu,India,2023-09-18,Gold,True
539,Bhavna,Aurora,Male,1994-03-17,ebains@example.net,+911486006610,Bhagalpur,Delhi,India,2023-09-06,Silver,False
540,Ekapad,Baria,Male,1964-02-07,daliadayamai@example.org,5840336490,Pallavaram,Gujarat,India,2023-01-22,Bronze,True
541,Tanvi,Garde,Female,2002-02-18,dhillonanmol@example.net,9933554657,Begusarai,Rajasthan,India,2024-07-17,Bronze,True
542,Bhanumati,Nagy,Male,1991-03-24,maanasraj@example.org,0448467174,Jehanabad,Rajasthan,India,2021-10-31,Bronze,False
543,Mohammed,Khalsa,Male,1991-09-09,prakashtheodore@example.com,+917341088691,Kirari Suleman Nagar,Karnataka,India,2021-12-16,Bronze,False
544,Anthony,Boase,Female,1992-05-30,chaayaramachandran@example.com,+914877895312,Durgapur,Maharashtra,India,2024-11-07,Silver,False
545,Chandran,Sabharwal,Female,1975-04-16,regejagvi@example.org,3602802665,Moradabad,Delhi,India,2024-04-23,Bronze,False
546,Jalsa,Kamdar,Female,1989-08-08,nairsai@example.com,+913047991857,Mau,Tamil Nadu,India,2022-07-24,Silver,False
547,Sudiksha,Date,Male,1974-07-01,indiraraj@example.org,+918941785352,Amaravati,Gujarat,India,2024-11-29,Silver,True
548,Aishani,Tripathi,Male,1960-09-07,simonnatt@example.com,+917233232876,Hospet,Gujarat,India,2022-01-11,Bronze,True
549,Charvi,De,Female,1990-04-17,thakkarleela@example.com,09216138637,Jamnagar,Rajasthan,India,2025-01-16,Bronze,True
550,Rajeshri,Gera,Male,1967-01-18,hemal71@example.com,02302445505,Secunderabad,Gujarat,India,2022-12-01,Bronze,True
551,Avi,Tella,Male,2002-10-07,daveeesha@example.com,+915574302705,Srinagar,Tamil Nadu,India,2023-05-13,Bronze,False
552,Bahadurjit,Misra,Female,1983-01-30,tkuruvilla@example.org,+919011425727,Proddatur,West Bengal,India,2022-01-01,Bronze,True
553,Orinder,Bail,Female,1956-03-24,wazirbail@example.net,1383611619,Tiruvottiyur,Karnataka,India,2024-12-17,Silver,True
554,Sai,Dubey,Female,1962-08-06,vamakshihari@example.org,0550338521,Hapur,Maharashtra,India,2024-08-15,Bronze,False
555,Kala,Shroff,Male,2005-06-20,rakshagade@example.org,+916252916104,Siwan,Delhi,India,2026-06-09,Silver,True
556,Zansi,Soman,Female,1998-07-17,nathaniel61@example.com,5410585385,Davanagere,Tamil Nadu,India,2024-10-28,Bronze,True
557,Lavanya,Bhatnagar,Female,1964-06-22,ekbalguha@example.net,4457124265,Giridih,Uttar Pradesh,India,2026-01-11,Bronze,True
558,Gaurav,Banik,Female,1960-01-20,keya10@example.org,+913267810105,Karaikudi,Gujarat,India,2024-06-14,Bronze,False
559,Unnati,Swamy,Male,1997-10-07,tandononi@example.net,+918193387293,Jodhpur,Rajasthan,India,2023-02-25,Bronze,True
560,Udarsh,Joshi,Female,1958-04-06,lekha03@example.net,01958036105,Lucknow,Delhi,India,2024-04-03,Bronze,True
561,Siya,Dutta,Female,1971-05-28,libni32@example.com,00050972399,Arrah,Maharashtra,India,2024-10-29,Gold,True
562,Leela,Bajaj,Female,1956-03-06,lankapriya@example.org,+915707336136,Kishanganj,Rajasthan,India,2026-06-18,Bronze,False
563,Vihaan,Shah,Male,1973-06-22,vasatikawarrior@example.org,0119277961,Ambala,Gujarat,India,2025-12-31,Bronze,True
564,Sara,Butala,Female,1980-09-01,subramanianomkaar@example.org,+914468743212,Malda,Rajasthan,India,2025-03-28,Bronze,False
565,Yadavi,Sinha,Female,2003-05-23,alkabali@example.org,06966346447,Katihar,Gujarat,India,2026-07-10,Silver,False
566,Jagvi,Narula,Male,1983-05-20,qushibora@example.org,09452281384,Bareilly,Rajasthan,India,2024-06-11,Bronze,False
567,Pavani,Bhagat,Female,1970-01-31,yamininarula@example.com,+918020756749,Nellore,Karnataka,India,2025-01-04,Gold,True
568,Osha,Shere,Male,1975-05-16,balhaar50@example.com,+915790019929,Gandhinagar,Maharashtra,India,2023-07-28,Platinum,False
569,Omaja,Wadhwa,Male,2008-04-21,zayyan64@example.com,+916669422518,Mumbai,Uttar Pradesh,India,2021-10-04,Silver,True
570,Logan,Kumar,Female,1979-11-17,wvarkey@example.com,03825646500,Ajmer,Uttar Pradesh,India,2025-10-07,Bronze,True
571,Suhani,Bajwa,Male,1998-08-30,sehgalabdul@example.net,04095931417,Rourkela,Gujarat,India,2023-08-26,Silver,False
572,Naksh,Kumar,Female,1958-03-20,vedhikamurthy@example.org,3661422217,Panvel,Karnataka,India,2024-03-13,Bronze,False
573,Nathan,Nath,Female,1970-02-13,usule@example.com,03324344631,Begusarai,West Bengal,India,2023-11-06,Silver,True
574,Baghyawati,Jayaraman,Male,1996-03-26,patlaijaya@example.net,6656406181,Latur,Karnataka,India,2026-02-16,Silver,True
575,Kiaan,Gole,Male,1961-11-21,kabir96@example.org,+919545595469,Tirunelveli,Maharashtra,India,2022-08-10,Silver,False
576,Dhruv,Dhaliwal,Female,2003-05-09,qprashad@example.org,06332352196,Agra,West Bengal,India,2023-05-04,Bronze,True
577,Upasna,Buch,Female,1996-06-09,qmall@example.org,00560822105,Purnia,Delhi,India,2024-01-07,Silver,True
578,Tamanna,Kumer,Female,1963-08-01,wakeetamuni@example.com,7241598108,Jehanabad,Rajasthan,India,2026-01-20,Bronze,True
579,Veda,Krish,Female,2002-06-06,daksharajagopal@example.com,+913617850905,Begusarai,Maharashtra,India,2023-05-28,Bronze,True
580,Rachana,Yogi,Female,1980-10-18,iwali@example.net,03948585747,Morbi,Karnataka,India,2022-09-15,Bronze,True
581,Yash,Srinivasan,Female,1979-05-04,hiral57@example.net,8261752644,Jammu,Gujarat,India,2023-08-09,Bronze,True
582,Januja,Bhattacharyya,Female,1965-05-25,vasatika77@example.net,4933906443,Bhavnagar,Rajasthan,India,2026-04-02,Bronze,False
583,Darika,Behl,Female,2001-01-22,wdara@example.com,6633653913,Khandwa,Rajasthan,India,2022-10-23,Bronze,True
584,Gagan,Butala,Male,1992-01-03,unnatiacharya@example.net,06095039320,Warangal,Maharashtra,India,2022-10-18,Gold,True
585,Matthew,Raju,Male,1998-09-06,agastya27@example.net,+912927472423,Jammu,Delhi,India,2026-05-11,Silver,True
586,Bishakha,Balakrishnan,Female,2001-11-08,sarkarkritika@example.net,7290676949,Karnal,West Bengal,India,2021-09-01,Platinum,True
587,Aahana,Andra,Female,2006-08-10,varshabala@example.org,3141701924,Amritsar,Tamil Nadu,India,2023-07-13,Bronze,False
588,Parth,Dayal,Female,1967-09-26,vedika86@example.com,0297651498,Bhagalpur,Maharashtra,India,2025-06-12,Silver,True
589,Rachana,Gaba,Female,2003-12-14,ubhandari@example.net,2500742974,Sirsa,West Bengal,India,2023-03-09,Bronze,True
590,Januja,Dhar,Male,1977-10-07,msaran@example.net,+910739933520,Gwalior,Gujarat,India,2024-06-22,Silver,True
591,Hemangini,Parekh,Male,1967-10-08,zarna14@example.com,06897694218,Bokaro,Tamil Nadu,India,2022-01-23,Bronze,True
592,Omya,Tata,Female,1983-08-02,mangatfariq@example.net,+915773342195,Satna,Karnataka,India,2022-04-02,Bronze,False
593,Oviya,Raj,Female,1981-05-06,teerthchandran@example.net,08433877497,Ratlam,West Bengal,India,2022-07-27,Silver,True
594,Aarna,Sarin,Female,1956-09-03,knatarajan@example.org,08381133714,Jalandhar,Rajasthan,India,2025-02-04,Gold,True
595,Umang,Narang,Female,1977-02-13,ektakarpe@example.net,+914588870736,Karimnagar,Karnataka,India,2024-09-16,Silver,True
596,Samar,Sem,Male,1966-01-05,mravel@example.com,00339560124,Kadapa,Delhi,India,2024-01-09,Bronze,True
597,Triveni,Pant,Female,1994-06-28,kondaupkaar@example.net,9236942989,Adoni,Tamil Nadu,India,2023-04-17,Silver,False
598,Samesh,Sharaf,Male,1982-06-08,janiekbal@example.net,9515782474,Etawah,West Bengal,India,2026-03-24,Bronze,False
599,Avi,Bhardwaj,Male,1956-12-28,rishimahajan@example.net,2330827347,Dibrugarh,Tamil Nadu,India,2023-10-03,Bronze,True
600,Rishi,Karnik,Male,2008-05-20,dhartimothy@example.org,+914210010457,Karawal Nagar,Rajasthan,India,2024-08-31,Gold,True
601,Odika,Ramakrishnan,Female,2000-04-23,chameli08@example.net,00468839669,Tiruppur,Maharashtra,India,2024-04-10,Bronze,True
602,Daksha,Date,Female,1999-11-24,srivastavaelijah@example.com,+913969959430,Bijapur,Uttar Pradesh,India,2024-05-17,Bronze,False
603,Oscar,Pathak,Female,1993-02-27,tripti80@example.org,+917212676350,Bongaigaon,Uttar Pradesh,India,2021-12-06,Bronze,True
604,Henry,Raju,Male,2007-08-13,amaradutta@example.com,09624770351,Asansol,Delhi,India,2023-07-22,Bronze,True
605,Ranveer,Ahluwalia,Male,1996-11-27,sarthak84@example.com,+915114760107,Bhilai,Gujarat,India,2022-05-16,Bronze,False
606,Qushi,Dixit,Female,1967-09-16,dassdipta@example.net,0380101622,Firozabad,Karnataka,India,2025-12-26,Silver,True
607,Mekhala,Bali,Female,1983-03-10,odyal@example.com,7389671685,Dewas,Maharashtra,India,2026-02-26,Silver,False
608,Meera,Swamy,Male,2004-10-22,eshanapanchal@example.com,2277762166,Ahmedabad,West Bengal,India,2023-09-19,Bronze,True
609,Aarav,Kadakia,Female,1998-07-31,ikapadia@example.org,+910384054043,Bikaner,Maharashtra,India,2025-12-09,Bronze,True
610,Shravya,Sarna,Male,1977-12-29,kkala@example.net,3795745779,Katihar,Uttar Pradesh,India,2026-01-08,Gold,True
611,Yash,Narang,Male,1981-10-13,pauyashodhara@example.net,07467675689,Aurangabad,Delhi,India,2022-04-08,Gold,True
612,Tanmayi,Chokshi,Female,1988-04-19,kotavinaya@example.com,5903032090,Chennai,Tamil Nadu,India,2022-02-07,Silver,True
613,Hritik,Sidhu,Male,1977-04-28,pauimaran@example.org,2328324939,Vijayanagaram,Maharashtra,India,2025-06-10,Silver,True
614,Ronith,Cherian,Male,1982-10-17,aggarwalkrisha@example.net,01568295102,Ghaziabad,Rajasthan,India,2024-03-20,Platinum,True
615,Upma,Aggarwal,Female,1962-07-26,bachittar46@example.com,02747134409,Baranagar,Gujarat,India,2022-08-09,Platinum,True
616,Darsh,Kala,Male,1969-05-10,pavani89@example.net,07327133296,Kochi,West Bengal,India,2024-01-19,Gold,True
617,Megha,Boase,Male,1993-02-20,eta32@example.net,05875358310,Panchkula,Tamil Nadu,India,2022-10-08,Bronze,True
618,Saumya,Choudhry,Male,1984-08-21,wchatterjee@example.com,8475846208,Chinsurah,West Bengal,India,2026-03-23,Bronze,True
619,Aashi,Mistry,Female,1987-01-06,patelsuhani@example.com,03739165053,Barasat,West Bengal,India,2024-03-13,Bronze,True
620,Peter,Mammen,Female,1984-11-29,narulafarhan@example.org,4065372898,Amaravati,Gujarat,India,2021-10-09,Silver,True
621,Kritika,Johal,Female,1986-01-08,ytaneja@example.net,2201407960,Sambalpur,Uttar Pradesh,India,2022-05-13,Bronze,True
622,Manya,Lanka,Male,2007-09-18,pallatanmayi@example.com,06482915884,Etawah,Uttar Pradesh,India,2022-08-27,Silver,True
623,Orinder,Sekhon,Male,1979-09-15,bhaktamanan@example.com,4824959837,Ahmednagar,West Bengal,India,2025-11-01,Bronze,False
624,Rohan,Kumer,Male,1978-04-08,aayushsehgal@example.net,07468858125,Allahabad,Uttar Pradesh,India,2023-03-03,Bronze,True
625,Lohit,Balay,Female,1970-06-15,onkarratta@example.org,09188144406,Eluru,Tamil Nadu,India,2025-09-12,Silver,False
626,Urmi,Tata,Female,1958-01-01,sharmaharinakshi@example.com,+914777298124,Guna,Maharashtra,India,2024-12-25,Bronze,False
627,Jasmit,Soman,Male,1989-03-08,adugar@example.org,09888985463,Kota,Karnataka,India,2022-07-20,Gold,True
628,Naveen,Sahni,Female,1988-04-19,manthan22@example.com,3959795257,Morbi,Uttar Pradesh,India,2025-02-06,Bronze,False
629,Vasatika,Bhatti,Male,2003-01-18,ethakkar@example.net,08047433322,Sagar,Tamil Nadu,India,2022-07-21,Gold,True
630,Priya,Bahl,Male,1986-02-19,tamannajoshi@example.org,8402551936,Srinagar,Gujarat,India,2023-11-18,Bronze,True
631,Ekiya,Char,Female,1980-01-09,radhikasodhi@example.net,2109120317,Pallavaram,Karnataka,India,2022-01-28,Bronze,True
632,Tanmayi,Agrawal,Male,1997-07-31,okumer@example.net,01802088795,Kavali,West Bengal,India,2025-05-05,Silver,True
633,Raghav,Babu,Female,1991-01-14,udyati86@example.com,06878262831,Bellary,Karnataka,India,2023-08-03,Silver,True
634,Kai,Chander,Male,1962-05-13,hayreradha@example.net,5709539773,Nadiad,Uttar Pradesh,India,2024-09-05,Bronze,True
635,Rishi,Barad,Female,1968-10-07,pushti24@example.net,05899704254,Amravati,Maharashtra,India,2022-04-10,Bronze,True
636,Nitesh,Om,Male,1969-12-25,jsetty@example.org,0797924067,Durg,West Bengal,India,2023-11-17,Silver,False
637,Rishi,Lad,Male,1959-12-06,charitapall@example.com,4984677507,Karnal,Delhi,India,2021-08-20,Bronze,True
638,Pushti,Subramanian,Male,1984-08-08,arin07@example.org,08735249115,Kumbakonam,Rajasthan,India,2023-11-15,Bronze,True
639,Nimrat,Venkataraman,Male,1981-12-19,lakshittoor@example.com,9449175081,Proddatur,West Bengal,India,2023-11-09,Silver,True
640,Watika,Tiwari,Male,1965-05-02,valabaljiwan@example.org,6985828662,Thane,Karnataka,India,2025-07-02,Silver,True
641,Ishani,Vyas,Male,1985-10-16,aachal29@example.com,2630594033,Bathinda,Uttar Pradesh,India,2025-02-02,Bronze,True
642,Yashvi,Ray,Male,1992-08-06,nkala@example.com,03465225752,Kirari Suleman Nagar,West Bengal,India,2025-06-03,Silver,False
643,Sanaya,Pau,Male,1967-02-14,sneha79@example.com,07781429160,Berhampore,Karnataka,India,2023-07-07,Gold,True
644,Girindra,Krish,Male,1972-08-12,mugdha57@example.net,+910698105434,Bettiah,West Bengal,India,2026-02-03,Bronze,False
645,Azad,Ganesh,Female,1988-02-27,ridhi85@example.org,+914017895076,Navi Mumbai,Tamil Nadu,India,2024-06-16,Bronze,True
646,Urishilla,Keer,Male,1957-03-14,yramakrishnan@example.com,+919285946286,Thanjavur,Gujarat,India,2026-01-16,Silver,True
647,Oviya,Chatterjee,Female,1974-01-09,karirajata@example.com,4373316998,Guntur,Delhi,India,2022-08-26,Silver,True
648,Riya,Sastry,Female,1996-06-23,xiti12@example.net,6427204727,Panchkula,Gujarat,India,2023-06-12,Silver,True
649,Bhanumati,Koshy,Female,2006-09-03,girikacharya@example.net,+912644273277,Agra,West Bengal,India,2022-03-25,Bronze,False
650,Yasti,Brar,Male,2002-04-24,nilimakunda@example.com,8750476223,Parbhani,Maharashtra,India,2023-12-07,Platinum,True
651,Pratyush,Palla,Male,1980-08-07,irau@example.net,+913006797210,Kumbakonam,West Bengal,India,2026-04-08,Gold,False
652,Tristan,Basu,Female,1964-10-06,mahikakota@example.com,+918000748260,Amroha,Tamil Nadu,India,2025-08-06,Silver,True
653,Gayathri,Puri,Male,1983-01-23,mananbhatti@example.net,1179081845,Eluru,Karnataka,India,2026-05-14,Bronze,True
654,Aahana,Wadhwa,Male,2006-10-18,danielprakash@example.org,+911179226265,Hyderabad,Maharashtra,India,2024-05-03,Gold,False
655,Kamala,Chopra,Female,1996-02-12,sameshkala@example.com,03720364439,Thiruvananthapuram,West Bengal,India,2025-03-14,Bronze,False
656,Arjun,Das,Male,2001-06-29,janya72@example.com,2515867077,Chapra,Tamil Nadu,India,2023-04-13,Bronze,True
657,Netra,Nagarajan,Male,1971-05-26,manyabahl@example.net,9926453912,Mirzapur,Delhi,India,2022-01-19,Platinum,True
658,Krishna,Hayer,Female,1959-10-03,walladayita@example.org,04516257377,Ratlam,West Bengal,India,2022-03-13,Silver,True
659,Isaac,Patla,Female,1965-10-07,binasaxena@example.org,+918342504287,Latur,West Bengal,India,2026-04-15,Silver,True
660,Rushil,Bhattacharyya,Male,2008-06-13,araj@example.org,+917621952573,Bettiah,Delhi,India,2021-12-24,Bronze,False
661,Mugdha,Sachar,Male,1958-06-28,lipika82@example.net,+915357475643,Udaipur,Uttar Pradesh,India,2022-10-21,Silver,True
662,Aarnav,Lad,Female,1990-01-06,amblehitesh@example.org,2372249291,Burhanpur,Tamil Nadu,India,2025-01-26,Bronze,True
663,Niharika,Randhawa,Male,1999-06-10,warda04@example.com,+917089206264,Pondicherry,Tamil Nadu,India,2022-03-17,Bronze,True
664,Ikbal,Mall,Female,2005-12-15,leena27@example.net,08898189830,Kavali,Tamil Nadu,India,2025-12-15,Bronze,True
665,Anay,Tripathi,Male,1985-06-29,rakshakothari@example.org,07238585751,Gangtok,Maharashtra,India,2023-01-02,Bronze,False
666,Farhan,Kothari,Female,1994-10-03,nitesh88@example.com,8273177572,Amaravati,Karnataka,India,2024-10-25,Bronze,True
667,Hamsini,Shankar,Female,1969-12-14,aahana99@example.com,+917198250948,Nizamabad,Uttar Pradesh,India,2021-11-26,Silver,True
668,Pooja,Brar,Female,1984-05-11,duttsachi@example.org,+918667395835,Jaunpur,Tamil Nadu,India,2025-10-27,Bronze,True
669,Pahal,Sahni,Male,2003-08-07,oshasastry@example.com,00080546000,Panchkula,Karnataka,India,2026-07-09,Bronze,True
670,Ati,Nadkarni,Male,1960-05-02,arin89@example.org,+914693623614,Bikaner,Maharashtra,India,2026-02-11,Bronze,False
671,Jhalak,Kale,Female,1963-06-10,radhadugal@example.net,09668608577,Pimpri-Chinchwad,West Bengal,India,2022-09-12,Gold,True
672,Faris,Venkataraman,Male,1973-05-10,georgesom@example.com,4878622362,Alappuzha,West Bengal,India,2026-05-28,Bronze,True
673,Ayaan,Pradhan,Female,1982-10-10,amritakeer@example.com,3123118002,Satara,Rajasthan,India,2022-04-04,Bronze,True
674,Hamsini,Chandran,Female,1990-11-13,aradhana67@example.net,0843558664,Alwar,Karnataka,India,2021-08-16,Silver,True
675,Bishakha,Radhakrishnan,Male,1980-06-16,odhingra@example.com,0815550928,Barasat,Delhi,India,2024-05-08,Gold,True
676,Tejas,Gala,Female,1992-06-30,dugarrushil@example.net,+910237394173,Amroha,Karnataka,India,2023-10-25,Gold,True
677,Jack,Balasubramanian,Female,1983-06-15,diyasethi@example.net,03422783832,Amaravati,Rajasthan,India,2023-09-26,Bronze,False
678,Raghav,Doctor,Male,1992-07-01,hemani36@example.org,+917869602941,Raebareli,Rajasthan,India,2025-08-03,Bronze,True
679,Gagan,Mander,Male,1962-05-11,onkar99@example.net,3268526165,Serampore,Uttar Pradesh,India,2025-12-26,Bronze,False
680,Mohammed,Zachariah,Male,1997-05-06,ugoswami@example.org,+915891674790,Jorhat,Delhi,India,2026-07-26,Bronze,False
681,Akshay,Talwar,Male,2007-02-14,omnidhi@example.com,05960116213,Udupi,Delhi,India,2025-05-06,Silver,True
682,Ekalinga,Chada,Female,1979-10-08,dugarbrinda@example.org,0276296067,Nadiad,Maharashtra,India,2023-11-03,Silver,False
683,Devika,Minhas,Female,1969-03-10,shankarsamaksh@example.net,04752968168,Loni,Karnataka,India,2022-12-12,Bronze,True
684,Priya,Keer,Female,1974-02-07,dkibe@example.net,03243102284,Saharanpur,Uttar Pradesh,India,2023-08-08,Platinum,True
685,Darpan,Shanker,Female,2000-08-15,fariq74@example.com,09443561723,Visakhapatnam,Karnataka,India,2022-11-11,Bronze,True
686,Gauri,Wadhwa,Female,1978-12-12,warriorikshita@example.com,07392355678,Moradabad,Rajasthan,India,2023-07-24,Bronze,True
687,Azaan,Vyas,Male,1962-12-25,kalabahri@example.com,+915394465868,Chittoor,Tamil Nadu,India,2025-07-09,Silver,False
688,Vinaya,Randhawa,Male,1991-01-03,hkarpe@example.org,+911693312413,Agartala,Maharashtra,India,2025-11-10,Bronze,True
689,Mugdha,Sankaran,Male,1987-01-23,walitriveni@example.com,09552394471,Barasat,Gujarat,India,2024-09-10,Bronze,True
690,Anvi,Dasgupta,Female,1970-10-10,banjeetdara@example.org,0455341806,Nellore,Rajasthan,India,2025-12-05,Bronze,True
691,Watika,Sodhi,Male,2000-11-04,naiduanjali@example.net,08049073762,Solapur,Karnataka,India,2022-06-28,Gold,True
692,Adweta,Khanna,Male,1976-09-20,bhavna12@example.com,1415523315,Guna,Tamil Nadu,India,2022-06-22,Bronze,False
693,Qasim,Dass,Female,1963-12-14,vyanjana36@example.com,4330946635,Proddatur,Rajasthan,India,2024-03-19,Bronze,True
694,Neelima,Viswanathan,Male,2005-10-06,frado37@example.com,0631386930,Rourkela,Uttar Pradesh,India,2021-11-22,Bronze,True
695,Shaurya,Golla,Male,1971-10-08,laban43@example.net,02046246890,Bijapur,Karnataka,India,2025-11-28,Bronze,True
696,Daksh,Singh,Male,2000-08-29,ipall@example.net,8186134861,Faridabad,Delhi,India,2023-08-23,Gold,True
697,Irya,Desai,Male,2007-12-17,mittallibni@example.net,+911150896363,Latur,Karnataka,India,2022-09-08,Silver,True
698,Gayathri,Raman,Female,1984-01-25,dbarad@example.net,+916476572579,Shimoga,Maharashtra,India,2024-12-25,Silver,True
699,Shivansh,Bali,Male,1998-10-27,ishwarchaudhary@example.com,4252807713,Panihati,Maharashtra,India,2022-12-04,Platinum,False
700,Omkaar,Keer,Male,1955-11-06,opant@example.com,+911519354326,Alwar,Karnataka,India,2025-10-25,Bronze,True
701,Ikshita,Garde,Male,1977-12-11,kaisheth@example.org,+917880038371,Kota,Maharashtra,India,2025-09-05,Bronze,True
702,Pooja,Tak,Male,1960-05-12,bhasinjeremiah@example.net,05306007265,Khandwa,Delhi,India,2022-02-25,Gold,True
703,Oscar,Soni,Male,1956-09-23,iryashanker@example.net,4702534576,Bhiwani,Gujarat,India,2021-12-17,Gold,True
704,Tanvi,Baria,Male,1969-05-03,chaudharymaya@example.com,8113100916,Nandyal,Karnataka,India,2023-11-03,Bronze,False
705,Liam,Rout,Male,1982-09-29,routnikita@example.net,+918802910322,Karimnagar,Karnataka,India,2024-01-21,Gold,True
706,Neel,Kamdar,Male,1978-11-21,bahlyashodhara@example.net,04619829122,Dindigul,Maharashtra,India,2022-01-12,Gold,True
707,Mason,Yohannan,Male,1973-03-03,wyattkibe@example.org,7829670735,Pune,West Bengal,India,2024-09-03,Gold,False
708,Harsh,Char,Female,1977-08-21,alka49@example.org,00675000898,Erode,Maharashtra,India,2022-01-12,Bronze,False
709,Nathan,Gour,Male,2006-01-20,udarsh47@example.net,+910782048811,Bahraich,Rajasthan,India,2025-04-22,Bronze,True
710,Mohammed,Palla,Female,1999-10-29,chanchalkapoor@example.org,00593372454,Ballia,Gujarat,India,2024-10-07,Bronze,True
711,Yug,Ghosh,Male,1971-07-07,rramaswamy@example.org,+916363307372,Shimla,Delhi,India,2022-06-15,Silver,False
712,Dipta,Sidhu,Female,2005-12-20,ganga71@example.com,9822149455,Malegaon,Uttar Pradesh,India,2026-06-16,Bronze,True
713,Baljiwan,Mitter,Female,1958-03-03,harini47@example.net,05877613613,Serampore,Tamil Nadu,India,2021-10-21,Bronze,True
714,Gautam,Bansal,Male,1979-04-16,darikahayer@example.org,7979290769,Kollam,West Bengal,India,2026-01-09,Silver,True
715,Riya,Shetty,Female,1961-05-16,csarna@example.org,00296446148,Bikaner,Uttar Pradesh,India,2026-06-01,Bronze,True
716,Onveer,Mand,Female,1964-10-07,mbhatia@example.net,04792414386,Rewa,Gujarat,India,2024-09-22,Bronze,True
717,Yahvi,Goyal,Male,1985-09-25,jatwal@example.com,3306156021,Jodhpur,Maharashtra,India,2024-11-30,Gold,True
718,Girik,Zacharia,Male,2006-10-19,xavier12@example.net,+911922044591,Tiruppur,Uttar Pradesh,India,2022-06-30,Silver,True
719,Samarth,Doshi,Male,1989-06-14,abhiramkothari@example.net,07775088223,Tadipatri,Karnataka,India,2023-10-31,Bronze,True
720,Karan,Dara,Female,1981-06-01,gaurang28@example.net,2680311695,Maheshtala,Maharashtra,India,2023-04-20,Silver,True
721,Tejas,Tak,Female,1971-10-13,zpatla@example.com,+916067095302,Orai,Rajasthan,India,2022-08-23,Gold,True
722,Eiravati,Morar,Male,1970-01-09,parikhrushil@example.org,+919190561471,Thiruvananthapuram,Delhi,India,2023-02-18,Silver,True
723,Oscar,Vaidya,Male,1977-05-31,ekarajdugar@example.net,02515533496,Aligarh,Rajasthan,India,2024-07-25,Gold,True
724,Yash,Agrawal,Male,1958-01-05,yashodharapatel@example.com,+918821303336,Jhansi,Uttar Pradesh,India,2023-08-12,Silver,True
725,Ishwar,Dey,Female,1978-07-22,manithomas@example.com,7884734754,Muzaffarpur,Maharashtra,India,2023-06-01,Bronze,True
726,Saanvi,Sethi,Male,1984-01-05,singhqushi@example.com,+912246459317,Udupi,Maharashtra,India,2022-03-09,Silver,True
727,Hemangini,Seth,Female,1998-01-16,urana@example.org,9056053515,Danapur,Delhi,India,2022-05-18,Gold,True
728,Manthan,Balasubramanian,Male,1976-12-01,senguptageetika@example.net,+916979877697,Ramagundam,Rajasthan,India,2026-04-14,Bronze,True
729,Finn,Munshi,Male,2004-08-01,ojasvianne@example.net,02730631403,Satara,Karnataka,India,2025-01-11,Gold,True
730,Azad,Shukla,Male,1961-04-25,owen82@example.net,04719620065,Raichur,Rajasthan,India,2025-09-17,Silver,False
731,Kala,Bahl,Male,1977-03-05,korpaldev@example.com,0388161402,Saharsa,Rajasthan,India,2022-10-15,Bronze,True
732,Farhan,Pandey,Male,1965-11-15,cwarrior@example.org,6258613927,Ichalkaranji,West Bengal,India,2023-08-23,Silver,False
733,Chaman,Goel,Female,1962-06-12,maanav74@example.net,04607779481,Etawah,Tamil Nadu,India,2024-01-17,Silver,True
734,Ekalinga,Mane,Male,2003-01-21,jeevika74@example.net,5780647429,Jorhat,Tamil Nadu,India,2026-06-07,Bronze,True
735,Devansh,Lata,Male,1970-09-16,sanghaomaja@example.com,05774999958,Kottayam,Tamil Nadu,India,2023-02-22,Silver,False
736,Zehaan,Bhargava,Male,1980-12-20,nagarradha@example.net,07466124234,Rewa,Tamil Nadu,India,2024-04-24,Silver,True
737,Bimala,Lall,Male,1962-02-09,nicholas50@example.net,4982210295,Ratlam,Uttar Pradesh,India,2023-03-06,Bronze,True
738,Champak,Bhat,Male,1991-09-26,tdhillon@example.org,+915027475672,Sasaram,Rajasthan,India,2026-07-09,Platinum,True
739,Mohini,Chacko,Male,1959-10-17,tiwarireva@example.net,09872904067,Anantapur,Rajasthan,India,2023-05-28,Bronze,True
740,Radha,Jha,Male,1994-08-09,hyogi@example.org,01036411304,Malegaon,Delhi,India,2021-09-21,Silver,True
741,Chavvi,Prasad,Female,1999-08-13,kapurtriya@example.com,+916629797980,Hospet,Karnataka,India,2024-04-21,Silver,True
742,Varenya,Mangat,Female,2005-03-30,bassidamyanti@example.com,01444235326,Burhanpur,Uttar Pradesh,India,2024-05-29,Silver,True
743,Advaith,Walla,Female,1982-02-01,kai84@example.com,+911654054008,Gudivada,Uttar Pradesh,India,2023-08-21,Gold,True
744,Chanchal,Vaidya,Female,1957-04-25,william09@example.org,09753316676,Nangloi Jat,Karnataka,India,2022-12-01,Gold,True
745,Diya,Parekh,Male,1964-11-12,ggarde@example.com,4874131677,Patna,Uttar Pradesh,India,2025-06-07,Bronze,True
746,Daksha,Bhatia,Female,1985-12-19,jramanathan@example.net,00266056688,Malegaon,Maharashtra,India,2026-01-27,Bronze,True
747,Janya,Merchant,Male,1972-05-12,darshjohal@example.org,9481527287,Ballia,Rajasthan,India,2021-07-28,Bronze,False
748,Rajeshri,Borde,Male,2004-07-14,acomar@example.com,+919052138987,Kalyan-Dombivli,Karnataka,India,2022-03-30,Silver,True
749,Vyanjana,Rama,Female,1970-11-30,dev25@example.net,+919765573416,Thiruvananthapuram,Uttar Pradesh,India,2023-03-04,Silver,False
750,Utkarsh,Narasimhan,Male,1995-03-11,sonikrishna@example.com,2411328935,Amaravati,West Bengal,India,2021-12-15,Bronze,True
751,Zaid,Banik,Female,1983-02-10,bhasinkevin@example.org,06072945046,Buxar,Delhi,India,2025-07-01,Platinum,False
752,Avni,Jayaraman,Female,1997-05-23,wbarman@example.org,8867339574,Guna,Gujarat,India,2026-06-06,Bronze,True
753,Bhavna,Puri,Male,1965-02-23,harsh34@example.com,+910191868976,Buxar,West Bengal,India,2022-04-18,Silver,False
754,Dominic,Ramakrishnan,Male,1959-07-21,sinhavasana@example.org,+912054921725,Machilipatnam,Maharashtra,India,2024-05-21,Bronze,False
755,Yutika,Sharma,Male,1983-04-16,bosexalak@example.net,8604934256,Bettiah,Gujarat,India,2025-10-16,Gold,False
756,Girindra,Grover,Male,1956-08-16,sbalasubramanian@example.org,02775531255,Jamalpur,Karnataka,India,2024-07-24,Bronze,True
757,Waida,Basu,Female,1959-05-02,mohanvritti@example.org,00133290943,Raipur,Karnataka,India,2023-09-15,Bronze,True
758,Garima,Bansal,Female,1964-02-26,kamyaoommen@example.com,+916120597564,Dibrugarh,West Bengal,India,2022-06-21,Bronze,True
759,Aditya,Desai,Male,1966-02-17,xitipanchal@example.org,8056670920,Ambattur,West Bengal,India,2023-05-01,Bronze,False
760,Bhavika,Nigam,Female,2001-10-29,wagleneha@example.org,+919516117923,Nagaon,Tamil Nadu,India,2024-03-25,Bronze,True
761,Finn,Barman,Female,2007-12-26,ymall@example.net,03396660458,Unnao,Uttar Pradesh,India,2023-04-30,Bronze,True
762,Devika,Raval,Male,2007-03-28,forumamble@example.org,7799109888,Indore,Tamil Nadu,India,2022-02-11,Silver,True
763,Chanchal,Lata,Male,1959-11-17,jainbaljiwan@example.net,+912148663408,Ghaziabad,Rajasthan,India,2024-05-27,Gold,False
764,Harsh,Dewan,Male,1973-08-30,iyengarsamesh@example.com,+913183280959,Vasai-Virar,Maharashtra,India,2024-02-12,Gold,False
765,Pushti,Hora,Female,1977-07-07,psami@example.net,+911527575828,Mau,Delhi,India,2022-11-25,Bronze,True
766,Eta,Sethi,Female,2006-11-11,veer55@example.net,8156458190,Bidhannagar,Maharashtra,India,2026-06-16,Silver,True
767,Leena,Narain,Male,1976-01-09,masonbarad@example.com,+917359223343,Sikar,Uttar Pradesh,India,2023-10-18,Bronze,True
768,Quincy,Manne,Male,2002-02-11,sathedalbir@example.org,+910233349952,Akola,Delhi,India,2024-07-13,Bronze,False
769,Isha,Saraf,Male,1964-12-03,arin12@example.org,3023094317,Amroha,West Bengal,India,2024-11-18,Bronze,True
770,Netra,Sarraf,Female,1996-09-18,grewalaarush@example.com,00073168089,Begusarai,Rajasthan,India,2025-03-25,Gold,True
771,Meghana,Agarwal,Male,1964-12-28,darshvaidya@example.org,8350552847,Ghaziabad,West Bengal,India,2023-06-15,Silver,True
772,Rajata,Dhar,Female,1982-02-03,krishsingh@example.net,09365807884,Jaipur,Uttar Pradesh,India,2023-01-06,Gold,True
773,Warinder,Mital,Female,1993-06-30,kbora@example.com,04413065825,Alwar,Karnataka,India,2021-08-19,Bronze,True
774,Shivani,Khosla,Male,1994-02-01,kevinchaudhry@example.org,5901538781,Indore,Karnataka,India,2023-01-15,Silver,True
775,Arjun,Mane,Female,1968-05-17,thomassabharwal@example.com,06583498915,Dehri,Rajasthan,India,2023-04-16,Gold,True
776,Tanay,Chad,Female,1989-03-02,binamagar@example.net,03847239990,Faridabad,Uttar Pradesh,India,2024-05-13,Silver,False
777,Sachi,Tailor,Male,1992-02-12,parmerbimala@example.com,07234348142,Haldia,Tamil Nadu,India,2024-05-29,Bronze,True
778,Ekansh,Dugal,Female,1992-08-10,yashodharapurohit@example.org,+914685013087,Bettiah,Maharashtra,India,2022-02-02,Bronze,True
779,Amruta,Brahmbhatt,Male,1962-06-28,rudra29@example.com,+919363211067,Bidhannagar,Maharashtra,India,2025-01-27,Silver,True
780,Aachal,Bora,Female,1992-06-07,aarnatandon@example.org,0606554767,Latur,Maharashtra,India,2021-08-13,Bronze,True
781,Warinder,Mital,Female,1976-06-18,kibedayita@example.org,8701183051,Chandigarh,Gujarat,India,2023-10-14,Gold,True
782,Jalsa,Vasa,Male,1991-11-03,ronith27@example.net,2992448146,Guntur,Tamil Nadu,India,2023-04-14,Bronze,False
783,Hredhaan,Date,Female,1976-01-14,ydalal@example.net,+919364287379,Ghaziabad,Gujarat,India,2023-03-07,Silver,True
784,Isaac,Sem,Male,1995-02-26,zachariahwishi@example.org,+919780851428,Loni,Uttar Pradesh,India,2023-08-29,Bronze,False
785,Akshay,Chada,Female,1974-01-21,tiwarichameli@example.org,+910080500647,Madhyamgram,Rajasthan,India,2022-12-20,Gold,True
786,Michael,Shetty,Male,1987-12-28,prakashshravya@example.org,+912479269293,Kochi,Gujarat,India,2023-04-01,Silver,False
787,Leena,Comar,Male,1985-04-05,tanveerdhar@example.org,3463209041,Udupi,Maharashtra,India,2024-09-22,Bronze,True
788,Benjamin,Kale,Male,1997-10-29,niteshsachdeva@example.com,+912421258252,Sri Ganganagar,Delhi,India,2025-03-04,Bronze,True
789,Watika,Jain,Female,1985-10-16,hiral52@example.net,9283371535,Mehsana,Delhi,India,2025-11-19,Bronze,False
790,Urmi,Sangha,Female,2001-11-10,maanav20@example.org,+916124201216,Proddatur,Karnataka,India,2025-01-15,Silver,True
791,Ekta,Goda,Female,1983-11-04,eaggarwal@example.org,+911558547244,Raebareli,Uttar Pradesh,India,2024-10-25,Silver,True
792,Mugdha,Kala,Female,2002-04-12,umani@example.net,+916889780610,Thane,Rajasthan,India,2024-07-17,Bronze,True
793,Alexander,Chada,Male,1984-05-12,hardikwadhwa@example.org,+918139279430,Hajipur,Gujarat,India,2023-07-26,Bronze,True
794,Rayaan,Gandhi,Male,2001-05-29,gprabhu@example.com,+910618224874,Begusarai,Delhi,India,2023-11-08,Gold,True
795,Mitesh,Varma,Male,2005-05-12,baradidika@example.com,2047260131,Tadepalligudem,Gujarat,India,2024-11-29,Silver,True
796,Chaman,Mitter,Male,1968-07-29,oliverraju@example.net,00064941347,Serampore,Uttar Pradesh,India,2025-10-13,Gold,True
797,Manthan,Suresh,Male,1981-05-25,csaini@example.org,+913449985871,Bhalswa Jahangir Pur,Delhi,India,2023-06-09,Bronze,True
798,Omisha,Bhargava,Female,1968-11-16,upkaar41@example.com,+914063952378,Naihati,West Bengal,India,2024-02-15,Gold,True
799,Madhav,Natt,Female,1971-10-29,chackoanjali@example.org,7537420934,Mirzapur,Gujarat,India,2023-08-13,Bronze,True
800,Jagdish,Lall,Female,1969-12-06,surimichael@example.net,+913744472086,Howrah,Karnataka,India,2022-12-15,Bronze,True
801,Hiral,Pillay,Female,1963-02-20,isaac34@example.com,2523254342,Ulhasnagar,Gujarat,India,2025-03-12,Silver,False
802,Bhavya,Shankar,Male,1955-10-03,ambletanmayi@example.org,7837575826,Gudivada,Rajasthan,India,2025-11-21,Platinum,True
803,Ubika,Kala,Female,2007-05-09,nkumar@example.net,+912960530808,Karaikudi,Gujarat,India,2025-10-03,Silver,True
804,Laban,Chaudhari,Male,1996-05-08,fbalan@example.org,+917504653226,Kolkata,Tamil Nadu,India,2021-09-19,Silver,True
805,Hamsini,Sane,Male,1972-09-28,ladsamar@example.com,+915434642165,Loni,West Bengal,India,2026-02-18,Silver,True
806,Aarush,Chandra,Male,1997-04-06,jhalak76@example.com,+910428498892,Pali,Uttar Pradesh,India,2022-02-14,Platinum,True
807,Nidra,Garde,Female,1962-11-02,irya37@example.org,8818435816,Tirunelveli,West Bengal,India,2021-10-05,Bronze,True
808,Mekhala,Bala,Male,1995-04-10,jgoyal@example.com,3394817437,Bilaspur,Rajasthan,India,2026-05-13,Silver,True
809,Imaran,Narayan,Female,1983-10-05,sakshamchana@example.com,1778432418,Sri Ganganagar,Rajasthan,India,2024-06-19,Silver,True
810,Harshil,Bassi,Male,1996-02-16,nadiggarima@example.net,4072433587,Siliguri,Gujarat,India,2023-10-26,Bronze,True
811,Ganga,Prakash,Female,1998-02-05,finn69@example.org,+912766487663,Malda,Tamil Nadu,India,2022-02-28,Gold,True
812,Bahadurjit,Ganguly,Male,2007-07-24,raghavdubey@example.net,3290304864,Bahraich,Delhi,India,2025-12-31,Bronze,True
813,Vinaya,Yadav,Female,1996-02-16,jai32@example.org,3956205667,Chittoor,Rajasthan,India,2024-12-04,Bronze,True
814,Isaiah,Pingle,Female,1989-07-29,upkaar57@example.com,+910559457011,Indore,Karnataka,India,2022-06-11,Bronze,True
815,Dipta,Singhal,Female,1956-12-19,viraj78@example.net,3218049248,Tiruvottiyur,Delhi,India,2022-02-25,Silver,False
816,Sarthak,Mohan,Female,1991-11-23,gavin95@example.org,00905538719,Gulbarga,West Bengal,India,2024-04-07,Bronze,True
817,Sneha,Prashad,Male,2007-07-10,om43@example.org,5088875606,Mumbai,Delhi,India,2025-10-18,Bronze,False
818,Ayush,Sanghvi,Male,1976-04-23,sathvik22@example.org,2339975776,Bidar,Rajasthan,India,2026-03-21,Gold,True
819,Vedant,Kar,Male,1970-01-12,obajwa@example.net,04562330871,Kakinada,Uttar Pradesh,India,2021-12-06,Bronze,True
820,Yoshita,Bobal,Female,1979-05-11,gayathri03@example.net,1541939272,Tadipatri,Maharashtra,India,2025-09-12,Bronze,True
821,Hemang,Yohannan,Male,2002-01-25,akshaywali@example.org,09289085936,Bardhaman,Tamil Nadu,India,2023-12-07,Silver,True
822,Finn,Loyal,Female,1995-06-13,somanshivani@example.org,6231185237,Bhubaneswar,Karnataka,India,2023-10-25,Bronze,False
823,Tanay,Narain,Female,1987-11-02,yohannananusha@example.org,9565607990,Fatehpur,West Bengal,India,2026-01-14,Bronze,False
824,Faras,Varty,Female,2001-03-15,qsamra@example.com,09768392608,Howrah,Maharashtra,India,2026-01-26,Bronze,True
825,Chatresh,Deshpande,Female,1957-09-26,fsahni@example.org,+915291484746,Rajkot,Maharashtra,India,2022-05-30,Gold,True
826,Megha,Dalal,Male,1983-10-13,balveer22@example.com,4091939197,Guntur,Maharashtra,India,2024-09-15,Silver,True
827,Vrishti,Deep,Male,1998-11-19,morezansi@example.com,3634771245,Sri Ganganagar,Rajasthan,India,2023-05-02,Bronze,True
828,Tamanna,Borra,Female,2006-02-23,petershah@example.net,9722233919,Vadodara,Gujarat,India,2022-02-19,Bronze,True
829,Sarthak,Subramaniam,Female,1956-02-12,iraja@example.net,+918820468800,Tiruvottiyur,Gujarat,India,2026-05-30,Bronze,True
830,Lipika,Bains,Female,1984-01-09,nbatra@example.net,00588401572,Ambala,Tamil Nadu,India,2022-12-19,Bronze,False
831,Libni,Mukherjee,Female,1987-05-05,dewanbhavna@example.net,+913148141322,Tirunelveli,Delhi,India,2024-12-11,Bronze,False
832,Krishna,Boase,Male,1986-08-17,girik49@example.com,08037492399,Panchkula,Delhi,India,2024-10-05,Bronze,True
833,Radha,Deshpande,Male,1963-07-15,psrinivasan@example.com,1556143327,Hindupur,Maharashtra,India,2024-03-25,Silver,True
834,Viraj,Aurora,Male,1970-07-12,parikhavi@example.com,3030278446,Panvel,Rajasthan,India,2026-04-11,Silver,True
835,Zayyan,Gour,Female,1969-06-24,pvig@example.org,+911551554410,Tadepalligudem,Gujarat,India,2026-02-11,Silver,True
836,Ekaja,Baria,Male,1992-08-29,amruta25@example.org,03759692612,Kishanganj,Karnataka,India,2023-08-11,Silver,True
837,Jatin,Peri,Male,1986-01-05,sankardivya@example.org,+910448796851,Srinagar,Karnataka,India,2024-11-28,Bronze,False
838,Gauri,Bhat,Male,1960-04-15,fbala@example.org,06878109182,Haridwar,Gujarat,India,2022-08-16,Bronze,True
839,George,Kumer,Male,1998-12-17,mannehemang@example.org,+910604962416,Rajahmundry,Maharashtra,India,2022-05-27,Bronze,True
840,Gautam,Rao,Female,2006-08-14,mluthra@example.org,1409271507,Ramgarh,Tamil Nadu,India,2024-06-17,Bronze,True
841,Anvi,Misra,Male,1975-12-30,qushiparekh@example.com,0317613505,Vadodara,Gujarat,India,2024-10-07,Bronze,True
842,Henry,Bajaj,Female,1974-03-23,anirudhpandit@example.net,02475785030,Berhampore,Delhi,India,2024-05-25,Silver,True
843,Hamsini,Sane,Male,1969-02-06,sarkarhemang@example.com,1240936247,Arrah,Rajasthan,India,2025-02-05,Silver,True
844,Unnati,Muni,Male,1967-11-17,vihaanchoudhury@example.net,01758047415,Mehsana,Maharashtra,India,2022-04-09,Silver,True
845,Gunbir,Kuruvilla,Female,1997-01-05,qsharaf@example.net,+913971516260,Muzaffarpur,Rajasthan,India,2024-10-31,Bronze,True
846,Girindra,Kapur,Male,2005-05-30,xkuruvilla@example.net,+919092482962,Dindigul,Karnataka,India,2026-06-16,Gold,False
847,Baljiwan,Tak,Male,1966-06-05,tanay32@example.org,06193813149,Dhanbad,Karnataka,India,2022-09-22,Silver,True
848,Yochana,Shetty,Male,2001-01-20,rmalhotra@example.net,5766341340,Srikakulam,Gujarat,India,2022-09-14,Silver,False
849,Jason,Khare,Female,1975-02-19,lekhanarasimhan@example.org,4404188571,Mira-Bhayandar,Gujarat,India,2023-09-09,Bronze,True
850,Tejas,Sengupta,Male,2000-10-23,vamakshibir@example.org,0113732098,Etawah,Maharashtra,India,2024-10-15,Gold,True
851,Saumya,Lanka,Female,1972-01-08,damyantikalita@example.org,1567150944,Ajmer,West Bengal,India,2023-02-24,Silver,True
852,Nimrat,Sehgal,Male,1960-06-03,bakhshi66@example.com,0480767838,Sri Ganganagar,Maharashtra,India,2024-01-13,Gold,True
853,Ayush,Solanki,Female,1986-01-08,xpradhan@example.org,03776944099,Dhanbad,Rajasthan,India,2025-04-05,Gold,True
854,Parth,Sahota,Male,1979-01-16,royyadavi@example.net,+911266403335,Hazaribagh,Rajasthan,India,2023-08-24,Gold,True
855,Pranit,Mitter,Male,1983-03-15,tbhardwaj@example.com,04383292450,Arrah,West Bengal,India,2024-04-27,Bronze,False
856,Teerth,Om,Female,1992-08-05,liamgade@example.com,1953375789,Siwan,West Bengal,India,2022-08-06,Silver,False
857,Aadi,Bir,Female,1982-02-10,dramesh@example.org,+911586536866,Satara,Tamil Nadu,India,2024-10-19,Bronze,True
858,Jeremiah,Pillai,Male,1970-03-25,lraju@example.org,5362128302,Ajmer,Karnataka,India,2024-11-02,Bronze,False
859,Tamanna,Shah,Female,1990-10-25,jasonkrishna@example.net,1184910755,Kakinada,Tamil Nadu,India,2022-01-28,Silver,True
860,Simon,Kala,Male,1983-08-21,vedhikaatwal@example.org,05237151407,Sambalpur,Tamil Nadu,India,2026-02-23,Bronze,False
861,Yashawini,Iyengar,Male,1967-03-25,jack45@example.net,+914781596844,Saharsa,West Bengal,India,2023-01-04,Bronze,True
862,Pranit,Bath,Female,1967-01-29,smohan@example.com,+918221141699,Bathinda,Rajasthan,India,2024-07-17,Bronze,True
863,Jhalak,Basu,Female,1977-04-24,yashicarai@example.org,07884044257,Ludhiana,Karnataka,India,2026-05-02,Bronze,True
864,Qasim,Mital,Female,1986-06-19,subramaniamcharita@example.net,+918725764835,Bidar,Rajasthan,India,2025-08-06,Silver,False
865,Tamanna,Kannan,Male,1965-03-04,ikbal46@example.org,00129728738,Jalgaon,Maharashtra,India,2025-04-02,Bronze,True
866,Indrajit,Ray,Female,1999-02-17,gmadan@example.com,08567814061,Thiruvananthapuram,Uttar Pradesh,India,2023-12-02,Gold,True
867,Vasana,Mand,Female,1955-10-05,diyadin@example.org,+910892914784,Motihari,Rajasthan,India,2025-08-06,Bronze,True
868,Pranav,Samra,Male,1964-01-16,prishavaidya@example.org,06010948886,Sonipat,Delhi,India,2022-12-08,Silver,False
869,Kevin,Bahri,Female,1961-09-22,jeevikawable@example.org,01340965855,Loni,Delhi,India,2025-03-01,Bronze,False
870,Alka,Om,Female,1959-04-21,zayyan15@example.org,01164170736,Muzaffarpur,Karnataka,India,2022-06-19,Gold,False
871,Arunima,Madan,Female,1976-08-03,qmammen@example.net,+910858281455,Aligarh,Karnataka,India,2025-08-27,Platinum,True
872,Viraj,Anne,Male,2005-08-14,zehaanmitra@example.com,04009787308,Chapra,West Bengal,India,2022-03-13,Bronze,True
873,Abhimanyu,Khatri,Male,1966-11-25,oeshi05@example.com,08506865214,Ongole,Gujarat,India,2024-01-30,Gold,True
874,Harshil,Menon,Female,1998-08-21,farajnadkarni@example.net,+911279410499,Thanjavur,Rajasthan,India,2025-10-21,Bronze,True
875,Chanakya,Savant,Male,1978-10-24,yparmar@example.net,7769996421,Malegaon,Uttar Pradesh,India,2025-03-13,Bronze,False
876,Ayushman,Datta,Female,2005-11-18,chavvi60@example.net,9987619939,Indore,Uttar Pradesh,India,2025-03-31,Bronze,True
877,Orinder,Raju,Male,1986-01-17,oshan@example.com,05206882137,Mehsana,Rajasthan,India,2023-03-10,Bronze,True
878,Onveer,Gala,Female,1980-08-18,sankaranrudra@example.org,02076732769,Ahmedabad,Karnataka,India,2025-10-03,Bronze,True
879,Yashvi,Raja,Female,1961-02-27,rsrinivasan@example.net,01042949504,Bijapur,Tamil Nadu,India,2022-05-16,Gold,False
880,Bakhshi,Ram,Male,1996-07-26,oshenoy@example.net,+919468159899,Visakhapatnam,Gujarat,India,2024-03-29,Silver,True
881,Urvi,Behl,Male,2007-05-29,aahana44@example.com,07214758099,South Dumdum,West Bengal,India,2025-08-03,Bronze,True
882,Aarav,Vora,Female,1993-04-22,yochana47@example.com,09249359418,Pali,Karnataka,India,2021-11-01,Silver,True
883,Ikshita,Trivedi,Male,2002-02-16,avi43@example.com,05909409700,Rajkot,Uttar Pradesh,India,2022-01-30,Bronze,True
884,Anirudh,Khare,Female,1988-06-22,arunimabasak@example.org,8715600619,Agra,Maharashtra,India,2022-10-29,Silver,True
885,Vasana,Sandal,Female,1999-07-13,tailorlakshit@example.com,+915397421708,Kavali,Uttar Pradesh,India,2022-06-01,Gold,True
886,Amol,Oza,Male,1978-07-14,upadhriti36@example.net,+914599742889,Vadodara,Tamil Nadu,India,2022-10-11,Bronze,True
887,Chanchal,Balan,Female,2001-12-02,idyal@example.org,+917513723282,Arrah,West Bengal,India,2021-11-30,Platinum,True
888,Kala,Pant,Female,1964-12-15,neelimagade@example.com,01014967388,Loni,West Bengal,India,2022-11-04,Platinum,True
889,Amol,Mittal,Female,1962-11-08,charlesnagi@example.com,04655978621,Vadodara,Tamil Nadu,India,2021-09-28,Bronze,True
890,Zaid,Arora,Female,2002-09-11,joshifrederick@example.org,0317258196,Chandigarh,Delhi,India,2024-09-26,Bronze,True
891,Waida,Sani,Female,1957-10-19,dassanjali@example.org,+916216273298,Meerut,Tamil Nadu,India,2022-10-15,Platinum,True
892,Oliver,Mani,Female,1976-08-12,wkanda@example.net,0465434700,Bally,Karnataka,India,2022-06-07,Silver,False
893,Qadim,Nagi,Female,1962-11-22,loganrama@example.com,3927870487,Thrissur,Gujarat,India,2022-04-02,Gold,False
894,William,Chad,Male,1992-07-25,tararohan@example.net,+910988048829,Gurgaon,Karnataka,India,2023-05-29,Bronze,True
895,Bhavani,Nagar,Male,2001-01-11,zchander@example.org,+910502233961,Navi Mumbai,Maharashtra,India,2026-05-28,Bronze,True
896,Zinal,Ray,Female,2004-06-28,shivani68@example.net,+915358524951,Gurgaon,Gujarat,India,2026-07-14,Bronze,True
897,Ladli,Loke,Female,2007-05-13,ldyal@example.org,+914308985929,Ajmer,Delhi,India,2025-07-24,Silver,True
898,Noah,Mannan,Female,1991-05-19,anmol65@example.net,8168279212,Bulandshahr,Uttar Pradesh,India,2026-06-17,Bronze,True
899,Geetika,Jha,Female,1982-01-23,pkulkarni@example.org,00898327435,Bally,Delhi,India,2026-04-06,Silver,True
900,Radha,Panchal,Male,1973-03-24,pushti16@example.org,7470793991,Nadiad,West Bengal,India,2023-03-14,Bronze,True
901,Gayathri,Madan,Male,1982-07-04,ansh33@example.org,04905085679,Jamalpur,Maharashtra,India,2024-04-03,Silver,True
902,Daksha,Halder,Female,2001-12-25,janaki42@example.net,+916906782207,Kadapa,Delhi,India,2021-11-05,Gold,True
903,Dev,Balay,Male,1959-04-26,parsaeta@example.net,6472274215,Motihari,Delhi,India,2024-10-17,Bronze,True
904,Farhan,Barad,Male,1988-11-14,pratyushjaggi@example.org,1669043139,Indore,Tamil Nadu,India,2022-12-28,Platinum,True
905,Jeremiah,Sridhar,Female,1971-02-16,tanvidatta@example.net,00132934881,Etawah,Maharashtra,India,2024-07-03,Bronze,True
906,Henry,Ben,Male,1968-05-19,ria86@example.com,+914583539283,Visakhapatnam,Tamil Nadu,India,2024-02-01,Silver,True
907,Rehaan,Peri,Male,1965-04-16,jonathanganesh@example.org,1381251725,Surat,Rajasthan,India,2022-08-23,Bronze,True
908,Lavanya,Goda,Male,2004-01-12,mohini53@example.org,02947674215,Gudivada,Tamil Nadu,India,2026-04-14,Gold,True
909,Zehaan,Som,Female,1970-01-09,nsaraf@example.net,02025914400,Moradabad,Uttar Pradesh,India,2022-12-06,Silver,True
910,Hredhaan,Palla,Male,1980-01-10,gmukhopadhyay@example.net,6033091492,Kota,Rajasthan,India,2022-06-11,Silver,True
911,Jackson,Chandran,Male,1974-08-18,maanas65@example.org,4751580866,Bhiwandi,Tamil Nadu,India,2026-01-26,Bronze,False
912,Radha,Ray,Male,1994-10-29,kashish02@example.net,+919643123878,Bhopal,Rajasthan,India,2025-10-07,Bronze,True
913,Tanmayi,Ramesh,Female,2006-05-20,chandraeesha@example.net,01023345790,Solapur,Rajasthan,India,2022-03-08,Bronze,True
914,Eesha,Sethi,Female,1988-12-09,vsaini@example.com,+918758539686,Panihati,Maharashtra,India,2025-08-18,Bronze,True
915,Aadi,Bumb,Female,1966-09-28,anthony00@example.net,02880164238,Jalgaon,Delhi,India,2025-09-24,Gold,True
916,Lajita,Sethi,Male,1960-12-04,kchauhan@example.org,+914889676787,Mangalore,Rajasthan,India,2026-04-04,Bronze,True
917,Tarak,Narasimhan,Female,1989-02-17,yatinkonda@example.org,9546645929,Nangloi Jat,Gujarat,India,2024-07-08,Silver,True
918,Mohammed,Kata,Male,1970-10-03,lkaran@example.com,09523720671,Bhalswa Jahangir Pur,Rajasthan,India,2022-12-21,Silver,False
919,Lucky,Sami,Female,1990-09-27,zchakrabarti@example.net,06462849697,Faridabad,Maharashtra,India,2024-06-13,Bronze,True
920,Harita,Acharya,Female,1996-02-28,amolsathe@example.com,09663318758,Silchar,Karnataka,India,2021-12-03,Gold,True
921,Yashawini,Parsa,Male,1982-12-15,chavvi83@example.net,04795476679,Bettiah,Karnataka,India,2025-10-16,Bronze,True
922,Jalsa,Grover,Female,1981-10-09,siddharth98@example.com,01595073607,Bhavnagar,Karnataka,India,2022-03-24,Bronze,False
923,Pallavi,Agrawal,Male,2001-09-05,logandewan@example.com,4615077141,Tiruchirappalli,Tamil Nadu,India,2025-05-21,Bronze,True
924,Liam,Kurian,Male,1964-10-03,sameshkibe@example.org,2420471530,Ranchi,Karnataka,India,2024-03-03,Bronze,True
925,Geetika,Rai,Female,1988-03-22,sarthak65@example.com,3776476602,Bhilwara,Karnataka,India,2022-07-15,Silver,True
926,Zarna,Chaudhari,Female,1983-07-20,urishillaagrawal@example.org,06755389289,Dehri,West Bengal,India,2023-08-25,Bronze,False
927,Udant,Barman,Female,1965-04-21,yashvidhillon@example.org,+916364894762,Malegaon,Rajasthan,India,2025-11-03,Bronze,True
928,Inaya,Dara,Male,1991-02-19,noah09@example.org,8576805439,Davanagere,Karnataka,India,2023-09-19,Silver,True
929,Megha,Dada,Male,1984-04-14,shankerpranav@example.org,+910723122004,Parbhani,Rajasthan,India,2022-08-03,Gold,True
930,Watika,Sane,Female,1978-08-30,alka53@example.net,+918208284364,Nagpur,Gujarat,India,2023-01-23,Silver,True
931,Neha,Oak,Female,1994-09-12,uramachandran@example.org,08783979478,Giridih,West Bengal,India,2026-02-21,Bronze,True
932,Kalpit,Saha,Female,1959-09-19,netra77@example.net,+919150362378,Hyderabad,Tamil Nadu,India,2025-10-12,Silver,True
933,Yashvi,Sengupta,Female,1972-10-03,snehakalla@example.net,08760077388,Kozhikode,Gujarat,India,2022-07-04,Platinum,True
934,Yamini,Batta,Female,1960-10-04,wbobal@example.net,+918410116440,Thiruvananthapuram,Rajasthan,India,2025-04-10,Platinum,True
935,Nitesh,Bajwa,Male,2000-03-27,sai11@example.org,8950991001,Srinagar,Karnataka,India,2024-09-25,Bronze,False
936,Ethan,Bail,Male,1959-06-18,prishadhar@example.com,1230409937,Tenali,Gujarat,India,2025-12-17,Bronze,True
937,Damini,Sawhney,Male,1971-12-31,ekavircomar@example.com,7216421634,Sikar,West Bengal,India,2024-01-16,Gold,True
938,Vedhika,Pingle,Male,1963-11-24,deshmukhkrish@example.net,6756968279,Chittoor,Tamil Nadu,India,2021-09-25,Bronze,True
939,Upadhriti,Soni,Male,1965-01-27,varkeyfaraj@example.net,5099604925,Guna,Karnataka,India,2022-07-29,Bronze,True
940,Eshana,Chandran,Female,1975-12-28,henry17@example.com,00167939643,Sagar,Karnataka,India,2024-07-09,Bronze,True
941,Leela,Deep,Female,1968-09-25,yashicanarayanan@example.net,+914620097366,Shimoga,Karnataka,India,2024-04-29,Bronze,False
942,Jhalak,Varughese,Female,1993-07-13,sarthakprakash@example.org,9257224197,Tenali,Rajasthan,India,2022-06-26,Bronze,True
943,Girindra,Naidu,Male,1997-01-31,mamble@example.com,+914424406147,Firozabad,Gujarat,India,2021-12-12,Silver,True
944,Warhi,Ratti,Female,1974-03-14,ryansibal@example.com,4604610994,Tiruchirappalli,Uttar Pradesh,India,2023-04-01,Bronze,True
945,Upasna,Apte,Male,1977-09-15,sathvik11@example.com,06526109578,Durgapur,Rajasthan,India,2022-05-28,Gold,False
946,Udarsh,Prabhakar,Male,1975-08-13,elal@example.com,3270782364,Sasaram,Maharashtra,India,2025-12-27,Bronze,True
947,Hamsini,Kadakia,Female,1967-06-11,vcherian@example.com,08882198996,Jorhat,Gujarat,India,2024-07-20,Gold,True
948,Turvi,Jayaraman,Female,1996-02-01,liladivan@example.net,9803555096,Amroha,Uttar Pradesh,India,2021-07-30,Bronze,True
949,Janaki,Anand,Female,1987-05-14,manetanvi@example.net,05399277410,Dhule,Uttar Pradesh,India,2024-05-10,Silver,True
950,Joshua,Mahajan,Male,1964-01-24,ysaini@example.net,1208973606,Giridih,Gujarat,India,2021-09-24,Gold,True
951,Sarthak,Bansal,Male,1971-07-25,godashivansh@example.net,2300798213,Akola,Gujarat,India,2023-06-21,Silver,True
952,Jeet,Rege,Male,1972-04-10,joshua05@example.net,+912831397347,Tinsukia,Maharashtra,India,2024-07-27,Gold,True
953,Quincy,Pant,Female,1963-12-29,andrakala@example.com,+911184096716,Morena,Delhi,India,2026-06-07,Gold,True
954,Libni,Raju,Female,1965-07-09,daniindira@example.org,+918874589008,Ambala,Tamil Nadu,India,2025-10-28,Bronze,True
955,Upma,Sheth,Female,1977-03-02,sacharnilima@example.org,05030053007,Burhanpur,Tamil Nadu,India,2026-06-13,Bronze,True
956,Ekbal,Chakraborty,Female,1966-10-27,andrahitesh@example.net,+911865320164,Dehradun,Rajasthan,India,2026-02-06,Silver,True
957,Victor,Mittal,Male,1996-05-18,sahotasanya@example.com,+912549751232,Khammam,Tamil Nadu,India,2024-01-06,Bronze,True
958,Falan,Keer,Male,1987-03-19,tripathichaitanya@example.org,9464959115,Dharmavaram,Uttar Pradesh,India,2024-02-10,Gold,True
959,Ranbir,Rama,Male,1965-08-02,enagi@example.org,0665169627,Sasaram,Uttar Pradesh,India,2025-10-27,Bronze,True
960,Yashasvi,Gade,Female,1986-01-01,gopaldhruv@example.net,+916499336748,Vadodara,Delhi,India,2023-12-20,Bronze,True
961,Balveer,Mohan,Female,1988-04-12,krishnamurthyjanani@example.org,+917241920028,Anantapuram,West Bengal,India,2021-11-14,Bronze,False
962,Oeshi,Ramachandran,Male,2001-11-13,pooja86@example.com,7293716604,Farrukhabad,Maharashtra,India,2024-08-10,Platinum,True
963,Hemal,Shanker,Male,1994-06-23,girishtailor@example.org,00139208496,Kulti,Gujarat,India,2021-08-02,Gold,True
964,Hemangini,Sampath,Male,1968-09-01,tatatheodore@example.com,9994058952,Anand,West Bengal,India,2025-08-16,Silver,True
965,Varsha,Trivedi,Male,1962-07-29,radhika49@example.org,5067038059,Jamalpur,Gujarat,India,2026-04-11,Bronze,True
966,Om,Rajagopal,Female,1998-07-13,varmaanirudh@example.net,+918798826377,Kamarhati,Rajasthan,India,2025-02-26,Gold,True
967,Indali,Pillai,Female,2001-12-20,chanakya63@example.com,4377356315,Karimnagar,Uttar Pradesh,India,2022-07-20,Gold,True
968,Chakrika,Vyas,Male,1992-11-14,ikuruvilla@example.com,+913163367328,Chapra,Uttar Pradesh,India,2025-05-24,Bronze,True
969,Nidra,Sami,Female,1992-09-23,amaira50@example.com,2901522027,Pune,Delhi,India,2021-10-19,Bronze,True
970,Qasim,Dhar,Female,1973-06-13,raksha11@example.net,03034081828,Dewas,Karnataka,India,2026-02-06,Silver,False
971,Xalak,Hayer,Female,1978-11-23,guneettank@example.com,08627587950,Haridwar,Karnataka,India,2023-06-02,Bronze,False
972,Avni,Baral,Female,1958-07-04,nsamra@example.net,0456219927,Gopalpur,Delhi,India,2022-07-17,Silver,False
973,Ishwar,Taneja,Male,2006-06-28,zmani@example.net,05938696523,Rajpur Sonarpur,Delhi,India,2024-01-31,Bronze,True
974,Ayush,Sampath,Male,1984-05-10,zayan30@example.com,+919607595146,Chapra,Maharashtra,India,2022-04-26,Gold,True
975,Omaja,Sharma,Male,1995-10-17,zayyanseth@example.net,00933690291,Gwalior,Tamil Nadu,India,2023-01-22,Bronze,True
976,Isaac,Luthra,Female,1964-04-05,darfarhan@example.org,2643353260,Thiruvananthapuram,Maharashtra,India,2025-05-02,Gold,True
977,Jagat,Ramakrishnan,Male,1989-08-07,yashicarege@example.org,02962534010,Khammam,Delhi,India,2022-02-15,Bronze,False
978,Jeevika,Ramakrishnan,Female,1990-02-10,fluthra@example.org,9069045541,Pudukkottai,Tamil Nadu,India,2023-03-23,Bronze,False
979,Indrajit,Kibe,Male,1987-05-14,horanathaniel@example.org,+914296954434,Karnal,Tamil Nadu,India,2025-08-11,Silver,True
980,Devansh,Nagarajan,Male,1985-11-29,prishadhar@example.com,09248883880,Chittoor,Rajasthan,India,2025-11-22,Gold,True
981,Vedika,Apte,Male,1979-10-27,gunbirchakrabarti@example.com,+911813871984,Purnia,West Bengal,India,2023-07-28,Bronze,True
982,Oeshi,Sarkar,Male,2004-06-06,skrishnan@example.org,+917489312981,Sagar,Delhi,India,2026-05-15,Silver,False
983,Aarna,Deshmukh,Male,1997-07-28,nkeer@example.org,04681366521,Ballia,Karnataka,India,2022-12-15,Bronze,True
984,Aarush,Jayaraman,Male,2006-08-17,ydoctor@example.net,02517765176,Jalna,Karnataka,India,2023-01-05,Bronze,True
985,Nihal,Ray,Male,2002-11-22,nimrat69@example.net,+916474164877,Anantapur,West Bengal,India,2021-08-14,Silver,True
986,Azaan,Subramanian,Male,1968-07-21,devika03@example.com,6051989052,Bhopal,West Bengal,India,2023-01-25,Bronze,False
987,Gaurang,Mangat,Female,1975-11-03,kashishdave@example.com,+917967876200,Vijayawada,Rajasthan,India,2024-11-25,Silver,True
988,Yasti,Dar,Female,1970-07-27,gautami72@example.net,1628554953,Hazaribagh,Tamil Nadu,India,2022-03-23,Bronze,True
989,Girish,Karan,Male,2008-04-26,anamikalata@example.com,07775460022,Jaunpur,Gujarat,India,2025-09-08,Silver,False
990,Ekani,Ravi,Female,1972-06-24,jacob38@example.org,04026084220,Silchar,Delhi,India,2023-05-02,Bronze,True
991,Aarnav,Balan,Male,1990-04-09,acharyatanay@example.net,+912776390271,Khammam,Maharashtra,India,2023-12-31,Bronze,True
992,Anya,Biswas,Female,2001-12-09,aachal08@example.org,05309098467,Patiala,West Bengal,India,2022-08-31,Bronze,True
993,Advay,Kala,Female,1973-06-23,darshdara@example.com,06529046200,Pudukkottai,Gujarat,India,2023-06-12,Bronze,False
994,Gautami,Chaudhari,Female,1986-09-09,lgopal@example.net,+911294883273,Hapur,Gujarat,India,2024-02-05,Platinum,False
995,Parth,Merchant,Male,1995-07-13,zdesai@example.org,02291792626,Cuttack,West Bengal,India,2025-11-30,Silver,False
996,Hritik,Raghavan,Male,1972-01-03,diyapandit@example.org,1203053056,Mathura,Rajasthan,India,2025-07-22,Silver,False
997,Hemal,Kala,Female,1971-11-30,dsheth@example.net,09148949295,Belgaum,Gujarat,India,2022-05-02,Silver,False
998,Qushi,Raman,Male,1960-03-12,owen28@example.org,05489701720,Akola,Karnataka,India,2025-06-08,Silver,False
999,Dipta,Bava,Male,1983-11-22,rudrasalvi@example.net,04371576755,Ongole,Karnataka,India,2025-05-12,Bronze,False
1000,Reva,Bobal,Female,2003-06-26,rrau@example.com,02806018548,Jamnagar,Maharashtra,India,2022-09-02,Bronze,True
1001,Gabriel,Dada,Male,1957-11-02,kiaan68@example.org,+911892936495,Bhind,Tamil Nadu,India,2026-06-12,Bronze,False
1002,Aadi,Prasad,Male,1957-01-13,krishna77@example.com,09311997320,Bongaigaon,Karnataka,India,2023-01-30,Bronze,True
1003,Mitesh,Sampath,Male,1988-10-14,nicholaschacko@example.com,06844848248,Panihati,Maharashtra,India,2025-08-24,Silver,False
1004,Rachita,Khare,Female,2002-08-19,ganeshdiya@example.org,+915739985811,Loni,Maharashtra,India,2024-06-22,Gold,True
1005,Hritik,Rattan,Female,1975-05-02,yauvani10@example.org,+911294560619,Shahjahanpur,Uttar Pradesh,India,2024-03-19,Bronze,True
1006,Advaith,Rana,Male,2007-12-12,sabharwalandrew@example.net,04997657081,Gandhinagar,Maharashtra,India,2023-09-03,Silver,True
1007,David,Sathe,Male,1995-06-21,jaibhatt@example.com,03505001001,Arrah,Maharashtra,India,2024-01-12,Bronze,True
1008,Jagat,Bhatia,Male,1997-04-11,chatreshkrishnan@example.com,+913965475172,Berhampur,Karnataka,India,2025-09-08,Platinum,False
1009,Champak,Shroff,Female,1992-12-11,mitesh15@example.org,00186442028,Raebareli,West Bengal,India,2023-06-24,Bronze,True
1010,Janani,Buch,Male,1991-01-11,yashasvi83@example.net,3879048183,Thanjavur,Karnataka,India,2022-04-15,Gold,True
1011,Advik,Bahri,Female,1961-08-02,ucchalsrivastava@example.net,+912818841456,Chapra,Rajasthan,India,2026-04-20,Platinum,True
1012,Yasti,Ganesan,Male,1978-06-17,zehaanpandit@example.com,8671397021,Ramagundam,Delhi,India,2022-08-26,Bronze,False
1013,Advaith,Mukhopadhyay,Male,1988-04-09,iravarma@example.net,08440047187,Khora ,Gujarat,India,2026-06-16,Bronze,True
1014,Kritika,Chaudhuri,Male,1960-07-05,qushi23@example.com,00924822097,Gaya,Gujarat,India,2021-08-03,Bronze,True
1015,Aarush,Rao,Female,1989-08-17,riajoshi@example.net,7215941032,Bhatpara,Gujarat,India,2022-12-04,Silver,False
1016,Jackson,Mital,Female,1975-11-02,meghanabhatia@example.com,+911143663923,Vadodara,Delhi,India,2024-06-04,Silver,False
1017,Saanvi,Sawhney,Female,1990-07-22,tanish49@example.net,01561690954,Danapur,Maharashtra,India,2024-08-09,Bronze,True
1018,Dalaja,Behl,Male,2007-04-08,cchhabra@example.org,09120727207,Ichalkaranji,West Bengal,India,2025-01-05,Silver,True
1019,Ati,Bahri,Male,1972-09-23,neelimakulkarni@example.com,+918605903363,Mysore,Rajasthan,India,2026-03-13,Bronze,True
1020,Vedika,Trivedi,Male,1994-08-01,qramaswamy@example.net,+915044903553,Asansol,Gujarat,India,2022-11-01,Bronze,True
1021,Idika,Doshi,Female,1959-04-11,sinhabenjamin@example.net,3483408319,Amroha,Rajasthan,India,2022-02-21,Bronze,True
1022,Reva,Narang,Female,1955-10-07,jonathan62@example.com,00997327139,Mathura,Rajasthan,India,2024-05-25,Bronze,True
1023,Simon,Jain,Male,2004-03-20,naiklakshmi@example.org,9137109029,Raipur,Delhi,India,2024-06-10,Bronze,True
1024,Balhaar,Chakraborty,Male,2000-07-30,sarmaveer@example.com,+911677304867,Hubli–Dharwad,Delhi,India,2021-09-06,Gold,True
1025,Arya,Shah,Male,1966-10-29,qsalvi@example.net,+915451571094,Nangloi Jat,Delhi,India,2024-08-25,Gold,True
1026,Charan,Ramaswamy,Male,1993-12-04,falak32@example.com,05957113464,South Dumdum,Karnataka,India,2025-03-21,Bronze,True
1027,Watika,Nair,Female,1972-08-21,kalpit96@example.net,+919857827003,Ujjain,Maharashtra,India,2023-07-10,Silver,True
1028,Nicholas,Oza,Female,2003-11-07,uchoudhry@example.net,08398773055,Naihati,Rajasthan,India,2022-01-15,Silver,False
1029,Gayathri,Johal,Female,1962-04-22,fchakraborty@example.com,08486226830,Arrah,Uttar Pradesh,India,2021-09-30,Bronze,True
1030,Nathan,Thakkar,Female,1996-12-21,gaurangshenoy@example.net,+916401443311,Madanapalle,Delhi,India,2025-03-25,Silver,True
1031,Lopa,Pant,Male,2000-04-05,tanejaupkaar@example.net,07870258516,Meerut,West Bengal,India,2024-07-13,Bronze,True
1032,Chasmum,Ben,Female,1987-06-28,minhasturvi@example.org,5749504097,Patiala,West Bengal,India,2025-04-04,Gold,True
1033,Deepa,Raman,Female,1964-06-28,yogiqushi@example.org,8186613480,Begusarai,Karnataka,India,2025-04-05,Silver,False
1034,Radhika,Andra,Female,1966-02-19,varmasaumya@example.com,+919080637854,Siliguri,Maharashtra,India,2021-07-28,Bronze,True
1035,Ekansh,Dayal,Female,1972-07-31,parthravel@example.org,6727776433,Noida,Karnataka,India,2023-04-19,Bronze,True
1036,Jatin,Sibal,Male,1956-06-28,ravelmatthew@example.com,04539081148,Kadapa,Gujarat,India,2024-12-11,Bronze,False
1037,Farhan,Tripathi,Female,1995-06-05,duajanani@example.net,+919491713406,Firozabad,Rajasthan,India,2023-07-26,Bronze,False
1038,Lajita,Sibal,Male,1964-11-17,bachittar01@example.org,08015868581,Jalandhar,West Bengal,India,2022-06-03,Silver,True
1039,Dhruv,Sandhu,Female,1989-12-29,xgrover@example.org,7914227650,Kharagpur,West Bengal,India,2023-11-19,Bronze,True
1040,Daksh,Prashad,Male,1972-05-29,mdhillon@example.net,+912155209912,Bathinda,Delhi,India,2025-07-01,Gold,True
1041,Aachal,Bajwa,Male,2002-08-14,udarsh93@example.org,4147477569,Cuttack,West Bengal,India,2023-11-16,Gold,True
1042,Lohit,Keer,Male,1973-12-05,nathshravya@example.net,8205039583,Tenali,Tamil Nadu,India,2024-02-18,Bronze,True
1043,Vanya,Bobal,Male,1994-04-19,faqid76@example.com,+916018742163,Kirari Suleman Nagar,West Bengal,India,2023-02-01,Bronze,True
1044,Vamakshi,Kadakia,Female,1991-04-23,ira77@example.net,00824366629,Gorakhpur,Gujarat,India,2025-02-11,Bronze,True
1045,Divya,Narain,Female,2006-05-10,advikatara@example.org,+912506748147,Mango,Karnataka,India,2024-10-04,Silver,True
1046,Wahab,Varghese,Male,1968-01-10,yutika85@example.net,+919063634942,Patna,Gujarat,India,2025-10-15,Bronze,True
1047,Henry,Sha,Female,1977-03-04,znair@example.net,05137141305,Rajkot,Rajasthan,India,2021-09-23,Bronze,True
1048,Vinaya,Narasimhan,Female,2002-01-10,pingleparth@example.org,+918780542928,Panvel,Rajasthan,India,2024-11-05,Bronze,True
1049,Ekta,Gara,Female,1965-11-21,mohammed49@example.org,4066608660,Kirari Suleman Nagar,Delhi,India,2024-03-06,Silver,True
1050,Warinder,Chahal,Female,1967-04-17,hsha@example.net,0947275910,Korba,Rajasthan,India,2023-07-07,Bronze,False
1051,Rehaan,Hora,Female,1955-09-29,advayrao@example.com,+910192940224,Ballia,Karnataka,India,2026-07-15,Bronze,True
1052,Aarini,Rout,Female,1958-10-24,kibejack@example.net,+916552413636,Bhiwani,Tamil Nadu,India,2024-09-03,Gold,True
1053,Indrajit,Tak,Female,1963-12-01,rushil83@example.net,+912260190549,Tirunelveli,West Bengal,India,2025-05-04,Gold,True
1054,Veer,Apte,Male,1956-07-04,ganesanyashvi@example.com,+910983080709,Fatehpur,Tamil Nadu,India,2022-07-04,Bronze,True
1055,Nathan,Pathak,Female,2005-08-28,rudra94@example.net,08671719339,Bhavnagar,Gujarat,India,2021-11-30,Silver,False
1056,Falak,Choudhry,Female,2005-07-02,chakrikaramesh@example.org,+911981618742,Purnia,Uttar Pradesh,India,2022-07-31,Silver,True
1057,Raghav,Sangha,Female,1998-12-08,mbaria@example.com,00387780151,Mehsana,West Bengal,India,2024-11-30,Bronze,True
1058,Chanchal,Bhasin,Male,2004-08-06,mmutti@example.net,00679342293,Ghaziabad,Delhi,India,2023-07-13,Silver,True
1059,Udarsh,Dua,Male,1974-08-29,dhruvgill@example.org,03149788532,Tiruchirappalli,Tamil Nadu,India,2022-01-27,Bronze,True
1060,Nidhi,Prakash,Male,1979-03-23,khoslafalak@example.net,4442678237,Nagaon,Uttar Pradesh,India,2024-09-08,Silver,True
1061,Jackson,Pant,Female,1974-04-12,gagate@example.org,4309741737,Dewas,Karnataka,India,2025-05-01,Bronze,True
1062,Mekhala,Tara,Male,1961-01-20,frederickbarad@example.org,07995833439,Guwahati,West Bengal,India,2023-11-13,Bronze,True
1063,Faraj,Dubey,Female,1973-11-16,manneveer@example.org,6822948085,Udupi,Uttar Pradesh,India,2025-08-26,Silver,True
1064,Anusha,Batta,Male,1969-08-17,prisha04@example.org,2720690478,Vasai-Virar,Maharashtra,India,2025-06-18,Bronze,True
1065,Zashil,Bir,Female,1965-08-18,msamra@example.com,1968001789,Rajahmundry,Uttar Pradesh,India,2024-01-27,Bronze,True
1066,Ranbir,Dass,Female,2006-08-17,ohegde@example.net,1390300975,Varanasi,Tamil Nadu,India,2026-04-29,Platinum,True
1067,Jyoti,Batra,Female,1959-07-06,solankioeshi@example.net,4682507392,Ajmer,West Bengal,India,2021-09-18,Silver,True
1068,Baljiwan,Natarajan,Female,1986-12-21,dhriti81@example.org,9200550644,Ujjain,Uttar Pradesh,India,2023-09-05,Silver,True
1069,Eshana,Maharaj,Female,1996-10-21,urishilla18@example.org,+912057849854,Mathura,Gujarat,India,2024-03-04,Bronze,True
1070,Manan,Batta,Male,1956-01-03,mayaratta@example.net,02113942240,Bhusawal,Gujarat,India,2025-10-31,Bronze,True
1071,Harsh,Uppal,Female,2001-05-19,kuruvillasaanvi@example.net,+916086725404,Guna,Gujarat,India,2025-11-06,Bronze,True
1072,Alka,Naidu,Female,1978-01-10,vihaan96@example.com,03862060955,Hindupur,Uttar Pradesh,India,2026-05-12,Bronze,False
1073,Xavier,Sani,Female,1956-12-16,farajbarad@example.com,+916205496848,Mau,Delhi,India,2025-04-30,Silver,True
1074,Fariq,Rout,Male,1989-05-10,balvan09@example.net,08666027535,Madhyamgram,West Bengal,India,2024-05-27,Gold,False
1075,Samarth,Iyer,Female,1987-04-16,forum10@example.net,01560703306,Dhule,Delhi,India,2025-07-24,Bronze,False
1076,Aarna,Radhakrishnan,Female,1987-08-28,fariqchaudhuri@example.com,5989551662,Nangloi Jat,Delhi,India,2024-10-23,Bronze,False
1077,Andrew,Balakrishnan,Male,1961-09-30,simonchaudhari@example.org,0829889256,Belgaum,Gujarat,India,2021-10-20,Bronze,True
1078,Indira,Mannan,Female,1978-08-23,unnirai@example.org,+913493539840,Bulandshahr,Delhi,India,2026-06-12,Gold,True
1079,Abdul,Dube,Male,2006-10-27,sidhuvedika@example.com,02571596080,Panipat,Gujarat,India,2023-03-23,Bronze,False
1080,Wridesh,Bahri,Female,1957-04-18,idash@example.com,8196929727,Gandhidham,Gujarat,India,2025-07-11,Silver,False
1081,Damyanti,Dube,Male,1988-04-26,gabrielhari@example.net,6805097017,Aizawl,Rajasthan,India,2025-08-24,Bronze,True
1082,Samuel,Raman,Male,1988-02-21,chawlaira@example.net,+919916785500,Ghaziabad,Tamil Nadu,India,2023-02-24,Platinum,True
1083,Qarin,Kalla,Female,1979-12-09,anandsamarth@example.net,+916901019927,Korba,Tamil Nadu,India,2024-04-19,Silver,True
1084,Shaurya,Arora,Male,1993-08-22,odhingra@example.net,2709759247,Dindigul,Karnataka,India,2025-04-17,Bronze,False
1085,Madhav,Gopal,Male,1989-12-05,kmand@example.com,+917589966144,Barasat,Rajasthan,India,2023-05-12,Bronze,False
1086,Girik,Ravel,Female,1981-04-16,gadeaayush@example.org,0558780099,Meerut,Uttar Pradesh,India,2022-02-25,Silver,True
1087,Chandran,Pathak,Female,1963-12-06,gopalaarav@example.org,06877842856,Jehanabad,Karnataka,India,2026-02-12,Gold,True
1088,Nirja,Rau,Male,1982-04-01,qbava@example.com,03339701745,Anantapur,Gujarat,India,2023-04-18,Silver,True
1089,Harish,Saran,Female,1978-05-24,wkamdar@example.net,+910098913874,Aurangabad,Tamil Nadu,India,2022-11-07,Bronze,True
1090,Yashvi,Gara,Female,1986-04-27,sarthak21@example.com,+916518808803,Chinsurah,Maharashtra,India,2023-05-05,Bronze,True
1091,Hemal,Karnik,Female,2005-11-13,falan11@example.org,03245232834,Pune,Uttar Pradesh,India,2024-01-08,Bronze,True
1092,Osha,Khalsa,Male,2006-12-07,rdugar@example.net,+916146204733,Bharatpur,Uttar Pradesh,India,2025-05-29,Silver,True
1093,Chatresh,Batta,Male,1958-10-11,nlala@example.org,+916585106892,Mangalore,Uttar Pradesh,India,2023-08-31,Bronze,True
1094,Wyatt,Srinivas,Female,1960-12-28,sakshambedi@example.net,04127480982,Bhilwara,Tamil Nadu,India,2023-07-08,Silver,True
1095,Netra,Luthra,Male,1976-07-08,gunbir24@example.org,+910938061100,Sagar,Gujarat,India,2023-06-30,Bronze,True
1096,Omisha,Oza,Male,2002-07-09,devikaravel@example.com,0636165435,Korba,Rajasthan,India,2021-11-07,Gold,True
1097,Girish,Kurian,Male,1967-11-30,urvashisur@example.net,+911263241478,Phagwara,Delhi,India,2021-12-27,Silver,True
1098,Aashi,Chowdhury,Male,1995-11-03,triveni37@example.net,09894749480,Jamnagar,Tamil Nadu,India,2022-12-17,Silver,True
1099,Maanas,Setty,Female,1961-05-01,forum28@example.org,4275646543,Kadapa,Delhi,India,2026-05-14,Bronze,True
1100,Sudiksha,Kala,Female,1995-11-08,rbaral@example.com,+912021545785,Madanapalle,Tamil Nadu,India,2024-09-06,Bronze,True
1101,Irya,Sheth,Male,1960-12-30,sibalgeorge@example.org,+915798407906,Jhansi,Tamil Nadu,India,2026-05-18,Bronze,True
1102,Irya,De,Male,1996-02-02,cmaster@example.com,04839444869,Tirunelveli,Maharashtra,India,2026-01-10,Bronze,True
1103,Arin,Khatri,Male,1982-03-12,ybalasubramanian@example.net,03410639863,Bhilwara,Tamil Nadu,India,2024-06-09,Bronze,True
1104,Tara,Randhawa,Female,2004-08-01,pranit55@example.org,5866101837,Tadipatri,Uttar Pradesh,India,2023-09-14,Silver,True
1105,Chatresh,Ramaswamy,Female,2004-01-14,shanranbir@example.net,+916793835276,Guna,Rajasthan,India,2022-05-13,Silver,True
1106,Jalsa,Bhat,Male,2006-03-03,naveenchoudhry@example.com,02535629996,Agra,Uttar Pradesh,India,2024-12-10,Silver,True
1107,Xalak,Dayal,Female,1986-02-02,ranamugdha@example.org,9574682323,Mangalore,Delhi,India,2021-09-01,Silver,True
1108,Yachana,Dave,Female,2007-02-28,ekapadia@example.org,+918080302353,Madurai,Uttar Pradesh,India,2025-01-11,Bronze,True
1109,Gautami,Ganesan,Male,1973-03-24,xseshadri@example.com,08035712188,Kottayam,Tamil Nadu,India,2022-01-02,Bronze,True
1110,Saanvi,Sangha,Female,1996-09-17,fariqprasad@example.net,+917341165585,Bidhannagar,Uttar Pradesh,India,2022-07-07,Bronze,False
1111,Kalpit,Subramanian,Male,1958-06-23,calebminhas@example.com,1802224844,Morbi,Maharashtra,India,2022-11-22,Silver,True
1112,Banjeet,Saraf,Male,1989-05-03,pbaral@example.com,02522308991,Gorakhpur,Rajasthan,India,2021-11-11,Silver,False
1113,Ikbal,Tella,Male,2008-04-25,yashoda85@example.org,+918108106275,Tadipatri,Uttar Pradesh,India,2023-09-14,Silver,True
1114,Mekhala,Parekh,Female,1976-08-22,tristan04@example.net,09157642591,Raebareli,Rajasthan,India,2026-05-22,Bronze,True
1115,Jeet,Gala,Male,1961-11-21,tanishrai@example.net,+919986143801,Bangalore,Karnataka,India,2026-06-07,Silver,True
1116,Sneha,Kumar,Male,2002-01-14,williamsaraf@example.org,3401204518,Gandhinagar,Tamil Nadu,India,2025-02-07,Bronze,True
1117,Aadhya,Verma,Male,1980-05-06,memonosha@example.org,+913144272375,Bihar Sharif,Karnataka,India,2025-10-14,Bronze,True
1118,Madhavi,Bath,Male,1968-10-17,aadhya65@example.com,+910924261102,Rajkot,West Bengal,India,2025-10-20,Silver,True
1119,Patrick,Rattan,Male,1963-11-06,yatin55@example.org,+915648797303,Hubli–Dharwad,Rajasthan,India,2024-09-30,Bronze,True
1120,Dipta,Borde,Male,1986-09-28,yoshita46@example.com,+913092003728,Kadapa,Delhi,India,2024-04-18,Silver,True
1121,Luke,Acharya,Female,1986-07-09,ilal@example.com,07105357235,Sirsa,Maharashtra,India,2026-07-09,Bronze,False
1122,Leela,Ram,Female,1987-01-13,sthaker@example.org,01984284598,Madanapalle,Maharashtra,India,2026-03-02,Gold,True
1123,Kevin,Chaudhari,Male,1966-03-29,fradosaran@example.org,+916355883122,Bahraich,Karnataka,India,2024-07-20,Gold,True
1124,Ishaan,Ahuja,Male,1972-05-06,aadhyasethi@example.com,+919778707273,Jabalpur,Karnataka,India,2024-10-19,Bronze,True
1125,Netra,Merchant,Female,1958-10-31,jasonkrish@example.com,07364973270,Danapur,Delhi,India,2023-04-21,Bronze,True
1126,Kalpit,Rattan,Male,1963-03-23,royyagnesh@example.com,+912313204694,Udupi,West Bengal,India,2025-09-26,Silver,True
1127,Ethan,Ramanathan,Female,1996-08-07,omajaraj@example.com,+912594349779,Jaunpur,West Bengal,India,2022-09-30,Gold,True
1128,Tejas,Madan,Male,1983-02-16,bwali@example.net,5819404731,Uluberia,West Bengal,India,2023-08-18,Silver,True
1129,Sai,Sandal,Female,1982-05-13,neelima17@example.com,08312724823,Shimoga,Rajasthan,India,2022-10-21,Gold,True
1130,Warinder,Doctor,Female,1988-12-11,quincykulkarni@example.org,+919611964471,Ozhukarai,West Bengal,India,2022-04-09,Silver,False
1131,Victor,Raju,Female,1967-03-15,parekhomaja@example.net,2033125302,Jaipur,Delhi,India,2024-05-29,Silver,True
1132,Teerth,Prakash,Female,2000-02-23,nshukla@example.org,4241817284,Gulbarga,Gujarat,India,2023-05-08,Bronze,False
1133,Hiral,Ramesh,Female,2004-01-20,sahotaoviya@example.org,+913967269977,Muzaffarnagar,West Bengal,India,2024-03-24,Bronze,True
1134,Samarth,Mital,Female,1958-07-03,rpatel@example.com,02437240322,Tenali,Maharashtra,India,2024-06-16,Silver,True
1135,Ladli,Soni,Male,1958-07-02,kbhattacharyya@example.com,4123816339,Mango,Gujarat,India,2022-10-16,Platinum,True
1136,Ekani,Bal,Female,1967-04-04,virkchandran@example.com,+918378961696,Allahabad,Maharashtra,India,2024-11-06,Silver,True
1137,Reva,Parsa,Male,1983-03-31,iryachandran@example.com,+918679391039,Coimbatore,Karnataka,India,2025-09-09,Bronze,True
1138,Upasna,Deshmukh,Male,1971-01-14,esidhu@example.com,8401391988,Patna,Tamil Nadu,India,2026-06-28,Bronze,True
1139,Nathan,Natt,Male,1998-11-22,kandaleena@example.com,01800512237,Morena,Gujarat,India,2023-10-08,Gold,True
1140,Nisha,Sane,Female,2000-04-28,yadavi60@example.org,3044649724,Gulbarga,Delhi,India,2024-05-24,Silver,True
1141,Reva,Dugal,Female,1987-03-13,yugkothari@example.net,8535749251,Gurgaon,Tamil Nadu,India,2022-06-13,Bronze,True
1142,Ria,Johal,Female,1969-02-03,bsaran@example.net,07343830797,Dhule,Maharashtra,India,2025-02-26,Silver,False
1143,Damyanti,Chandra,Male,2004-07-20,sunderaishani@example.net,05327751445,Bhubaneswar,Maharashtra,India,2022-04-22,Gold,True
1144,Veer,Babu,Female,1975-08-28,vmall@example.org,6256445233,Bareilly,West Bengal,India,2023-04-24,Bronze,True
1145,Aradhana,Nath,Male,1975-11-06,gautamnori@example.org,05336041787,Vijayanagaram,Maharashtra,India,2024-06-16,Silver,False
1146,Arunima,Dutt,Male,1960-09-11,savantjatin@example.org,+917496572021,Ongole,Gujarat,India,2025-03-05,Silver,True
1147,Daksha,Sathe,Male,1998-12-01,upasna89@example.com,03710030910,Thiruvananthapuram,Rajasthan,India,2024-06-23,Silver,True
1148,Champak,Sundaram,Male,1968-06-06,vpanchal@example.net,06440541892,Agartala,Maharashtra,India,2024-11-11,Silver,False
1149,Tripti,Oommen,Female,1988-05-25,bhandaripatrick@example.org,02441357903,Anantapuram,Karnataka,India,2021-08-26,Bronze,True
1150,Zaitra,Chandran,Female,2005-08-03,chatresh74@example.org,02644693681,Alappuzha,Tamil Nadu,India,2022-06-05,Bronze,True
1151,Mitesh,Sarma,Female,1963-03-29,pbuch@example.net,+912523800988,Fatehpur,Maharashtra,India,2023-09-22,Silver,True
1152,Veer,Ratta,Male,2006-01-09,nayakonveer@example.org,02700439675,Sultan Pur Majra,West Bengal,India,2021-12-23,Silver,True
1153,Osha,Sehgal,Male,1980-09-29,warda44@example.org,06631026136,Tiruppur,Uttar Pradesh,India,2025-07-25,Silver,False
1154,Sara,Manne,Female,1961-06-03,cramaswamy@example.org,04688129369,Vellore,Delhi,India,2026-05-05,Silver,True
1155,William,Chana,Male,1988-06-10,raghav58@example.net,2368880613,Malegaon,Karnataka,India,2025-12-02,Bronze,False
1156,Vasatika,Sura,Female,1972-06-09,zgole@example.net,+915820595225,Mehsana,Karnataka,India,2021-10-30,Bronze,False
1157,Timothy,Chowdhury,Female,1973-05-06,prabhurushil@example.org,07780751097,Uluberia,Rajasthan,India,2024-11-28,Bronze,True
1158,Xavier,Agate,Female,1964-12-26,tdugar@example.net,+919002052031,Bhatpara,Maharashtra,India,2022-09-21,Silver,True
1159,Yashawini,Dixit,Female,2003-05-23,vidhi21@example.org,+916264338828,Gwalior,Uttar Pradesh,India,2024-05-30,Silver,False
1160,Ekapad,Mani,Male,1996-05-15,widishalata@example.net,+911972442948,Gulbarga,Delhi,India,2021-11-29,Bronze,True
1161,Bhavani,Kar,Male,2004-12-14,unnimangat@example.com,4884375087,Jamnagar,Karnataka,India,2022-07-08,Bronze,True
1162,David,Boase,Male,1983-01-31,krisha40@example.net,00107907914,Patiala,Tamil Nadu,India,2024-09-10,Gold,True
1163,Irya,Gade,Male,1961-02-27,shivanshloke@example.com,07711319745,Rourkela,Rajasthan,India,2024-10-05,Silver,True
1164,Jatin,Swaminathan,Female,1989-12-28,farhanmalhotra@example.net,+918782547606,Mahbubnagar,Uttar Pradesh,India,2024-07-24,Bronze,True
1165,Ekalinga,Mukhopadhyay,Male,1984-07-13,aadi76@example.net,+914101417758,Alappuzha,Delhi,India,2024-10-04,Bronze,True
1166,Madhavi,Kibe,Female,1972-05-26,ekajathakkar@example.com,3355717105,Dhanbad,Tamil Nadu,India,2023-07-07,Silver,True
1167,Gautami,Buch,Female,1961-08-01,faraspradhan@example.net,02158085648,Hospet,Maharashtra,India,2024-11-12,Bronze,True
1168,Megha,Sood,Female,1990-02-28,yaminigaba@example.net,+916697484346,Latur,Delhi,India,2026-04-07,Silver,True
1169,Aditya,Krishnamurthy,Male,1966-01-18,mannandipta@example.com,3327434167,Raipur,Uttar Pradesh,India,2022-06-08,Silver,True
1170,Lakshmi,Bhatnagar,Male,1956-05-30,duttnihal@example.com,1486128621,Faridabad,West Bengal,India,2024-03-18,Silver,True
1171,Adya,Soni,Male,1982-03-04,hitesh60@example.com,+918066772876,Arrah,Maharashtra,India,2021-10-15,Bronze,False
1172,Lucky,Sundaram,Male,1984-11-14,choudhuryabhiram@example.org,00819802154,Bhavnagar,West Bengal,India,2023-02-08,Silver,True
1173,Balendra,Saxena,Female,1980-11-15,manthan87@example.com,3758898926,Dibrugarh,Uttar Pradesh,India,2025-12-30,Gold,True
1174,Zinal,Misra,Male,1980-01-27,miteshparikh@example.org,+915074549578,Thiruvananthapuram,Delhi,India,2022-10-11,Silver,False
1175,Wakeeta,Iyengar,Male,2004-07-20,falguni67@example.org,2798134643,Hubli–Dharwad,Maharashtra,India,2023-04-23,Bronze,True
1176,Chameli,Saran,Female,1963-01-27,dubemax@example.org,0367842042,Ludhiana,Uttar Pradesh,India,2023-10-22,Bronze,True
1177,Vincent,Bhandari,Male,2003-11-01,rgara@example.net,+910113764472,Bihar Sharif,Rajasthan,India,2025-01-13,Silver,True
1178,Darsh,Mahal,Female,1994-04-03,chandaqadim@example.com,06660248456,Salem,Delhi,India,2024-09-09,Platinum,True
1179,Balhaar,Chowdhury,Male,1982-06-08,upasnagoswami@example.org,+915345297502,Farrukhabad,Gujarat,India,2026-01-29,Gold,True
1180,Siddharth,Verma,Female,1972-09-10,hemangini13@example.net,+912914602719,Ambattur,Delhi,India,2021-09-04,Bronze,False
1181,Nicholas,Din,Male,1962-10-14,yashodharagolla@example.com,1651351406,Surat,Karnataka,India,2025-07-04,Silver,True
1182,Farhan,Rastogi,Female,1993-11-30,wdas@example.net,+911067995383,Pali,Delhi,India,2022-10-21,Silver,False
1183,Meghana,Jha,Female,1972-11-24,hitesh57@example.org,5479662801,Vellore,Rajasthan,India,2022-09-29,Bronze,True
1184,Rishi,Palla,Male,1971-09-13,hemaldixit@example.net,07687256715,Begusarai,Tamil Nadu,India,2024-06-03,Silver,True
1185,Champak,Saini,Male,1997-11-27,adwetachoudhary@example.net,+916445657343,Giridih,Gujarat,India,2025-07-28,Silver,True
1186,Mohammed,Ram,Female,1974-09-08,karansibal@example.com,01476322352,Dhule,Tamil Nadu,India,2023-12-14,Silver,True
1187,Ojasvi,Mitra,Female,1966-11-12,mugdha96@example.org,+919019587217,Jhansi,Karnataka,India,2023-10-08,Silver,True
1188,Deepa,Aggarwal,Male,1979-12-29,oviya00@example.com,06433260009,Parbhani,Rajasthan,India,2024-11-23,Gold,True
1189,Abeer,Kunda,Male,2004-01-09,ztiwari@example.com,+911757744755,Buxar,Rajasthan,India,2022-06-09,Gold,False
1190,Jagdish,Baral,Female,1959-05-14,bhanumatikaran@example.org,3500737467,Navi Mumbai,Gujarat,India,2025-06-09,Bronze,True
1191,Qushi,Bala,Male,1977-09-09,gagan15@example.org,2025829523,Akola,Delhi,India,2024-02-02,Bronze,True
1192,Anita,Narayanan,Male,1996-10-07,jyotiseshadri@example.com,+915829118590,Guna,Gujarat,India,2024-07-30,Silver,True
1193,Samuel,Bhardwaj,Male,1958-06-24,dubeyadvik@example.org,08040168807,Naihati,Delhi,India,2025-03-10,Silver,True
1194,Xalak,Ravel,Male,1968-06-07,mohanchakrika@example.org,09936429191,Chandigarh,Uttar Pradesh,India,2024-05-08,Bronze,False
1195,Shivansh,Kakar,Female,1967-10-21,rachita02@example.net,+918112971991,Shivpuri,Tamil Nadu,India,2024-11-16,Gold,False
1196,Veda,Chahal,Female,1958-12-24,banjeet52@example.com,08342382139,Kalyan-Dombivli,Tamil Nadu,India,2025-07-17,Bronze,True
1197,David,D’Alia,Male,1989-01-03,janilibni@example.com,08314898986,South Dumdum,West Bengal,India,2025-11-13,Silver,True
1198,Teerth,Rastogi,Female,1967-06-02,rswamy@example.net,02998227390,Proddatur,West Bengal,India,2022-07-02,Bronze,True
1199,Leela,Yohannan,Male,1956-12-24,omisha45@example.com,1746823966,Agartala,Karnataka,India,2022-12-23,Bronze,False
1200,Wakeeta,Sura,Female,2006-03-02,jyotibhatnagar@example.net,4264681709,Mirzapur,Rajasthan,India,2026-02-18,Gold,True
1201,Yash,Merchant,Female,2002-11-13,narayanyashasvi@example.org,+910170197982,Jehanabad,West Bengal,India,2026-02-17,Silver,False
1202,Faraj,Lala,Female,1985-07-21,hchaudry@example.com,02775219934,Hapur,West Bengal,India,2026-01-08,Silver,True
1203,Nihal,Chowdhury,Male,1957-02-28,aryakala@example.com,+912661339396,Ramgarh,Uttar Pradesh,India,2024-12-09,Bronze,True
1204,Hiral,Kadakia,Male,1958-09-18,bhattikalpit@example.com,+910318630150,Yamunanagar,West Bengal,India,2023-10-11,Platinum,True
1205,Anay,Palan,Female,1968-03-28,hritikbandi@example.net,+919734054850,Saharsa,Maharashtra,India,2021-10-21,Bronze,False
1206,Ekalinga,Dalal,Female,1999-01-24,esarin@example.com,9705812517,Chandigarh,Gujarat,India,2024-07-15,Silver,True
1207,Kiaan,Nori,Female,1958-02-12,aadisridhar@example.org,2877049511,Anantapur,Tamil Nadu,India,2023-11-29,Bronze,True
1208,Aadi,Shah,Male,1990-06-13,vasana81@example.net,+915145651009,Lucknow,Uttar Pradesh,India,2024-03-24,Gold,False
1209,Tripti,Sarraf,Male,1988-12-16,jonathanmalhotra@example.org,4205266345,Bijapur,Karnataka,India,2023-02-11,Bronze,True
1210,Vedhika,Golla,Female,1959-03-08,charzansi@example.net,6736081199,Latur,West Bengal,India,2026-07-24,Bronze,True
1211,Warhi,Kalita,Male,1956-07-05,chaman56@example.org,+918305195630,Chandigarh,Uttar Pradesh,India,2022-06-12,Silver,True
1212,Hritik,Kari,Female,1999-09-04,arin48@example.net,3965941956,Rajpur Sonarpur,Karnataka,India,2023-10-14,Bronze,True
1213,Ayush,Varkey,Male,1987-08-07,zsuri@example.net,5502810611,Gudivada,Karnataka,India,2022-09-06,Bronze,False
1214,Qushi,Palan,Female,1973-06-05,pratyushramachandran@example.net,+915410449870,Berhampur,Karnataka,India,2025-02-12,Silver,False
1215,Saumya,Cheema,Male,1999-01-02,patlaaayush@example.com,+917600678539,Sangli-Miraj & Kupwad,West Bengal,India,2024-01-15,Silver,True
1216,Manbir,Uppal,Male,1960-11-03,mukhopadhyaycaleb@example.com,3297817148,Nandyal,Rajasthan,India,2025-02-04,Silver,True
1217,Hema,Baral,Male,1991-03-18,wazir85@example.org,06172766911,Jhansi,Tamil Nadu,India,2023-12-15,Bronze,True
1218,Quincy,Krishnan,Female,2003-10-06,nagaraachal@example.net,4372176389,Munger,Gujarat,India,2026-03-07,Bronze,False
1219,Meghana,Bassi,Female,2001-06-26,veersha@example.net,+916048537384,Bhagalpur,Tamil Nadu,India,2026-07-21,Bronze,True
1220,Eiravati,Chaudry,Male,1965-10-09,chokshigabriel@example.com,6506896748,Amroha,Maharashtra,India,2023-10-22,Silver,True
1221,Vinaya,Konda,Male,1979-01-21,pwable@example.com,6532510544,Bhubaneswar,Uttar Pradesh,India,2024-06-11,Bronze,False
1222,Yauvani,Aggarwal,Male,1979-08-27,nihalvenkatesh@example.org,+910717453246,Raichur,Uttar Pradesh,India,2025-07-26,Bronze,False
1223,Farhan,Pai,Female,1958-02-14,dmani@example.com,+917014433393,Thiruvananthapuram,West Bengal,India,2022-11-27,Bronze,True
1224,Watika,Vohra,Male,1982-05-27,baljiwan48@example.com,8095923537,Sasaram,Gujarat,India,2024-03-03,Silver,True
1225,Jasmit,Sampath,Male,1966-01-28,pmanda@example.com,3470181080,Khandwa,Tamil Nadu,India,2022-04-22,Bronze,True
1226,Garima,Halder,Male,1989-01-06,yashasvichaudry@example.net,7494486007,Ozhukarai,Tamil Nadu,India,2024-07-14,Gold,True
1227,Ladli,Peri,Female,1969-11-17,falguni99@example.com,+919099072227,Aurangabad,Karnataka,India,2026-05-14,Bronze,False
1228,Eesha,Pall,Male,1982-10-28,ranveerchad@example.net,05170647070,Bhilwara,Tamil Nadu,India,2025-11-19,Silver,True
1229,Ishaan,Dyal,Female,1982-06-07,tborde@example.net,3218167938,Tinsukia,Rajasthan,India,2022-02-07,Gold,True
1230,Amara,Ramaswamy,Female,1998-03-16,xlata@example.com,02479420760,Unnao,Rajasthan,India,2026-02-26,Bronze,False
1231,Eesha,Sarraf,Male,1968-12-06,onadig@example.com,+917232031714,Satna,West Bengal,India,2025-11-07,Gold,True
1232,Zehaan,Palla,Female,1971-07-05,chatresh91@example.com,9868309804,Alappuzha,Uttar Pradesh,India,2024-04-14,Bronze,True
1233,Faraj,Mody,Female,2008-05-01,ayushseth@example.org,06646173592,Bareilly,West Bengal,India,2025-06-02,Silver,True
1234,Ranbir,Goda,Male,1995-12-25,diyasidhu@example.org,08863400285,Purnia,Karnataka,India,2024-08-15,Silver,True
1235,Falguni,Setty,Female,1969-09-19,tripathiansh@example.com,7333063368,Khandwa,Gujarat,India,2025-09-19,Bronze,True
1236,Reva,Kannan,Female,1992-02-02,rajata55@example.net,3144991917,Tiruppur,Rajasthan,India,2022-01-08,Gold,False
1237,Gagan,Edwin,Female,1960-09-15,ojas13@example.com,3105119538,Jehanabad,Uttar Pradesh,India,2021-08-28,Gold,True
1238,Jonathan,Sagar,Female,1978-05-15,hdugar@example.net,05256363976,Morbi,Delhi,India,2022-06-21,Bronze,True
1239,Amol,Sama,Female,1970-10-18,sara89@example.org,01761233942,Dewas,Karnataka,India,2022-05-08,Silver,True
1240,Guneet,Patla,Female,2001-03-03,dargaurika@example.net,7504202869,Darbhanga,West Bengal,India,2022-08-15,Bronze,True
1241,Elijah,Varma,Male,1975-02-20,oscarthaker@example.com,4827055111,Motihari,Maharashtra,India,2026-02-11,Silver,True
1242,Hema,Johal,Female,1983-02-10,jaggidaksha@example.org,08337326565,Khora ,Karnataka,India,2024-09-07,Bronze,True
1243,Rachana,Deol,Male,1963-01-21,badalaahana@example.org,9074976178,Ajmer,Karnataka,India,2023-01-20,Silver,True
1244,Chakrika,Chaudhuri,Female,1978-05-04,issacanjali@example.org,02426249716,Tiruchirappalli,Maharashtra,India,2025-12-08,Gold,True
1245,Shravya,Merchant,Female,1980-10-23,ldubey@example.net,+913446434724,Serampore,Rajasthan,India,2023-04-08,Gold,False
1246,Indira,Rajan,Female,2007-09-16,slall@example.com,0720963319,Maheshtala,Maharashtra,India,2024-02-10,Silver,False
1247,Krisha,Oak,Male,1998-06-01,benjamin80@example.org,2180988856,Pune,Uttar Pradesh,India,2024-07-25,Gold,True
1248,Amrita,Pillai,Female,1977-02-16,tram@example.org,0232570713,Baranagar,West Bengal,India,2024-10-16,Gold,True
1249,Tanveer,Bhatt,Female,1968-07-19,poak@example.org,07738704612,Gudivada,Rajasthan,India,2022-09-07,Silver,True
1250,Lekha,Varughese,Male,2001-01-16,gourekavir@example.net,09853936103,Ratlam,Rajasthan,India,2022-09-20,Silver,True
1251,Wakeeta,Edwin,Male,1980-08-19,anamika46@example.net,+913400290160,Ramgarh,Tamil Nadu,India,2021-11-24,Bronze,True
1252,Vaishnavi,Kalla,Female,1989-08-02,surineha@example.org,+911360731563,Gopalpur,West Bengal,India,2022-06-09,Silver,True
1253,Waida,Magar,Female,2006-08-27,fbanik@example.org,3092384974,Kollam,Tamil Nadu,India,2025-12-05,Silver,True
1254,Suhani,Gade,Female,1975-12-06,priyadalia@example.org,+915347226666,Patna,Maharashtra,India,2025-02-08,Bronze,True
1255,Christopher,Kothari,Female,1959-11-23,hritikchopra@example.org,+911714310231,Sasaram,Delhi,India,2022-09-21,Bronze,True
1256,Tanveer,Kashyap,Male,1976-03-20,trivenimallick@example.com,6021213583,Panihati,Gujarat,India,2023-08-19,Bronze,True
1257,Advika,Badal,Male,1979-01-31,ramaswamyrayaan@example.org,+913718380625,Kirari Suleman Nagar,Delhi,India,2022-06-11,Gold,False
1258,Turvi,Madan,Male,2000-04-19,grewalojas@example.com,4576824356,Durgapur,Uttar Pradesh,India,2022-02-12,Gold,True
1259,Hredhaan,Deep,Male,1986-05-28,gdin@example.org,+910329707016,Jamalpur,Rajasthan,India,2025-08-15,Gold,True
1260,Chakradev,Sura,Female,1983-11-18,noahlall@example.org,04767121798,Kolhapur,Tamil Nadu,India,2025-04-23,Silver,True
1261,Onveer,Kaul,Male,1990-08-04,natarajanyatan@example.org,07347875506,Siwan,Delhi,India,2022-01-01,Silver,False
1262,Qasim,Krish,Female,1990-02-03,lkhurana@example.net,+913809847132,Dewas,Karnataka,India,2025-10-11,Bronze,True
1263,Unni,Jain,Male,1960-10-08,ushukla@example.com,05904065414,Khora ,Rajasthan,India,2026-04-13,Bronze,True
1264,Baljiwan,Agrawal,Male,1957-11-15,bshere@example.com,+916724652167,Mira-Bhayandar,Gujarat,India,2023-08-05,Bronze,True
1265,Anirudh,Khare,Male,1958-06-08,daksheshhari@example.net,+916705790537,Malegaon,Rajasthan,India,2024-12-19,Bronze,True
1266,Jeremiah,Bahri,Female,1960-01-18,iroy@example.org,+916465199206,Aurangabad,Rajasthan,India,2021-09-17,Silver,True
1267,Benjamin,Nadig,Female,1981-04-04,balhaarluthra@example.com,3272954813,Hosur,Tamil Nadu,India,2022-04-27,Bronze,True
1268,Dalbir,Mody,Male,1973-03-03,subramanianandrew@example.net,05232139185,Siwan,Karnataka,India,2023-12-08,Bronze,True
1269,Raagini,Buch,Female,1990-05-20,nwalia@example.net,+912958495945,Karnal,Gujarat,India,2025-09-03,Bronze,True
1270,Wyatt,Doshi,Male,1971-03-23,periishani@example.org,03947676039,Malegaon,Tamil Nadu,India,2022-07-18,Bronze,True
1271,Amaira,Sengupta,Female,1986-12-18,keyanair@example.com,7570071908,Guna,Maharashtra,India,2026-04-17,Bronze,False
1272,Rachit,Ray,Male,1976-09-18,aarushcheema@example.com,+915259658521,Mangalore,Karnataka,India,2025-07-27,Bronze,True
1273,Daksh,Hari,Female,1996-12-01,jthakkar@example.com,4457642993,Patiala,West Bengal,India,2022-06-20,Bronze,False
1274,Caleb,Gour,Female,1976-01-28,vgoswami@example.org,+911299801529,Baranagar,Gujarat,India,2025-10-15,Bronze,True
1275,Naveen,Choudhury,Male,1967-01-19,anay15@example.com,+916881918397,Unnao,Uttar Pradesh,India,2025-12-19,Silver,True
1276,Wakeeta,Thakur,Female,1973-08-24,garima28@example.net,+916664020863,Latur,Karnataka,India,2023-08-01,Bronze,False
1277,Frederick,Chaudhuri,Female,1982-09-07,aashithakkar@example.org,+910915226572,Gopalpur,Delhi,India,2025-04-20,Gold,True
1278,Nidra,Madan,Female,1971-04-08,zsangha@example.org,0811023700,Firozabad,Rajasthan,India,2024-01-26,Bronze,True
1279,Nakul,Tara,Female,1980-12-05,ssrinivas@example.com,2837549164,Bhusawal,Uttar Pradesh,India,2025-10-23,Bronze,True
1280,Anirudh,Saha,Female,2000-06-23,falanmandal@example.net,+911989306380,Ahmednagar,Karnataka,India,2026-06-21,Bronze,False
1281,Neel,Ramaswamy,Male,1991-10-29,isha16@example.org,9127808937,Bhilwara,Gujarat,India,2024-09-08,Silver,True
1282,Osha,Sani,Male,1966-07-17,upmanarain@example.com,00708790099,Etawah,West Bengal,India,2023-05-31,Gold,True
1283,Bhavya,Aurora,Female,1994-12-26,krishnaaadi@example.org,9236181895,Saharanpur,Karnataka,India,2026-01-17,Silver,False
1284,Pavani,Dyal,Female,1994-05-12,jeevika91@example.org,03034786021,Kollam,West Bengal,India,2024-10-07,Bronze,True
1285,Indali,Issac,Male,1966-03-10,bhavinikorpal@example.org,+911021913917,Kota,Uttar Pradesh,India,2024-10-22,Bronze,True
1286,Bhavani,Cheema,Male,1976-07-29,majumdarurvashi@example.net,9022918498,Eluru,West Bengal,India,2024-01-08,Silver,False
1287,Rushil,Ghosh,Female,1960-02-23,udyatichada@example.com,+917680139460,Muzaffarpur,Delhi,India,2024-08-23,Bronze,True
1288,Jason,Nagar,Female,2001-10-07,frado80@example.org,5558780541,Kottayam,Karnataka,India,2022-04-15,Silver,False
1289,Eta,Ratti,Female,2006-08-03,shivaniprakash@example.com,+910756283173,Saharanpur,Karnataka,India,2025-10-29,Gold,True
1290,Sara,Sehgal,Female,1994-12-14,ladli65@example.org,+919398408050,Pudukkottai,West Bengal,India,2025-02-13,Bronze,True
1291,Sanaya,Srivastava,Female,2003-12-05,sekhonyashica@example.net,+913140670017,Shivpuri,Rajasthan,India,2024-08-21,Bronze,True
1292,Widisha,Taneja,Male,1990-06-25,gmital@example.org,02461662537,Jammu,Delhi,India,2024-01-28,Gold,True
1293,Ucchal,Barad,Male,2002-12-11,nirjaraghavan@example.com,5158877439,Bhopal,Tamil Nadu,India,2024-05-16,Bronze,True
1294,Radhika,Divan,Female,1974-06-05,schadha@example.net,4552398099,Machilipatnam,Uttar Pradesh,India,2025-04-21,Bronze,True
1295,Darika,Bahl,Female,1980-03-13,jeet97@example.org,1026551935,Kadapa,Gujarat,India,2022-12-15,Gold,False
1296,Nisha,Krishnan,Female,1985-04-02,nishasaraf@example.net,+914727955871,Srinagar,Karnataka,India,2024-01-05,Silver,False
1297,Ira,Rout,Male,1991-08-12,tarakhalsa@example.org,+914011646239,Gopalpur,Gujarat,India,2022-01-15,Bronze,True
1298,Kamya,Sehgal,Male,1982-03-05,pkrish@example.com,07778799308,Kadapa,Rajasthan,India,2026-03-08,Bronze,True
1299,Jacob,Yadav,Male,2005-07-08,kalpitswamy@example.org,3687981440,Chandrapur,Delhi,India,2024-01-29,Bronze,False
1300,Max,Pradhan,Female,1971-09-26,jbuch@example.org,+918527935893,Maheshtala,West Bengal,India,2023-05-02,Bronze,False
1301,Yashoda,Dugal,Male,2006-02-18,mishrachameli@example.net,+915701654962,Etawah,Tamil Nadu,India,2023-10-10,Bronze,True
1302,Chaitanya,Sharma,Female,1964-09-05,lbehl@example.org,+914900900971,Darbhanga,Rajasthan,India,2022-12-23,Gold,True
1303,Neel,Issac,Female,1967-09-20,gandhiyashoda@example.net,+915221259618,Jalandhar,Tamil Nadu,India,2024-01-25,Bronze,True
1304,Yahvi,Prashad,Male,1959-09-15,aryasingh@example.net,3734814980,Madurai,Tamil Nadu,India,2021-10-23,Silver,False
1305,Yashasvi,Mall,Female,1995-01-24,bhatekiya@example.org,8168183427,Warangal,Tamil Nadu,India,2026-06-14,Bronze,False
1306,Rohan,Bhatia,Female,1999-11-10,aarnavraju@example.net,+910471411776,Patiala,West Bengal,India,2026-06-20,Silver,False
1307,Tanay,Mishra,Female,1980-05-03,sarnakashvi@example.com,+911115303086,Sambhal,Uttar Pradesh,India,2023-12-06,Bronze,True
1308,Gaurangi,Rege,Male,1970-11-01,madhaviagrawal@example.net,06877307898,Ajmer,West Bengal,India,2024-11-22,Silver,False
1309,Vinaya,Koshy,Male,1989-09-27,pavanidewan@example.org,+918407396010,Bhimavaram,Gujarat,India,2022-09-26,Bronze,True
1310,Mekhala,Randhawa,Male,1970-01-04,krishnamurthytriveni@example.org,8164064378,Rampur,Maharashtra,India,2024-04-27,Silver,True
1311,Rudra,Warrior,Male,2002-08-31,pallafinn@example.com,+910938271783,Davanagere,Uttar Pradesh,India,2024-09-14,Platinum,True
1312,Oeshi,Bali,Male,1978-08-29,zarnananda@example.com,05366744054,Agra,Gujarat,India,2025-10-28,Bronze,True
1313,Liam,Vora,Male,1977-04-07,obhat@example.net,+915838473526,Narasaraopet,Delhi,India,2024-02-05,Bronze,True
1314,Baghyawati,Sem,Female,1967-09-23,warriorandrew@example.net,+913816329398,Jamalpur,Maharashtra,India,2024-09-21,Gold,True
1315,Yasti,Dalal,Female,2006-11-05,zaid73@example.com,7720501195,Sri Ganganagar,Uttar Pradesh,India,2025-03-24,Silver,False
1316,Tristan,Dara,Female,1981-03-30,sachdevzansi@example.net,2715353856,Ozhukarai,West Bengal,India,2023-03-01,Bronze,True
1317,Girik,Sem,Female,1970-06-17,wcheema@example.net,00849947125,Rajpur Sonarpur,Tamil Nadu,India,2026-05-15,Bronze,True
1318,Ekansh,Gaba,Female,1990-12-23,ravaltripti@example.net,+916987820833,Maheshtala,Maharashtra,India,2024-08-01,Silver,True
1319,Suhani,Barman,Male,1985-12-22,fariq03@example.net,+917539682992,Shivpuri,Gujarat,India,2024-10-12,Gold,True
1320,Abeer,Oommen,Female,1992-01-07,sehgalliam@example.org,+918487451604,Baranagar,Uttar Pradesh,India,2025-09-04,Bronze,True
1321,Vaishnavi,Menon,Female,1961-10-14,sganesan@example.com,+910926289970,Jammu,Gujarat,India,2025-08-27,Bronze,True
1322,Geetika,Mutti,Female,1969-04-19,maanas40@example.com,3757263195,Bareilly,Gujarat,India,2025-12-11,Bronze,True
1323,Victor,Kaur,Male,1965-06-05,xmorar@example.com,9664802869,Bellary,Tamil Nadu,India,2024-01-21,Silver,True
1324,Chanakya,Kade,Male,1987-11-03,harshiljain@example.net,+910456156893,Saharsa,Gujarat,India,2026-06-26,Silver,True
1325,Fariq,Soni,Female,1991-03-11,deepa84@example.org,07930100847,Bhagalpur,Tamil Nadu,India,2025-03-04,Silver,True
1326,George,Savant,Female,2003-11-24,brarurmi@example.com,5963857637,Panihati,Karnataka,India,2025-12-18,Platinum,True
1327,Bina,Padmanabhan,Female,1993-09-15,chakradev85@example.org,09050250390,Nandyal,West Bengal,India,2023-04-25,Silver,True
1328,Kalpit,Prabhakar,Female,1974-11-20,gdas@example.org,+913034820973,Jalandhar,Tamil Nadu,India,2023-02-27,Bronze,True
1329,Lohit,Bhasin,Male,1999-01-24,pdhar@example.com,9154298779,Alwar,Gujarat,India,2026-02-22,Silver,True
1330,Teerth,Rege,Male,1977-03-15,jsunder@example.com,08151178388,Shimoga,Tamil Nadu,India,2024-03-21,Bronze,False
1331,Frederick,Nori,Female,1997-08-23,doctorayushman@example.net,+912159301702,Udupi,Uttar Pradesh,India,2026-02-25,Silver,True
1332,Warinder,Kala,Female,1956-11-17,kashishperi@example.net,01854852286,Parbhani,West Bengal,India,2025-10-06,Bronze,True
1333,Januja,Loyal,Female,1984-01-10,shivani42@example.net,+917633998374,Kottayam,Maharashtra,India,2024-03-26,Bronze,False
1334,Chanchal,Divan,Female,1963-11-17,masterreyansh@example.org,04019540719,Khandwa,Rajasthan,India,2025-09-30,Platinum,True
1335,Kevin,Doctor,Male,1976-02-15,harinakshi30@example.org,4769992744,Karimnagar,Rajasthan,India,2026-04-19,Platinum,False
1336,Faraj,Sane,Female,1974-03-13,saipant@example.net,08902032782,Kharagpur,Rajasthan,India,2025-03-04,Bronze,True
1337,Oeshi,Amble,Female,1965-10-04,hkapur@example.org,+918235449174,Ludhiana,West Bengal,India,2022-06-08,Bronze,True
1338,Jeet,Sama,Male,1958-10-23,rvarghese@example.com,02491604972,Pudukkottai,Rajasthan,India,2022-07-20,Silver,True
1339,Xiti,Gandhi,Female,2007-06-07,yashicalad@example.net,04257559348,Bettiah,Maharashtra,India,2023-09-20,Silver,True
1340,Vincent,Banik,Male,1979-06-09,kai79@example.com,2492237911,Madanapalle,West Bengal,India,2024-04-15,Bronze,True
1341,Upkaar,Goswami,Female,1988-02-11,gbandi@example.net,+912497484927,Anantapuram,Rajasthan,India,2023-07-20,Bronze,True
1342,Pooja,Konda,Female,1991-03-29,qkuruvilla@example.org,05334397492,Kurnool,Delhi,India,2025-04-12,Bronze,True
1343,Zinal,Ranganathan,Male,1965-11-05,saioza@example.org,+918317323126,Yamunanagar,Delhi,India,2021-10-09,Platinum,True
1344,Wahab,Sehgal,Male,1968-07-27,nhalder@example.org,+912967362623,Bathinda,Karnataka,India,2025-08-14,Gold,True
1345,Triya,Parsa,Female,1956-10-08,hiral25@example.org,4865161499,Gwalior,Tamil Nadu,India,2026-01-11,Gold,True
1346,Keya,Karpe,Female,1966-07-09,manyajhaveri@example.com,00418654761,Chinsurah,Gujarat,India,2025-12-15,Bronze,True
1347,Ranbir,Dhawan,Female,1998-04-09,samimanbir@example.org,2115791726,Tirunelveli,Gujarat,India,2025-02-15,Silver,True
1348,Vaishnavi,Majumdar,Female,1976-05-28,kaurluke@example.org,08390306131,Danapur,Tamil Nadu,India,2023-08-29,Silver,True
1349,Leena,Mani,Male,1969-02-13,bnagi@example.org,5065975345,Mira-Bhayandar,West Bengal,India,2025-12-11,Bronze,True
1350,Upasna,Thaker,Female,1994-07-23,osharma@example.com,6372000419,Nizamabad,Gujarat,India,2026-06-06,Bronze,True
1351,Faqid,Padmanabhan,Female,1994-10-05,neelimapalla@example.net,01097211218,Agartala,Delhi,India,2023-10-01,Silver,True
1352,Yachana,Ravi,Female,2002-11-16,ekajavarkey@example.com,03276121674,Visakhapatnam,Karnataka,India,2022-07-28,Bronze,False
1353,Bakhshi,Luthra,Male,1962-08-07,kabirdua@example.org,08933690662,Kirari Suleman Nagar,Karnataka,India,2024-10-18,Gold,True
1354,Theodore,Guha,Male,1982-04-25,gopal85@example.org,02552802202,Nanded,Maharashtra,India,2026-05-28,Bronze,True
1355,Chanakya,Lal,Female,1988-02-04,brijeshkaran@example.net,0407086668,Dehradun,Maharashtra,India,2021-12-19,Gold,True
1356,Timothy,Mistry,Male,1980-03-21,hayreekaraj@example.com,+917098936927,Bhavnagar,Maharashtra,India,2025-06-30,Silver,True
1357,Chanakya,Saran,Male,1968-08-22,muniaradhana@example.org,+913747618083,Burhanpur,Rajasthan,India,2024-09-28,Gold,True
1358,Chandani,Luthra,Female,1997-03-17,nayakchaaya@example.org,+917607271893,Bhubaneswar,Uttar Pradesh,India,2026-06-21,Bronze,True
1359,Urishilla,Chad,Male,1957-02-01,gkumer@example.net,+915147508193,Bokaro,Maharashtra,India,2025-09-02,Bronze,False
1360,Falguni,Borra,Male,1960-01-30,tbansal@example.net,+912336627383,Orai,Rajasthan,India,2024-05-08,Bronze,True
1361,Alexander,Rout,Female,1977-01-08,galajagat@example.net,+917631841903,Shahjahanpur,Maharashtra,India,2021-08-19,Silver,True
1362,Fiyaz,Balay,Female,1962-03-13,paninithaman@example.org,2806613014,Kota,Rajasthan,India,2025-01-13,Bronze,False
1363,Sathvik,Kar,Female,1996-09-16,handasaksham@example.net,3994823030,Ongole,Delhi,India,2024-07-02,Bronze,True
1364,Manbir,Sant,Female,1986-06-09,warda09@example.org,5154448950,Giridih,Delhi,India,2022-10-09,Bronze,False
1365,Rohan,Bhatia,Male,1999-09-22,znayak@example.net,01260308944,Siwan,Rajasthan,India,2021-12-28,Bronze,False
1366,Rachana,Baria,Male,1979-01-27,zarnaratti@example.com,06142351609,Siliguri,Tamil Nadu,India,2023-07-06,Bronze,True
1367,Praneel,Agrawal,Male,1969-06-04,advayparmar@example.com,02355899201,Gangtok,Uttar Pradesh,India,2024-10-13,Bronze,True
1368,Lohit,Sunder,Female,1986-06-10,mekhalakohli@example.net,02520728784,Nanded,Uttar Pradesh,India,2022-06-22,Platinum,True
1369,Patrick,Chanda,Male,1980-01-10,sainichameli@example.org,0988218101,Amroha,Rajasthan,India,2024-07-16,Bronze,True
1370,Forum,Halder,Female,1968-01-25,oscarbuch@example.net,01296979679,Maheshtala,Karnataka,India,2021-10-30,Bronze,False
1371,Chavvi,Khalsa,Male,1994-11-08,williampant@example.net,01867942077,Navi Mumbai,Delhi,India,2023-09-05,Gold,True
1372,Praneel,Rajagopal,Male,1976-07-01,jonathan15@example.net,2786386436,Kalyan-Dombivli,Uttar Pradesh,India,2024-08-02,Silver,False
1373,Ijaya,Mangal,Male,1977-08-31,qnatarajan@example.com,05667297910,Nandyal,Delhi,India,2025-07-19,Silver,True
1374,Yoshita,Borah,Male,1983-02-11,ekansh14@example.net,8191446088,Jamalpur,Tamil Nadu,India,2023-06-19,Silver,True
1375,Sai,Desai,Male,1973-12-06,dayalomaja@example.org,+919964579391,Katihar,Uttar Pradesh,India,2021-12-04,Silver,True
1376,Gopal,Dey,Male,1978-05-11,gunbirtailor@example.org,09917179488,Mau,Karnataka,India,2026-04-09,Bronze,True
1377,Umang,Hayer,Male,1993-12-11,andrew79@example.org,5430230015,Shimla,Delhi,India,2025-04-02,Bronze,False
1378,Aayush,Bath,Female,1963-01-20,nmaharaj@example.org,+913981484493,Kakinada,Karnataka,India,2023-10-13,Platinum,True
1379,Bhavna,Gala,Female,1967-10-13,brijesh38@example.net,08767483827,Sikar,Delhi,India,2025-03-08,Silver,True
1380,Falguni,Jhaveri,Female,1990-08-24,jhaveribalveer@example.net,0066843643,Mango,Karnataka,India,2024-01-29,Bronze,True
1381,Ekaraj,Nadig,Female,1961-12-24,champak31@example.org,+916156097418,Chittoor,Tamil Nadu,India,2025-08-03,Silver,True
1382,Mahika,Parekh,Female,1974-03-08,traju@example.com,+914796289172,Sultan Pur Majra,Delhi,India,2024-07-19,Gold,True
1383,Akshay,Badami,Male,2000-08-28,chanderaarav@example.net,6311063420,Bellary,Karnataka,India,2026-05-31,Silver,False
1384,Damyanti,Chand,Male,2002-08-25,wmistry@example.org,08533461729,Patna,Maharashtra,India,2023-10-15,Gold,True
1385,Odika,Grover,Male,1962-04-02,upant@example.net,3708104192,Aurangabad,Maharashtra,India,2021-08-12,Bronze,True
1386,Ethan,Prasad,Female,1993-02-10,samaksh94@example.net,05054178548,Bhilwara,West Bengal,India,2023-05-24,Silver,False
1387,Triveni,Karan,Male,2008-07-07,bahadurjitwarrior@example.com,8424387741,Mehsana,Delhi,India,2021-09-18,Bronze,True
1388,Nathaniel,Luthra,Female,1988-10-30,lekhamore@example.com,+916181967251,Barasat,West Bengal,India,2023-07-12,Bronze,True
1389,Qabil,Gokhale,Male,2005-10-27,ojasvi85@example.net,1594180861,Patiala,Tamil Nadu,India,2026-06-03,Silver,True
1390,Vihaan,Sridhar,Female,1978-02-14,saranchandani@example.net,1543561244,Bhagalpur,Rajasthan,India,2025-02-05,Bronze,True
1391,Ikbal,Bains,Male,1992-02-02,kai78@example.org,+914530838547,Bathinda,Karnataka,India,2025-12-13,Platinum,True
1392,Lavanya,Mohan,Female,1982-04-28,benjamin30@example.org,9141887177,Gopalpur,Delhi,India,2024-10-13,Bronze,True
1393,Aarna,Khare,Female,1995-04-23,rshroff@example.org,7361717947,Buxar,Maharashtra,India,2023-08-27,Bronze,True
1394,Damini,Dugal,Female,2000-05-16,xavier98@example.com,2578241389,Chapra,Uttar Pradesh,India,2022-10-06,Bronze,True
1395,Geetika,Pillay,Male,1977-04-20,lopashanker@example.com,+914151666135,Guntakal,Rajasthan,India,2022-10-06,Bronze,False
1396,Vasudha,Wason,Female,1989-01-20,kondaoeshi@example.net,+917155845864,Berhampore,Rajasthan,India,2022-11-26,Silver,False
1397,Nidra,Ahluwalia,Male,1958-08-11,keernihal@example.net,+913406823841,Salem,Karnataka,India,2025-02-17,Silver,True
1398,Saksham,Subramanian,Male,1993-09-08,kundasarthak@example.com,6807849173,Bhilai,Maharashtra,India,2021-08-13,Bronze,True
1399,Rehaan,Munshi,Male,1978-11-24,qyadav@example.com,2939705999,Dehradun,Delhi,India,2024-03-30,Silver,True
1400,Amara,Nadkarni,Female,1974-07-16,ishita24@example.net,02634846987,Saharsa,Delhi,India,2023-08-16,Silver,True
1401,Xavier,Rajagopal,Male,1977-01-27,avi60@example.com,3556377372,Ramagundam,Karnataka,India,2025-06-21,Bronze,True
1402,Amara,Memon,Male,1981-09-03,chatreshbuch@example.com,00638373368,Khora ,West Bengal,India,2025-05-18,Gold,False
1403,Oni,Sama,Male,1987-10-14,ohayre@example.org,+918291202706,Jaunpur,Karnataka,India,2023-08-31,Bronze,False
1404,Daksh,Parsa,Male,1959-02-10,wyatt37@example.org,08755467442,Alappuzha,West Bengal,India,2022-01-21,Bronze,False
1405,Aarna,Saini,Male,1958-11-12,wkant@example.net,2217638881,Serampore,West Bengal,India,2025-03-26,Bronze,False
1406,Gautami,Majumdar,Male,1983-01-22,sanaya96@example.com,8082424333,Jhansi,Rajasthan,India,2023-04-03,Platinum,True
1407,Yahvi,Bala,Female,1961-04-14,lohit74@example.net,06201881782,Chandrapur,Tamil Nadu,India,2024-05-22,Bronze,True
1408,Xiti,Mand,Female,1994-07-05,walivaishnavi@example.com,+913660671380,Saharsa,Tamil Nadu,India,2022-07-22,Bronze,False
1409,Avi,Iyengar,Female,1955-11-27,shenoyliam@example.org,+912433093900,Bhilwara,West Bengal,India,2026-01-11,Bronze,True
1410,Neha,Sarna,Male,2007-12-18,utkarshtata@example.org,09668193841,Loni,Gujarat,India,2025-09-19,Silver,True
1411,George,Varkey,Male,1994-07-01,nairdhruv@example.net,+919046652805,Nagercoil,Karnataka,India,2025-09-14,Bronze,False
1412,Vedant,De,Male,1966-10-09,morarradha@example.com,05005332896,Mira-Bhayandar,Uttar Pradesh,India,2025-01-05,Gold,True
1413,Shivani,Sekhon,Male,1964-11-17,lpalla@example.net,4246173115,Ulhasnagar,West Bengal,India,2023-10-24,Silver,True
1414,Sai,Mohan,Male,1984-10-30,lallabaljiwan@example.com,1340773351,Ambattur,Rajasthan,India,2022-10-13,Bronze,True
1415,Meghana,Gandhi,Male,1979-07-06,sameshcomar@example.org,+911388035893,Sambalpur,Maharashtra,India,2023-03-18,Bronze,True
1416,Utkarsh,Tank,Male,2000-01-28,raimanbir@example.com,05028610648,Parbhani,Uttar Pradesh,India,2026-06-02,Silver,True
1417,Yash,Badami,Female,1996-02-26,deoridhi@example.com,+910010157935,Bhavnagar,West Bengal,India,2024-11-24,Bronze,True
1418,Zayyan,Tara,Female,1968-11-18,mitteragastya@example.org,01938125839,Bareilly,Uttar Pradesh,India,2024-02-19,Bronze,True
1419,Jagvi,Narain,Female,1989-09-19,samueldate@example.net,+914486814696,Hosur,Delhi,India,2022-12-01,Bronze,True
1420,Jatin,Bava,Male,1982-03-04,damini26@example.net,4022933524,Kozhikode,Karnataka,India,2022-03-27,Bronze,True
1421,Amaira,Gara,Male,2001-01-12,goswamiumang@example.net,+919881890379,Satna,Uttar Pradesh,India,2023-10-26,Gold,True
1422,Avi,Pathak,Female,1991-07-14,ydalal@example.org,1897539874,Karawal Nagar,Uttar Pradesh,India,2022-02-24,Silver,False
1423,Vasudha,Hegde,Male,1985-12-08,devikabir@example.net,3021358874,Bharatpur,Rajasthan,India,2025-12-15,Silver,True
1424,Rajata,Naidu,Male,1967-11-27,tanvivenkataraman@example.org,+916155957358,Gaya,West Bengal,India,2022-08-18,Gold,True
1425,Charan,Dasgupta,Male,1989-11-25,mitalchandran@example.com,0798303677,Sangli-Miraj & Kupwad,Gujarat,India,2023-03-31,Bronze,True
1426,Bishakha,Sem,Male,1975-09-12,barkha51@example.org,3276060711,Ludhiana,Karnataka,India,2021-08-10,Silver,True
1427,Vedhika,Chokshi,Male,1999-03-12,kalpit34@example.com,9256882957,Udupi,Rajasthan,India,2025-03-31,Gold,True
1428,Aishani,Devi,Female,1985-07-18,ddevi@example.org,+912993515823,Bongaigaon,Rajasthan,India,2023-01-25,Bronze,True
1429,Bhavna,Pal,Female,1960-02-19,dinharini@example.com,3397873649,Karaikudi,Rajasthan,India,2024-07-14,Bronze,True
1430,Waida,Dalal,Male,2007-08-15,kundavasatika@example.org,+916797306230,Ahmedabad,Tamil Nadu,India,2026-06-08,Platinum,True
1431,Imaran,Dyal,Male,1972-12-27,janaki58@example.com,+910473187650,Jalandhar,Uttar Pradesh,India,2024-08-22,Silver,True
1432,Dominic,Narula,Male,1970-10-31,gopaljyoti@example.org,1621094890,Kochi,Rajasthan,India,2025-01-08,Bronze,True
1433,Harita,Dass,Female,1978-11-08,cvohra@example.org,6202992114,Shivpuri,Gujarat,India,2022-09-09,Bronze,True
1434,Parth,Kannan,Female,1974-10-17,mayasampath@example.org,00160640543,Tadipatri,Uttar Pradesh,India,2023-07-14,Bronze,True
1435,Daniel,Jaggi,Female,1968-08-02,gautami06@example.org,00993516306,Ozhukarai,Gujarat,India,2024-12-02,Bronze,True
1436,Dev,Krishna,Male,1961-03-03,tarabhavna@example.net,8134017922,Orai,Delhi,India,2023-02-06,Gold,False
1437,Tara,Loyal,Male,1986-08-19,ravelindrajit@example.org,7296383950,Berhampore,Karnataka,India,2023-03-11,Bronze,True
1438,Riya,Konda,Female,1982-02-07,choudharychandran@example.com,9211478657,Gwalior,Karnataka,India,2024-04-08,Bronze,True
1439,William,Shanker,Male,1995-04-02,ozaarin@example.org,0668441610,Buxar,Tamil Nadu,India,2024-07-08,Bronze,True
1440,Advaith,Hora,Male,1988-11-24,fsandhu@example.net,9440533109,Guntakal,Gujarat,India,2023-06-10,Bronze,True
1441,Gayathri,Borde,Female,2000-04-10,zilmildeo@example.org,+919018785621,Latur,Rajasthan,India,2023-07-26,Bronze,True
1442,Jeremiah,Uppal,Female,1991-05-20,vedant19@example.net,03365719225,Thiruvananthapuram,Delhi,India,2025-04-04,Bronze,True
1443,Urvi,Reddy,Female,1979-05-17,ctailor@example.com,1457749356,Maheshtala,West Bengal,India,2026-04-19,Silver,True
1444,Eta,Dhar,Female,2000-03-11,netrapatel@example.net,+914905417866,Akola,Uttar Pradesh,India,2023-02-11,Bronze,True
1445,Hardik,Bahri,Female,1978-06-04,menoneesha@example.net,6510184512,Ahmednagar,Tamil Nadu,India,2023-04-23,Silver,True
1446,Warda,Walia,Female,1998-06-14,lsoman@example.org,+916607546735,Nizamabad,Rajasthan,India,2021-09-29,Platinum,True
1447,Yatan,Morar,Male,1989-05-02,lbhavsar@example.org,+913670112288,Dhule,Rajasthan,India,2022-07-14,Bronze,True
1448,Devansh,Barman,Male,1963-04-01,urmi92@example.com,2791658734,Motihari,Gujarat,India,2022-08-27,Bronze,True
1449,Pushti,Goyal,Male,2007-02-15,dhriti15@example.org,4022457042,Khora ,Tamil Nadu,India,2023-06-23,Bronze,True
1450,Manthan,Dora,Female,1988-09-30,qbakshi@example.com,+915802490512,Panipat,Tamil Nadu,India,2024-07-19,Bronze,True
1451,Isaac,Deshpande,Male,1962-02-17,ijaya33@example.com,9886996399,Hosur,Delhi,India,2025-12-20,Silver,True
1452,Ranveer,Bali,Female,1983-06-06,ekavirthakkar@example.net,+915834868226,Gwalior,Rajasthan,India,2022-02-03,Bronze,False
1453,Arya,Sha,Male,2000-07-12,ranaadvika@example.org,9127856079,Ranchi,Gujarat,India,2023-05-21,Bronze,True
1454,Arin,Dhaliwal,Female,2002-10-31,chandresh66@example.net,4461417767,Bulandshahr,Uttar Pradesh,India,2023-07-13,Silver,False
1455,Harshil,Sha,Female,2002-08-10,kalabachittar@example.org,5069947095,Cuttack,Tamil Nadu,India,2025-06-21,Bronze,True
1456,Lavanya,Ben,Female,1975-01-31,pauchaitaly@example.com,01192553875,Bongaigaon,Uttar Pradesh,India,2026-07-06,Gold,True
1457,Zansi,Mander,Female,1993-12-02,comarbrijesh@example.org,1496963223,Hajipur,Rajasthan,India,2023-12-06,Silver,False
1458,Yashasvi,Sampath,Male,1983-08-12,ekanta00@example.com,4826607571,Avadi,Tamil Nadu,India,2024-03-01,Silver,True
1459,Eshana,Parikh,Female,1978-01-01,naveenrastogi@example.com,+914286961141,Gopalpur,Maharashtra,India,2026-03-26,Bronze,True
1460,Dhruv,Lala,Female,1961-11-14,karanitesh@example.org,0943889032,Uluberia,Rajasthan,India,2021-11-24,Bronze,True
1461,Urvashi,Lala,Male,2000-06-07,daksh49@example.org,+917965551462,Tadepalligudem,Delhi,India,2023-03-28,Silver,True
1462,Krishna,Chada,Male,1963-03-18,adweta87@example.com,+918277893086,Unnao,Maharashtra,India,2026-03-08,Bronze,False
1463,David,Chad,Male,2002-01-22,tarak64@example.net,9564830641,Hyderabad,West Bengal,India,2025-11-10,Bronze,True
1464,Gunbir,Warrior,Male,1993-03-05,charitaissac@example.net,08814844991,Panipat,Rajasthan,India,2023-12-02,Bronze,False
1465,Yatan,Biswas,Female,2000-12-04,tiwariryan@example.org,5432788941,Berhampur,West Bengal,India,2022-11-03,Bronze,True
1466,Suhani,Chopra,Female,1973-10-03,shenoyrushil@example.org,06499556931,Gudivada,Rajasthan,India,2025-05-17,Bronze,False
1467,Mugdha,Bumb,Male,1975-05-22,maniati@example.com,+911296322434,Srinagar,Delhi,India,2025-09-02,Silver,False
1468,Bhavya,Ramachandran,Female,1957-01-23,mittalreyansh@example.com,06776940213,Mangalore,Uttar Pradesh,India,2025-11-15,Bronze,False
1469,Farhan,Korpal,Female,1971-12-21,krishnakaur@example.net,6138230042,Eluru,Tamil Nadu,India,2025-09-18,Gold,True
1470,Riya,Pillay,Male,1997-01-10,kchanda@example.net,4258597074,Dhanbad,Delhi,India,2026-05-12,Bronze,True
1471,Priya,Brar,Male,1978-03-01,aryamukherjee@example.net,+913932298111,Farrukhabad,West Bengal,India,2022-10-03,Bronze,False
1472,Triya,Chacko,Female,1959-10-20,prashadfaraj@example.org,06991190730,Khammam,West Bengal,India,2021-09-01,Bronze,False
1473,Harrison,Madan,Male,2003-08-11,rahluwalia@example.net,1441177202,Mirzapur,Delhi,India,2022-07-29,Bronze,False
1474,Chameli,Chanda,Female,2007-04-11,pillaychasmum@example.net,04590024798,Suryapet,Uttar Pradesh,India,2021-11-22,Bronze,True
1475,Balendra,Saxena,Female,1958-12-30,upkaar52@example.org,05109336560,Bhimavaram,Uttar Pradesh,India,2022-02-23,Silver,False
1476,Chaman,Majumdar,Male,1961-12-18,madhavi81@example.com,+913942321101,Morbi,Maharashtra,India,2024-03-26,Silver,True
1477,Dhruv,Savant,Female,1986-08-18,kevin20@example.org,+913444311730,Karnal,Gujarat,India,2022-12-12,Platinum,False
1478,Pushti,Chada,Male,1980-12-30,rehaan66@example.com,0316173708,Tumkur,Gujarat,India,2024-08-08,Bronze,False
1479,Udarsh,Tara,Male,1991-11-08,keya40@example.org,03683157310,Shahjahanpur,Maharashtra,India,2023-11-04,Bronze,True
1480,Sneha,Naidu,Female,1980-05-31,qasimbandi@example.net,08787139704,Siliguri,Karnataka,India,2023-07-11,Silver,True
1481,Lakshit,Chhabra,Female,2000-02-13,inaya08@example.net,0724079654,Panvel,West Bengal,India,2022-05-28,Gold,False
1482,Ekapad,Garde,Male,2003-10-12,dhaliwallekha@example.com,6818959856,Lucknow,Rajasthan,India,2026-02-02,Silver,True
1483,Bhavya,Varughese,Female,2005-12-11,harrisonbrahmbhatt@example.com,+918518369092,Thoothukudi,Tamil Nadu,India,2022-12-28,Silver,True
1484,Irya,Dani,Female,1971-03-28,jlata@example.com,+913892352364,Tadipatri,Uttar Pradesh,India,2023-06-01,Gold,True
1485,Reva,Nath,Female,1966-09-05,meerasathe@example.org,9577019597,Tinsukia,Tamil Nadu,India,2022-02-25,Bronze,True
1486,Girish,Dubey,Female,1963-07-14,ndubey@example.org,+914842412271,Pudukkottai,Rajasthan,India,2024-12-21,Bronze,True
1487,Lajita,Raghavan,Male,1994-06-24,girishdoshi@example.com,3672598707,Jorhat,Delhi,India,2023-02-19,Silver,True
1488,Viraj,Ramachandran,Male,2003-08-11,gavindatta@example.net,8387102908,Imphal,Tamil Nadu,India,2025-12-10,Silver,True
1489,Vincent,Toor,Female,1956-02-18,tsinghal@example.org,03237874518,Bikaner,Gujarat,India,2022-09-26,Silver,True
1490,Bachittar,Agrawal,Male,1999-01-26,vedikabadami@example.net,+913962204339,Srinagar,Rajasthan,India,2022-10-24,Gold,True
1491,Farhan,Palla,Male,1963-07-27,jonathanmadan@example.net,08445717418,Ambala,Gujarat,India,2026-01-13,Bronze,False
1492,Chameli,Hans,Female,1961-11-19,muttiyatan@example.net,+913518961304,Chandigarh,Rajasthan,India,2021-10-25,Gold,True
1493,Vamakshi,Warrior,Male,1978-07-21,skant@example.org,9889694138,Hajipur,Delhi,India,2025-06-23,Bronze,True
1494,Vedhika,Bala,Male,2008-01-08,ipatla@example.com,+916986891328,Guntakal,Karnataka,India,2024-08-21,Bronze,True
1495,Nitara,Mohanty,Male,2006-07-27,mohammedbassi@example.org,3983347104,Medininagar,Tamil Nadu,India,2024-05-24,Gold,False
1496,Arin,Narula,Female,1972-07-03,sdesai@example.org,03482299581,Avadi,Gujarat,India,2025-11-24,Silver,True
1497,Kalpit,Lal,Female,1998-02-28,lohit23@example.org,06625982405,Hubli–Dharwad,Rajasthan,India,2022-06-24,Bronze,True
1498,Shivansh,Barad,Male,1994-06-13,yashodharamand@example.org,4075933847,Bihar Sharif,Karnataka,India,2022-12-22,Bronze,True
1499,Vrinda,Ramaswamy,Male,1983-02-02,dayitabehl@example.net,+918879480028,Firozabad,Gujarat,India,2024-05-21,Bronze,True
1500,Osha,Chahal,Male,1998-06-19,radhika39@example.com,+910947929897,Vijayawada,West Bengal,India,2025-02-16,Silver,True
1501,Isaac,Dhaliwal,Male,1982-07-23,aatwal@example.com,01993854045,Vellore,Maharashtra,India,2022-04-19,Silver,False
1502,Mohammed,Dani,Male,1993-08-16,irya45@example.org,04795467999,Barasat,Delhi,India,2025-12-12,Bronze,True
1503,Ekavir,Luthra,Female,1970-09-22,siddharthpandey@example.org,+914880995509,Purnia,Karnataka,India,2022-05-11,Gold,True
1504,Urmi,Shanker,Male,1980-07-12,gautam84@example.net,9241127620,Thiruvananthapuram,Gujarat,India,2026-05-24,Silver,True
1505,Watika,Kamdar,Male,1960-10-07,bhatnagaryashodhara@example.com,4948172388,Hazaribagh,Delhi,India,2024-10-31,Silver,True
1506,Sai,Sheth,Male,1969-02-15,borahpriya@example.org,4290739051,Ajmer,Rajasthan,India,2022-04-24,Bronze,True
1507,Zansi,Gala,Female,1962-09-13,bkade@example.com,02608565013,Howrah,Rajasthan,India,2023-11-19,Bronze,True
1508,Saumya,Sabharwal,Male,1958-12-02,vsinghal@example.com,04994471949,Bathinda,Karnataka,India,2024-08-26,Gold,True
1509,Tara,Bhakta,Male,1984-09-11,fbhargava@example.net,6440486587,Gwalior,Delhi,India,2022-01-12,Platinum,True
1510,Unnati,Natarajan,Male,2005-08-31,tbalakrishnan@example.org,7616680990,Bhatpara,Karnataka,India,2021-10-31,Gold,False
1511,Nitara,Dutta,Female,1980-06-10,dom@example.com,+911060014512,Surat,Tamil Nadu,India,2026-05-16,Bronze,True
1512,Manbir,Kata,Male,1997-04-14,gayathrikhare@example.org,09951749552,Hubli–Dharwad,Rajasthan,India,2021-07-30,Platinum,False
1513,Ronith,Chandran,Male,1976-06-11,okhanna@example.org,1577029599,Hapur,Delhi,India,2022-11-29,Bronze,True
1514,Siddharth,Wason,Male,1976-11-11,hredhaanbhatt@example.com,4627142748,Nashik,Uttar Pradesh,India,2024-03-10,Bronze,True
1515,Meera,Mukhopadhyay,Female,1987-10-02,zarna49@example.org,4328207853,Durgapur,Rajasthan,India,2022-01-21,Silver,True
1516,Charita,Sha,Male,1984-02-20,anmol98@example.net,1550443478,Hazaribagh,Rajasthan,India,2023-12-12,Bronze,False
1517,Ayush,Sura,Female,1972-03-20,fkaul@example.org,05687383399,Jehanabad,Uttar Pradesh,India,2022-06-07,Silver,True
1518,Wishi,Sarin,Female,1988-12-11,chatresh28@example.com,5296080234,Chandrapur,Delhi,India,2025-04-14,Silver,True
1519,Chaitaly,Narayanan,Female,1990-06-11,jyoti84@example.org,07475726777,Etawah,Delhi,India,2025-05-11,Gold,False
1520,Ladli,Bhat,Female,1963-08-03,indrajit29@example.net,+916899493134,Bidhannagar,Tamil Nadu,India,2025-09-25,Bronze,False
1521,Girik,Kulkarni,Male,1998-08-07,boseayush@example.net,08171136348,Bally,West Bengal,India,2022-09-07,Bronze,True
1522,Radhika,Ganesan,Male,1989-08-04,mitalikalla@example.net,04264923207,Rajahmundry,Tamil Nadu,India,2022-06-21,Bronze,True
1523,Harrison,Narula,Male,1978-04-02,krishnandarika@example.com,05023761201,Sonipat,Karnataka,India,2025-05-24,Bronze,True
1524,Upkaar,Kala,Female,2007-02-19,msami@example.org,+919083366869,Bhagalpur,Delhi,India,2023-07-17,Silver,False
1525,Lakshmi,Chacko,Male,1958-04-15,kashvibali@example.org,+910374503500,Mau,Delhi,India,2025-04-26,Gold,False
1526,Balendra,Saraf,Female,1992-11-03,maneviraj@example.net,2648681192,Alwar,Gujarat,India,2025-10-02,Silver,False
1527,Kai,Pillay,Female,1998-07-26,hemang55@example.net,3158044655,Vasai-Virar,Uttar Pradesh,India,2021-11-30,Silver,False
1528,Amrita,Mani,Female,1967-04-14,oscarsani@example.net,+918711555884,Bhimavaram,Gujarat,India,2023-05-14,Bronze,False
1529,Odika,Bhargava,Male,1977-10-31,nadkarnieesha@example.net,7039708298,Karnal,Karnataka,India,2023-08-17,Bronze,False
1530,Vincent,Seth,Male,2003-01-15,anayray@example.org,+911744582463,Moradabad,Tamil Nadu,India,2022-01-01,Bronze,True
1531,Gavin,Khalsa,Male,1962-07-05,naveen05@example.net,1316612013,Bathinda,Uttar Pradesh,India,2023-06-13,Silver,True
1532,Upadhriti,Mani,Female,1977-01-25,nrau@example.com,+917900442507,Nagaon,Rajasthan,India,2023-03-16,Bronze,True
1533,Vritti,Dave,Male,1967-09-20,radhika55@example.org,+912148183983,Bhilai,Uttar Pradesh,India,2025-04-29,Silver,True
1534,Finn,Borde,Female,1962-12-12,rajanisha@example.com,07361798215,Mahbubnagar,Uttar Pradesh,India,2022-05-19,Bronze,True
1535,Ganga,Hari,Female,1957-08-11,mangatadvay@example.com,08136764073,Chandrapur,Maharashtra,India,2021-12-25,Platinum,True
1536,Vasatika,Kothari,Female,2008-06-24,tanishmukherjee@example.com,07409003015,Tirupati,Karnataka,India,2022-09-15,Bronze,True
1537,Karan,Kapadia,Female,2008-04-03,balhaar15@example.org,+918206124348,Sambalpur,Uttar Pradesh,India,2022-06-21,Bronze,True
1538,Thomas,Iyer,Male,2001-04-11,tamanna75@example.net,01622181602,Mau,Gujarat,India,2023-09-10,Gold,True
1539,Yashodhara,Dhaliwal,Female,1962-03-06,bhallayochana@example.com,4313199964,Giridih,West Bengal,India,2025-10-25,Bronze,False
1540,Abdul,Varma,Female,1999-02-23,advika83@example.org,08152978425,Giridih,Karnataka,India,2021-10-30,Silver,False
1541,Advay,Sehgal,Female,2000-01-08,jonathan71@example.net,+917759324258,Tirunelveli,Uttar Pradesh,India,2025-07-12,Silver,True
1542,Sathvik,Raj,Male,1993-01-06,henrydas@example.com,+918379232420,Guwahati,West Bengal,India,2026-03-19,Bronze,False
1543,Omkaar,Dutta,Female,1971-12-19,gopalprashad@example.net,05011002862,Kharagpur,Gujarat,India,2025-09-17,Bronze,True
1544,Arjun,Chaudry,Male,1970-08-26,sastryojasvi@example.com,+910378497418,Madanapalle,Tamil Nadu,India,2022-08-21,Gold,True
1545,Ekiya,Oommen,Male,1991-10-21,anamikasankar@example.org,07054925265,Tiruppur,Rajasthan,India,2022-01-16,Bronze,False
1546,Rehaan,Varghese,Female,1964-10-17,meghakuruvilla@example.net,05286265397,Meerut,Rajasthan,India,2023-03-27,Bronze,True
1547,Udant,Shenoy,Male,1975-11-01,msidhu@example.net,+910613599753,Bally,Delhi,India,2023-08-27,Bronze,True
1548,Lakshmi,Grover,Male,1996-06-24,ladlichana@example.org,+918177265449,Anantapuram,Karnataka,India,2026-02-13,Gold,True
1549,Sarthak,Gola,Female,1974-12-03,odeep@example.net,03109451853,Raichur,Tamil Nadu,India,2021-10-08,Bronze,True
1550,Unnati,Mall,Male,2004-08-05,gandhiyashica@example.org,5850790188,Miryalaguda,Uttar Pradesh,India,2022-06-21,Silver,False
1551,Shivani,Upadhyay,Female,1991-09-01,kundairya@example.net,06944985583,Shimoga,Gujarat,India,2024-02-11,Bronze,False
1552,Meera,Nigam,Male,1979-06-22,dborra@example.org,01833139969,Anantapuram,Rajasthan,India,2024-06-02,Bronze,False
1553,Lucky,Behl,Female,1984-06-27,ntalwar@example.org,2949177683,Parbhani,Karnataka,India,2024-05-03,Gold,True
1554,Balveer,Balasubramanian,Male,1994-04-21,rushil26@example.net,05516411624,Erode,Rajasthan,India,2024-11-07,Bronze,True
1555,Warda,Oommen,Male,2006-10-14,qvig@example.com,7636253688,Rourkela,Gujarat,India,2025-01-09,Bronze,False
1556,Oviya,Kurian,Male,1956-04-09,arin40@example.com,03745351185,Nagercoil,Uttar Pradesh,India,2024-09-27,Silver,True
1557,Pushti,Sarkar,Male,1962-10-27,nitarawali@example.com,+919613866265,Khandwa,Gujarat,India,2026-03-23,Bronze,True
1558,Zansi,Sethi,Female,1980-10-30,ladharini@example.org,5060441444,Tenali,Delhi,India,2025-10-15,Silver,True
1559,Abhimanyu,Lala,Male,1995-03-11,divananvi@example.net,+918879693334,Rourkela,Rajasthan,India,2024-11-24,Bronze,False
1560,Osha,Narayan,Female,2000-07-16,maniyagnesh@example.net,09518668623,Ahmednagar,Delhi,India,2023-01-03,Bronze,True
1561,Amol,Srivastava,Female,1958-03-07,kadakiadhruv@example.net,+911313153481,Berhampore,Gujarat,India,2026-03-12,Bronze,True
1562,Arunima,Acharya,Male,1994-08-07,qasim71@example.com,01669436361,Davanagere,West Bengal,India,2026-05-19,Bronze,False
1563,Darpan,Ganesan,Male,1975-08-11,ukarpe@example.net,0404725161,Bhiwandi,Maharashtra,India,2022-02-15,Silver,True
1564,Manbir,Salvi,Female,1984-03-22,narainbhavya@example.org,00660491057,Bellary,Delhi,India,2024-07-09,Silver,False
1565,Darika,Dutta,Female,1994-08-19,boragopal@example.org,05501149777,Durg,West Bengal,India,2023-03-22,Gold,True
1566,Raghav,Nanda,Male,1997-12-29,sandalforum@example.com,+912887853959,Anantapur,Rajasthan,India,2023-05-24,Bronze,True
1567,Yug,Borra,Male,1956-04-25,msarkar@example.com,+915393325998,Vellore,Gujarat,India,2024-08-23,Gold,False
1568,Advaith,Keer,Female,1965-11-27,amarasehgal@example.net,06632684584,Gaya,Karnataka,India,2025-04-13,Silver,False
1569,Vamakshi,Verma,Female,1975-05-15,chanakyamemon@example.net,09490771406,Chinsurah,Gujarat,India,2022-03-06,Silver,True
1570,Vaishnavi,Suresh,Male,1980-09-04,waliaekanta@example.com,06162928794,Hindupur,West Bengal,India,2026-01-06,Bronze,True
1571,Damini,Sheth,Male,1973-03-12,padmanabhanfaris@example.net,02055729404,Panipat,Maharashtra,India,2023-11-16,Bronze,True
1572,Yamini,Sarna,Female,1991-11-22,dayalpatrick@example.org,+912714694789,Mirzapur,Uttar Pradesh,India,2024-02-25,Silver,False
1573,Yahvi,Prabhu,Female,1982-04-21,atharv09@example.net,+919969030415,Serampore,Maharashtra,India,2024-12-19,Bronze,True
1574,Peter,Contractor,Male,1977-07-06,wridesh84@example.com,+912409553513,Machilipatnam,Maharashtra,India,2026-01-12,Bronze,True
1575,Timothy,Sachar,Male,1995-08-17,nilimachad@example.net,+917006312079,Panipat,Maharashtra,India,2022-08-23,Platinum,False
1576,Leela,Garde,Male,1962-05-17,christopherdave@example.com,+912405792156,Tenali,Maharashtra,India,2024-08-07,Gold,True
1577,Veda,Chauhan,Female,2007-08-24,deshpandechatresh@example.com,+915335915185,Mehsana,Gujarat,India,2021-10-21,Gold,False
1578,Aarna,Ram,Female,1971-10-22,qarin15@example.com,+914359373444,Mathura,Karnataka,India,2024-08-16,Bronze,True
1579,Warhi,Ram,Male,1965-03-15,anyamanne@example.com,03444795364,Bhind,Karnataka,India,2025-10-05,Silver,True
1580,Advaith,Tiwari,Female,2003-06-01,adweta76@example.org,+911261553384,Kavali,Uttar Pradesh,India,2026-04-23,Gold,True
1581,Osha,Patil,Male,2007-03-22,gayathri33@example.com,02386692059,Jamalpur,Rajasthan,India,2025-01-01,Bronze,False
1582,Rishi,Vala,Male,1971-10-21,golamichael@example.com,4177554953,Vijayawada,West Bengal,India,2025-11-21,Bronze,True
1583,Widisha,Kaul,Male,1997-10-22,qchandra@example.org,04145485096,Saharsa,Delhi,India,2022-12-02,Platinum,False
1584,Veda,Wason,Female,1990-08-11,madaneta@example.net,1285534166,Kakinada,Gujarat,India,2024-04-28,Gold,True
1585,Pahal,Chawla,Female,1992-03-02,qbhavsar@example.com,6949125675,Burhanpur,Rajasthan,India,2024-09-04,Silver,True
1586,Abhimanyu,Maharaj,Female,1962-03-03,jeremiah45@example.com,6196461250,Silchar,West Bengal,India,2024-11-30,Bronze,True
1587,Niharika,Uppal,Female,1992-02-09,etakalla@example.org,+915415806902,Bulandshahr,Tamil Nadu,India,2024-08-14,Bronze,True
1588,Jatin,Vaidya,Female,1986-04-18,caleb38@example.com,08787007279,Patna,Maharashtra,India,2024-12-20,Silver,True
1589,Sathvik,Sami,Male,2008-06-27,vasajagdish@example.com,+919954973262,Ozhukarai,Delhi,India,2023-08-10,Bronze,False
1590,Vasudha,Gara,Female,1978-12-25,yash71@example.org,05826867735,Panihati,Rajasthan,India,2025-05-31,Gold,True
1591,Xiti,Radhakrishnan,Male,1961-06-04,atwalmason@example.net,06699284704,Gaya,Uttar Pradesh,India,2023-10-05,Bronze,False
1592,Siddharth,Anne,Female,1997-10-02,mandernachiket@example.org,00304412191,Morbi,Gujarat,India,2021-12-20,Bronze,True
1593,Libni,Manda,Female,1991-05-06,rayaan82@example.org,8553347602,Khora ,Delhi,India,2022-08-15,Gold,True
1594,Hiral,Devi,Female,1973-08-03,anya22@example.org,00242273061,Davanagere,Rajasthan,India,2022-09-26,Gold,False
1595,Varenya,Chakraborty,Male,1973-01-31,kothariindrajit@example.org,+919048483011,Ajmer,Gujarat,India,2023-05-28,Gold,False
1596,Dayamai,Raval,Female,1959-12-02,dhaliwalomaja@example.net,+914493860524,Arrah,West Bengal,India,2024-12-14,Gold,True
1597,Lila,Seth,Female,2002-03-31,ulal@example.net,4545923514,Muzaffarnagar,Karnataka,India,2022-02-16,Gold,True
1598,Kabir,Narayan,Male,1969-09-09,ubose@example.net,0964953537,Jaunpur,Rajasthan,India,2024-08-12,Bronze,True
1599,Parth,Sarkar,Female,1956-08-21,tanejaturvi@example.net,3595408135,Gandhidham,Maharashtra,India,2023-02-15,Silver,True
1600,Charita,Narasimhan,Female,1990-09-05,bhardwajhemang@example.net,06513932205,Singrauli,Tamil Nadu,India,2023-04-11,Bronze,True
1601,Aahana,Borra,Female,2006-05-09,vjhaveri@example.com,+910540600918,Faridabad,Rajasthan,India,2024-10-07,Silver,True
1602,Radha,Subramaniam,Male,1989-08-05,fkalla@example.net,01842955243,Kishanganj,Delhi,India,2021-08-10,Silver,True
1603,Harrison,Trivedi,Female,1963-11-06,rohanborra@example.org,08490105435,Firozabad,Rajasthan,India,2022-08-07,Bronze,True
1604,Arunima,Varty,Female,2001-02-26,cchar@example.org,3661221591,Agra,Tamil Nadu,India,2023-07-05,Silver,True
1605,Agastya,Modi,Female,1969-03-19,adesai@example.net,6952882436,Parbhani,Delhi,India,2024-05-13,Bronze,True
1606,Udarsh,D’Alia,Male,1965-11-24,chameli34@example.net,4764109008,Katihar,West Bengal,India,2021-11-17,Gold,True
1607,Gagan,Bala,Male,2000-12-03,inaya76@example.com,02236521570,Panipat,Maharashtra,India,2023-03-22,Gold,True
1608,Wyatt,Sanghvi,Male,1978-10-16,mohammedhayer@example.org,+919626035337,Bihar Sharif,Uttar Pradesh,India,2024-01-20,Bronze,True
1609,Kamya,Sood,Male,1990-07-23,yatinbhatt@example.net,+911885798098,Bidhannagar,West Bengal,India,2024-08-02,Silver,True
1610,Harini,Chaudry,Male,1957-04-25,vanyajayaraman@example.net,+919138489041,Ongole,Karnataka,India,2024-07-19,Platinum,True
1611,Yadavi,Naik,Male,1998-12-25,csabharwal@example.org,2389863960,Muzaffarnagar,Maharashtra,India,2022-04-25,Silver,False
1612,Anya,Mann,Female,1958-08-19,devansh55@example.com,+917781396303,Noida,Uttar Pradesh,India,2025-10-21,Bronze,True
1613,Gabriel,Bahri,Male,1984-10-15,harshil13@example.com,6290580340,Hubli–Dharwad,Gujarat,India,2024-03-26,Bronze,False
1614,Christopher,Sama,Female,1967-11-28,sarkarguneet@example.net,+911757613752,Mysore,Tamil Nadu,India,2026-03-28,Bronze,True
1615,Harrison,Nadig,Male,1984-03-01,ijaya03@example.com,+910674355502,New Delhi,Gujarat,India,2025-09-06,Silver,True
1616,Nachiket,Tata,Female,1971-04-28,pallavi21@example.com,2658443628,Dehradun,Tamil Nadu,India,2023-09-19,Bronze,True
1617,Bhavini,Modi,Male,1996-10-21,anirudhramaswamy@example.net,+913058852573,Jalgaon,Gujarat,India,2025-09-29,Platinum,True
1618,Warjas,Dugar,Female,1971-07-13,vchaudhry@example.org,+916333351475,Kalyan-Dombivli,Delhi,India,2022-09-11,Bronze,False
1619,Avi,Bawa,Male,1989-12-17,falandewan@example.com,06374053793,Panchkula,Maharashtra,India,2021-12-11,Bronze,True
1620,Zinal,Bail,Female,1990-12-05,osandhu@example.com,+915381412744,Mumbai,Delhi,India,2022-04-28,Silver,False
1621,Chameli,Gill,Female,1958-12-29,avni04@example.org,6901538006,Munger,Karnataka,India,2022-02-18,Bronze,True
1622,Theodore,Pall,Male,2007-08-05,wshukla@example.net,00919688976,Nagercoil,Rajasthan,India,2023-02-22,Gold,False
1623,Champak,Ranganathan,Female,1989-01-31,ria15@example.org,+917883279119,Allahabad,Maharashtra,India,2022-04-25,Bronze,False
1624,Rudra,Bhalla,Female,1955-10-22,mkaur@example.net,+919543796042,Guna,West Bengal,India,2023-12-01,Silver,True
1625,Jasmit,Madan,Male,2005-11-25,shankarisha@example.org,7546743297,Thane,Tamil Nadu,India,2024-12-05,Bronze,False
1626,Radhika,Oza,Female,1960-08-21,chavvidara@example.org,08568921187,Kolkata,Uttar Pradesh,India,2023-11-09,Bronze,True
1627,Elijah,Sinha,Female,1985-06-28,rambalveer@example.com,1617089449,Darbhanga,Tamil Nadu,India,2024-02-15,Bronze,True
1628,Zinal,Dash,Male,1978-02-23,cbhattacharyya@example.com,+914234189098,Raiganj,Tamil Nadu,India,2023-06-08,Bronze,True
1629,Balendra,Rai,Female,1976-03-01,sganesan@example.org,07192289959,Begusarai,West Bengal,India,2023-05-27,Bronze,True
1630,Lajita,Patil,Female,1982-05-22,rastogiradha@example.net,+917381056868,Moradabad,Rajasthan,India,2022-11-10,Bronze,True
1631,Abeer,Sanghvi,Female,1976-07-03,tlata@example.net,05075123146,Bidar,Uttar Pradesh,India,2026-05-21,Silver,True
1632,Manthan,Savant,Female,1983-10-20,gauri95@example.org,7693870273,Ambarnath,Maharashtra,India,2021-11-23,Bronze,True
1633,Wriddhish,Char,Male,1956-08-05,michael85@example.com,04357386516,Serampore,Tamil Nadu,India,2025-02-02,Bronze,True
1634,Balhaar,Kala,Male,1991-12-19,sharmadalbir@example.net,4360959233,Nangloi Jat,Uttar Pradesh,India,2021-10-30,Bronze,False
1635,Warhi,Vora,Male,2002-02-03,pushti04@example.org,09123078465,Satna,Uttar Pradesh,India,2022-01-29,Bronze,False
1636,Ekalinga,Soni,Female,2006-01-24,indrajit98@example.net,+914240657963,Buxar,Uttar Pradesh,India,2026-03-20,Bronze,True
1637,Upma,Mahajan,Male,1989-06-21,gshan@example.org,04115895806,Amravati,Rajasthan,India,2025-09-05,Bronze,True
1638,Hitesh,Mody,Male,1987-05-16,nidhisom@example.net,03093358812,Vadodara,Tamil Nadu,India,2025-06-19,Silver,True
1639,Maya,Kala,Male,1982-10-29,gkaran@example.org,6898921694,Mirzapur,Maharashtra,India,2024-05-16,Silver,True
1640,Reva,Datta,Female,1995-02-23,mitrakrisha@example.net,+910289594653,Madhyamgram,Karnataka,India,2026-05-26,Bronze,False
1641,Anamika,Edwin,Male,1975-02-23,birchandani@example.net,09167197744,Kanpur,Rajasthan,India,2024-12-27,Bronze,True
1642,Avi,Hans,Female,1971-12-26,isaacravel@example.com,9653384521,Ambala,Rajasthan,India,2024-06-03,Silver,True
1643,Yashawini,Sarma,Female,1965-04-21,ishanidivan@example.com,09733538267,Kulti,Tamil Nadu,India,2025-12-15,Bronze,False
1644,Ikbal,Ramaswamy,Female,1971-04-20,nairbakhshi@example.org,04691494796,Gudivada,Uttar Pradesh,India,2026-02-08,Silver,True
1645,Urvashi,Bhardwaj,Male,1976-02-15,srivastavaazad@example.net,2577846976,Eluru,Rajasthan,India,2022-04-19,Platinum,False
1646,Harsh,Jha,Female,1970-02-17,yashawinisuri@example.com,6647736197,Guwahati,Tamil Nadu,India,2024-02-13,Bronze,True
1647,Leela,Sangha,Female,2002-12-11,isaiahmagar@example.com,8661448470,Nandyal,Rajasthan,India,2024-11-15,Silver,True
1648,Nakul,Kohli,Female,1960-01-03,akrishnamurthy@example.org,9699966359,Tiruchirappalli,Karnataka,India,2024-07-19,Bronze,True
1649,Pahal,Sood,Male,1973-06-20,radhakrishnanyashvi@example.org,3812791902,Barasat,West Bengal,India,2024-02-23,Bronze,True
1650,Jalsa,Chakraborty,Male,1970-12-20,qthaker@example.com,+910931753084,Warangal,West Bengal,India,2021-11-23,Silver,True
1651,Ijaya,Garde,Male,1977-09-20,jainindali@example.org,2967691405,Kakinada,Karnataka,India,2023-12-08,Bronze,False
1652,Nitara,Johal,Female,2004-05-23,gangadoctor@example.com,+910678639289,Bally,Tamil Nadu,India,2024-06-04,Bronze,True
1653,Yug,Lall,Female,1996-08-10,qushiratta@example.com,7587592348,Sultan Pur Majra,Delhi,India,2024-09-13,Bronze,False
1654,Triya,Garg,Female,1982-11-22,gmenon@example.org,09314793977,Naihati,Gujarat,India,2026-05-26,Silver,False
1655,Kalpit,Hegde,Male,1959-04-30,hmore@example.org,+912154442512,Nadiad,West Bengal,India,2023-06-26,Gold,True
1656,Mekhala,Mody,Female,1956-03-15,morarchaitaly@example.net,05749815853,Kakinada,West Bengal,India,2025-08-21,Bronze,True
1657,Rachit,Roy,Female,1966-01-15,jai98@example.net,2934562167,Kottayam,Delhi,India,2025-12-03,Silver,True
1658,Teerth,Tripathi,Female,1961-03-12,aishani28@example.com,+915466054440,Coimbatore,Karnataka,India,2025-01-31,Bronze,False
1659,Mekhala,Menon,Male,1977-11-13,dasguptajalsa@example.com,4563944208,Moradabad,Uttar Pradesh,India,2024-06-23,Bronze,True
1660,Amaira,Bora,Female,2001-08-27,janujavala@example.net,05728220529,Jehanabad,Delhi,India,2024-01-27,Silver,True
1661,Gaurangi,Sawhney,Male,2007-10-03,bensaanvi@example.org,04624437757,Hapur,Karnataka,India,2023-09-16,Gold,True
1662,Jackson,Bhavsar,Female,1990-05-04,kohlinandini@example.net,04060558960,Bhopal,West Bengal,India,2026-05-02,Bronze,True
1663,Fiyaz,Devan,Female,1991-06-07,nathanielsule@example.net,02217845943,Panchkula,Gujarat,India,2025-08-28,Silver,True
1664,Waida,Manne,Male,1994-05-29,amara57@example.com,05025004265,Bilaspur,Uttar Pradesh,India,2022-10-07,Bronze,True
1665,Charles,Tank,Female,1976-11-30,darikachaudhary@example.org,8643618562,Panvel,Maharashtra,India,2023-12-07,Bronze,True
1666,Champak,Anand,Female,1992-08-28,choudharyyachana@example.net,1287430086,Mangalore,Uttar Pradesh,India,2024-02-17,Silver,False
1667,Yasti,Krishnan,Female,1996-09-03,mbanerjee@example.org,00950006328,Hajipur,Rajasthan,India,2022-02-07,Platinum,True
1668,Unni,Halder,Male,2008-02-13,ybabu@example.org,01766128949,Chapra,Tamil Nadu,India,2024-01-09,Bronze,True
1669,Jeevika,Sagar,Male,1982-10-04,raghavanishanvi@example.com,+917120911428,Gandhinagar,West Bengal,India,2022-08-11,Silver,True
1670,Girik,Gour,Female,1981-10-27,cpuri@example.org,06533744059,Meerut,Karnataka,India,2023-02-20,Bronze,False
1671,Ishwar,Manda,Female,1976-10-10,arya84@example.net,+912813299597,Sirsa,West Bengal,India,2025-06-05,Gold,False
1672,Zaid,Nagarajan,Female,1996-03-27,hgulati@example.org,+915129173890,Jalandhar,Rajasthan,India,2022-04-24,Silver,False
1673,Advik,Zachariah,Female,1960-09-30,gardemitali@example.org,3651399107,Ramgarh,Karnataka,India,2025-04-13,Bronze,True
1674,Bishakha,Saha,Male,1974-12-02,narayananjanaki@example.org,+915731729968,Dhule,Karnataka,India,2023-08-18,Gold,True
1675,Zayyan,Palla,Male,1963-10-14,rkalita@example.org,05062828731,Tirupati,Delhi,India,2026-03-14,Bronze,True
1676,Qasim,Natarajan,Male,2007-07-02,baraddalbir@example.com,03846767921,Buxar,West Bengal,India,2023-05-12,Gold,True
1677,Advay,Bhakta,Male,2004-03-20,ljoshi@example.com,07650447134,Durg,Gujarat,India,2025-01-30,Silver,True
1678,Girish,Chauhan,Female,1992-07-06,zmaharaj@example.org,3774019902,Ghaziabad,West Bengal,India,2025-07-03,Bronze,True
1679,Chasmum,Bava,Male,1961-09-27,dlall@example.org,07973176222,Meerut,Uttar Pradesh,India,2021-11-21,Platinum,False
1680,Mekhala,Bajwa,Male,1997-06-22,ijayadyal@example.net,+915968427844,Durg,Uttar Pradesh,India,2024-01-01,Silver,True
1681,Inaya,Kuruvilla,Female,2006-10-20,gagan37@example.org,+917036354734,Raurkela Industrial Township,West Bengal,India,2025-12-10,Bronze,True
1682,Warda,Bali,Male,1962-08-28,ekantavyas@example.com,0317518198,Dindigul,West Bengal,India,2025-03-20,Platinum,False
1683,George,Vala,Female,1985-05-31,schar@example.org,00588510883,Naihati,Maharashtra,India,2023-05-16,Bronze,False
1684,Anika,Dass,Female,1998-12-20,mnadig@example.net,7637059982,Hindupur,Delhi,India,2021-11-11,Silver,True
1685,Yashasvi,Bahl,Female,1999-03-11,palindrajit@example.com,+919720822842,Phagwara,Rajasthan,India,2022-03-21,Silver,True
1686,Ijaya,Sood,Female,1987-04-12,kshroff@example.org,7849044518,Jaunpur,Uttar Pradesh,India,2023-04-30,Bronze,True
1687,Vrishti,Talwar,Female,1959-06-30,faqiddani@example.com,+917665726328,Bokaro,West Bengal,India,2021-08-04,Bronze,True
1688,Chandani,Gaba,Male,1963-05-02,uoommen@example.org,+910953346176,Meerut,Uttar Pradesh,India,2022-11-25,Bronze,True
1689,Turvi,Din,Male,1967-10-09,upadhriti21@example.org,+911738111684,Jaunpur,Rajasthan,India,2025-06-27,Gold,False
1690,Turvi,Pradhan,Male,2005-06-19,wdixit@example.com,+913217043875,Bhiwandi,Gujarat,India,2022-07-10,Silver,False
1691,Yoshita,Mane,Female,1969-04-29,arin72@example.com,+910508553999,Nandyal,Rajasthan,India,2026-01-07,Silver,True
1692,Aarnav,Khurana,Male,1993-09-10,xgill@example.com,+919516529519,Bilaspur,Gujarat,India,2023-12-24,Silver,True
1693,Jonathan,Gala,Female,1962-08-09,snarayanan@example.org,+913464319216,Guwahati,Tamil Nadu,India,2023-12-17,Bronze,True
1694,Advaith,Mody,Female,1964-11-19,vkakar@example.net,7054611102,Sangli-Miraj & Kupwad,Karnataka,India,2024-01-18,Silver,False
1695,Tanvi,Sunder,Female,1963-06-15,banjeetguha@example.org,04964739637,Agartala,Delhi,India,2022-03-26,Bronze,True
1696,Nakul,Nazareth,Male,1979-08-28,shroffvinaya@example.com,+915329904899,Sirsa,Rajasthan,India,2025-08-24,Gold,True
1697,Aryan,Date,Male,1963-11-08,upadhriti65@example.org,03828414317,Malda,Tamil Nadu,India,2023-06-02,Gold,True
1698,Dominic,Dutta,Male,1960-10-16,advaybath@example.org,01819807821,Hyderabad,Rajasthan,India,2022-03-08,Bronze,True
1699,Saumya,Agate,Male,1985-07-21,achad@example.org,8160569437,Rewa,Delhi,India,2023-12-17,Bronze,True
1700,Vasatika,Sagar,Female,1964-06-20,balendra90@example.net,5113315134,Madhyamgram,Maharashtra,India,2022-03-21,Silver,True
1701,Ayaan,Bera,Male,2005-08-29,sdara@example.com,+916994725044,Bhiwandi,Karnataka,India,2024-11-18,Silver,False
1702,Gautam,Merchant,Female,1983-12-05,ramakashish@example.net,+916290822194,Udaipur,Karnataka,India,2023-08-15,Platinum,True
1703,Jai,Balan,Male,1998-10-31,xyadav@example.com,9171701697,Nizamabad,Karnataka,India,2023-06-11,Bronze,True
1704,Chanchal,Seshadri,Male,1985-01-20,madhavisom@example.org,+910041852317,Eluru,Rajasthan,India,2023-01-23,Bronze,True
1705,Mason,Chakrabarti,Female,1984-07-20,chaturajani@example.com,2727041020,Nagaon,Uttar Pradesh,India,2023-07-02,Silver,True
1706,Qasim,Gaba,Male,1966-07-21,jasmitbala@example.net,+917930922965,Begusarai,Rajasthan,India,2023-10-04,Bronze,True
1707,Yamini,Grewal,Male,1967-03-12,yutikalal@example.org,+919070251146,Ahmedabad,Delhi,India,2025-10-19,Bronze,False
1708,Meera,Thaker,Male,1995-06-24,panini08@example.net,+914138000199,Munger,Delhi,India,2021-09-04,Gold,False
1709,Gayathri,Bandi,Female,2004-03-04,ati55@example.org,04809848795,Gopalpur,Gujarat,India,2026-01-06,Silver,True
1710,Charles,Virk,Female,2002-05-04,ekajasingh@example.org,+914696247218,Khora ,Rajasthan,India,2021-12-10,Silver,False
1711,Vrishti,Nadkarni,Female,1958-06-01,ysetty@example.net,0981758430,Deoghar,Delhi,India,2024-05-14,Bronze,False
1712,Samaksh,Shroff,Male,1967-06-23,abeerjhaveri@example.net,+915139379232,Shivpuri,Tamil Nadu,India,2023-06-14,Gold,False
1713,Dev,Bedi,Female,2003-10-29,rpatla@example.org,07975314487,Panipat,Uttar Pradesh,India,2026-03-25,Platinum,True
1714,Hamsini,Srinivas,Male,1962-11-23,dsharma@example.com,06604991549,Sangli-Miraj & Kupwad,Uttar Pradesh,India,2022-09-30,Bronze,True
1715,Anusha,Bhatt,Male,1959-01-08,duttahitesh@example.org,+914549258949,Arrah,Karnataka,India,2025-10-17,Bronze,False
1716,Vedika,Virk,Male,1989-07-14,nbhat@example.net,4201649287,Rourkela,West Bengal,India,2021-10-27,Bronze,True
1717,Mugdha,Bath,Male,1996-04-14,erau@example.com,08264969445,Kulti,Maharashtra,India,2022-07-01,Platinum,True
1718,Daksh,Ghosh,Female,1958-06-07,naiduvrishti@example.com,09951216359,Hapur,West Bengal,India,2026-07-16,Gold,True
1719,Abhimanyu,Shukla,Female,1984-11-09,zinal89@example.net,4964220584,Jaunpur,Rajasthan,India,2024-10-05,Bronze,True
1720,Nitesh,Bansal,Male,1992-06-02,jasmitkari@example.net,+913353260901,Nandyal,West Bengal,India,2023-05-28,Bronze,True
1721,Gayathri,Dhingra,Female,1959-01-16,ijaggi@example.org,00047006992,Dharmavaram,Rajasthan,India,2022-06-27,Gold,False
1722,Kiaan,Samra,Male,1963-06-22,bhattacharyyaomaja@example.net,0669915785,Bidar,Gujarat,India,2023-11-21,Bronze,True
1723,Viraj,Mahajan,Female,2002-08-30,manijackson@example.net,+911312369007,Siwan,Tamil Nadu,India,2024-06-30,Silver,True
1724,Advaith,Shanker,Male,1976-04-26,orindernarain@example.net,2522274746,Meerut,Karnataka,India,2023-09-08,Silver,True
1725,Yoshita,Saha,Female,2006-07-15,panchalmadhavi@example.org,+916972048778,Rewa,Tamil Nadu,India,2022-07-06,Bronze,True
1726,Tejas,Swaminathan,Male,1977-06-13,prakashurmi@example.org,02014621564,Karnal,Gujarat,India,2021-12-27,Silver,True
1727,Ekaja,Goswami,Male,1964-05-24,jram@example.org,01787299236,Bhimavaram,Rajasthan,India,2022-10-21,Bronze,True
1728,Ishwar,Rao,Male,1976-11-12,pingleranveer@example.net,+911880879431,Ghaziabad,Maharashtra,India,2024-12-25,Silver,True
1729,Yagnesh,Bhardwaj,Female,1956-10-14,ovenkatesh@example.com,03110749150,Katni,Gujarat,India,2026-02-09,Silver,True
1730,Onkar,Bala,Female,1987-06-01,kvasa@example.net,06752716609,Haldia,Rajasthan,India,2025-03-18,Platinum,True
1731,Jasmit,Varma,Female,1966-12-10,aryanvarghese@example.net,05640879835,Hindupur,Gujarat,India,2021-08-21,Bronze,True
1732,Quincy,Prabhakar,Female,1978-10-17,kiaansuri@example.com,9118027488,Nanded,Delhi,India,2026-02-21,Bronze,True
1733,Mason,Sarraf,Female,1997-07-14,ibansal@example.org,08786011487,Siwan,Uttar Pradesh,India,2024-06-18,Bronze,False
1734,Ekbal,Lalla,Female,1963-01-23,harrison09@example.net,+910885430780,Raiganj,Karnataka,India,2023-05-31,Bronze,False
1735,Umang,Bobal,Male,1992-07-21,bdyal@example.com,05897709435,Kalyan-Dombivli,Uttar Pradesh,India,2023-05-21,Bronze,True
1736,Eiravati,Ghosh,Female,1958-06-18,ojaskara@example.org,3058683408,Panchkula,West Bengal,India,2024-11-22,Silver,False
1737,Jeet,Kaul,Female,1987-06-06,ubikakalita@example.net,9197304921,Morbi,Uttar Pradesh,India,2024-04-12,Silver,False
1738,Shivansh,Garg,Female,1981-05-24,edada@example.net,+915403242224,Bihar Sharif,West Bengal,India,2023-09-04,Gold,True
1739,Amaira,Bobal,Male,1957-01-11,vsanghvi@example.net,+910982372792,Morbi,Uttar Pradesh,India,2025-02-11,Silver,True
1740,Leela,Chaudhari,Male,1966-04-07,wviswanathan@example.net,2604116836,Kolkata,Delhi,India,2022-06-06,Bronze,True
1741,Laksh,Warrior,Male,2003-01-12,gautami72@example.com,9246943810,Madhyamgram,Rajasthan,India,2021-08-28,Gold,True
1742,Idika,Dyal,Female,1963-02-15,narainavi@example.net,02270661589,Surendranagar Dudhrej,Karnataka,India,2022-03-23,Bronze,True
1743,Yashica,Kulkarni,Male,1978-07-22,hemalpatla@example.com,+912915405149,Gudivada,Tamil Nadu,India,2023-08-25,Bronze,True
1744,Vedika,Warrior,Female,1976-03-09,ochokshi@example.net,+915398684446,Bahraich,Gujarat,India,2024-05-20,Bronze,True
1745,Nilima,Magar,Male,2005-10-13,liam86@example.com,+911090571684,Erode,Tamil Nadu,India,2025-05-31,Silver,False
1746,Darsh,Soman,Male,1968-02-13,pkhare@example.net,01130132427,Hubli–Dharwad,Gujarat,India,2024-05-10,Gold,True
1747,Luke,Dugar,Male,1980-03-05,ksridhar@example.org,4591771452,Udaipur,Uttar Pradesh,India,2025-09-15,Bronze,True
1748,Raksha,Dayal,Male,2007-04-19,thomasgarde@example.com,+910641034794,Fatehpur,Maharashtra,India,2025-06-11,Bronze,True
1749,Waida,Nair,Female,1961-11-08,boasegeetika@example.net,01152586917,Kalyan-Dombivli,Rajasthan,India,2025-04-24,Silver,False
1750,Gagan,Bali,Male,1967-09-21,cbajaj@example.com,06770589782,Aligarh,Tamil Nadu,India,2025-09-30,Silver,False
1751,Siddharth,Varghese,Female,1997-12-09,manbir19@example.net,2410152678,Dhanbad,Uttar Pradesh,India,2023-11-02,Bronze,True
1752,Nicholas,Sharma,Male,2003-10-31,yuvrajghosh@example.org,1499021110,Hubli–Dharwad,West Bengal,India,2023-11-04,Bronze,False
1753,Aarav,Desai,Female,1959-08-03,dharekalinga@example.net,09221852184,Phusro,Maharashtra,India,2023-10-07,Platinum,False
1754,Jalsa,Luthra,Female,1991-06-02,mammenvedika@example.com,03414610520,Jalgaon,Karnataka,India,2025-11-13,Gold,True
1755,Kavya,Kant,Female,1975-03-05,manichaaya@example.net,5893010593,Guntur,Karnataka,India,2023-07-28,Silver,True
1756,Ati,Natarajan,Male,1969-05-24,mannfiyaz@example.com,07115653457,Mirzapur,Maharashtra,India,2025-08-02,Platinum,True
1757,Zashil,Sachdev,Female,1990-07-29,jagdish00@example.net,+916705991563,Alwar,Maharashtra,India,2026-04-14,Bronze,True
1758,Krisha,Hora,Male,1971-08-13,spillai@example.org,+911494860801,Panipat,Gujarat,India,2024-06-14,Silver,True
1759,Ati,Kothari,Female,1956-08-11,bathtriya@example.com,08274564178,Thiruvananthapuram,Karnataka,India,2024-01-18,Gold,True
1760,Januja,Bath,Female,2006-06-23,ria81@example.net,09883272516,Ujjain,Maharashtra,India,2024-11-11,Bronze,True
1761,Harita,Vora,Female,1985-12-19,ikbal61@example.org,02894331844,Thrissur,West Bengal,India,2023-08-21,Bronze,True
1762,Aarini,Lal,Female,2001-09-06,bariagautami@example.net,05585954356,Kumbakonam,West Bengal,India,2024-09-01,Bronze,True
1763,Saksham,Palla,Male,2003-09-19,urishillagour@example.net,6748566702,Saharanpur,Tamil Nadu,India,2022-06-07,Bronze,True
1764,Leela,Ramesh,Female,2007-11-19,chatterjeejeremiah@example.com,09382902143,Sirsa,Karnataka,India,2024-10-12,Bronze,False
1765,Faraj,Sawhney,Male,1989-01-27,sekhontara@example.com,9240541300,Loni,Maharashtra,India,2022-04-03,Silver,True
1766,Ria,Ratti,Male,1991-05-18,ytaneja@example.com,09094472270,Kottayam,Maharashtra,India,2025-03-25,Silver,True
1767,Banjeet,Kapadia,Female,1958-05-02,vasananagi@example.org,+911327173951,Solapur,Karnataka,India,2025-08-05,Bronze,False
1768,Tara,Agate,Female,1979-05-18,bsubramaniam@example.org,0652682182,Bikaner,Gujarat,India,2022-01-04,Bronze,True
1769,Amrita,Kumar,Male,2002-01-22,fitan15@example.com,08147311901,Gorakhpur,Delhi,India,2021-09-29,Bronze,True
1770,Lakshit,Nadig,Female,2005-12-18,neel25@example.com,+911435849183,Singrauli,West Bengal,India,2026-04-04,Gold,True
1771,Qadim,Johal,Male,1991-08-20,pben@example.org,+910827790773,Anantapur,Rajasthan,India,2024-03-06,Bronze,False
1772,George,Mukherjee,Male,2000-05-26,ksura@example.com,+914721338445,Gulbarga,Uttar Pradesh,India,2026-02-27,Bronze,True
1773,Krishna,Lad,Male,1995-11-26,gollawarhi@example.com,5938783830,Madhyamgram,Gujarat,India,2023-10-24,Silver,True
1774,Shaurya,Bhatnagar,Male,2005-08-17,sganesan@example.org,04125478507,Vasai-Virar,Tamil Nadu,India,2024-07-14,Bronze,False
1775,Yochana,Ratti,Female,2006-09-04,krishravel@example.com,+912735166897,Thiruvananthapuram,Karnataka,India,2025-05-04,Gold,True
1776,Daksh,Mitra,Male,1970-04-24,tamannajohal@example.com,6402799322,Saharsa,Rajasthan,India,2022-05-05,Silver,True
1777,Neel,Tripathi,Male,1995-05-23,nachiketdave@example.net,9977323264,Jamshedpur,West Bengal,India,2024-11-18,Platinum,False
1778,Zaid,Kurian,Male,1983-02-23,chanchal83@example.org,6868872794,Naihati,Maharashtra,India,2022-04-12,Gold,True
1779,Zehaan,Gupta,Male,1961-12-22,zparmer@example.org,06116100212,Vadodara,Maharashtra,India,2022-09-17,Bronze,False
1780,Tanmayi,Kurian,Female,2006-11-03,hchaudhary@example.org,+914505204373,Gulbarga,Gujarat,India,2022-09-23,Gold,False
1781,Ranbir,Thaman,Female,1986-02-13,paibrinda@example.com,8550811189,Dehradun,Delhi,India,2024-04-10,Silver,True
1782,Alexander,Mangal,Male,2005-07-27,adya95@example.net,9464718031,Bellary,Tamil Nadu,India,2026-03-06,Silver,True
1783,Lakshit,Kara,Female,1996-12-09,wsarraf@example.org,9709989454,Thane,Karnataka,India,2025-09-11,Bronze,True
1784,Wahab,Kapoor,Male,1984-01-12,abeer99@example.com,1103375821,Surendranagar Dudhrej,Gujarat,India,2021-12-08,Gold,True
1785,Naksh,Jhaveri,Female,1985-10-28,radhikachakraborty@example.org,1513831363,Bhatpara,Rajasthan,India,2025-04-29,Silver,False
1786,Lajita,Ghose,Female,2004-10-17,rehaandhar@example.net,2813336972,Raiganj,Delhi,India,2021-11-06,Silver,True
1787,Sanaya,Radhakrishnan,Female,1958-01-05,chaitanya18@example.net,6880185042,Kavali,Delhi,India,2025-02-10,Bronze,True
1788,Vihaan,Mohanty,Male,1959-01-04,chanakya86@example.com,8483327120,Vijayanagaram,Tamil Nadu,India,2024-09-27,Silver,True
1789,Jagvi,Mall,Female,1975-10-12,wpai@example.net,07835136272,Kavali,Maharashtra,India,2024-05-10,Gold,True
1790,Jairaj,Bali,Female,1988-07-09,fsaini@example.org,0688788192,Bidhannagar,Uttar Pradesh,India,2022-11-30,Silver,True
1791,Thomas,Magar,Male,1992-02-26,bhavika70@example.com,06545651641,Kadapa,Maharashtra,India,2025-05-05,Gold,False
1792,Yashawini,Khosla,Male,1990-12-25,balvangokhale@example.com,02519035636,Bhatpara,Rajasthan,India,2023-03-13,Platinum,False
1793,Atharv,Barad,Female,1993-12-26,yashasvilanka@example.org,1788408373,Satna,West Bengal,India,2023-04-25,Bronze,True
1794,Yatin,Johal,Male,1968-04-20,fiyaz62@example.net,+917292511913,Darbhanga,Uttar Pradesh,India,2023-08-21,Bronze,True
1795,Yug,Patla,Female,1969-10-21,anyapatla@example.com,03237464936,Singrauli,Maharashtra,India,2022-11-14,Bronze,True
1796,Daniel,Dhillon,Female,1967-02-08,oscar43@example.org,8784893322,Dindigul,Rajasthan,India,2025-12-04,Bronze,True
1797,Nicholas,Sethi,Male,1964-05-20,mohammed04@example.net,07403020812,Thane,Delhi,India,2024-04-30,Platinum,True
1798,Lucky,Gara,Male,1972-10-02,meghanagaba@example.net,+916256706642,Alappuzha,Gujarat,India,2025-06-13,Bronze,True
1799,Mekhala,Das,Male,1993-05-10,srivastavadhruv@example.net,2047350860,Bidar,Delhi,India,2021-11-16,Platinum,False
1800,Jasmit,Mangat,Male,1960-08-14,unnatisavant@example.net,+912268415128,Amaravati,Gujarat,India,2024-07-18,Silver,False
1801,Vedika,Anne,Male,1999-11-01,pgole@example.net,+917134096818,Kollam,Delhi,India,2022-03-13,Silver,True
1802,Bimala,Kumar,Male,1976-07-12,owen68@example.net,+914849023865,Bokaro,Tamil Nadu,India,2025-09-26,Silver,True
1803,Rushil,Ramaswamy,Female,1974-01-06,jacob60@example.org,9623876451,Buxar,Delhi,India,2021-12-01,Gold,True
1804,Hitesh,Chaudhuri,Male,1963-09-23,ithakur@example.org,5913828604,Shivpuri,Maharashtra,India,2022-03-18,Platinum,True
1805,Yutika,Hari,Female,1975-02-15,upkaarseshadri@example.net,7614107754,Latur,Maharashtra,India,2023-07-17,Gold,True
1806,Kashish,Suresh,Female,1960-03-06,eom@example.org,09441069034,Mumbai,West Bengal,India,2023-09-28,Gold,False
1807,Onkar,Upadhyay,Female,1967-10-26,olivernagar@example.org,8717569575,Amravati,Karnataka,India,2023-08-18,Silver,False
1808,Caleb,Nayar,Female,2007-08-15,aashigolla@example.com,9933376020,Berhampore,Rajasthan,India,2021-10-14,Silver,True
1809,Maanav,Toor,Male,1960-06-04,simonratta@example.net,6158173862,Bardhaman,Maharashtra,India,2022-10-25,Bronze,False
1810,Megha,Sandhu,Female,1968-01-06,mangatindali@example.com,0792518403,Uluberia,Rajasthan,India,2026-06-05,Bronze,True
1811,Kai,Bhatti,Female,1964-11-19,subramanianaahana@example.org,+911954876427,Ghaziabad,Karnataka,India,2025-09-27,Gold,True
1812,Janaki,Rai,Male,2000-11-14,noah43@example.com,4572170428,Varanasi,West Bengal,India,2024-08-22,Platinum,True
1813,Ekaraj,Gokhale,Male,1982-08-29,hemaniverma@example.com,07029434094,Patna,Tamil Nadu,India,2021-10-23,Bronze,True
1814,Ojas,Kanda,Male,1975-02-22,parthdugar@example.org,08717648788,Amaravati,Maharashtra,India,2022-09-12,Bronze,True
1815,Amaira,Varma,Female,2008-01-10,kaipall@example.net,+918235267573,Bhopal,Gujarat,India,2022-11-23,Bronze,False
1816,Vincent,Prabhu,Male,1986-01-26,aarnav84@example.org,03568079241,Khora ,Rajasthan,India,2026-04-18,Gold,True
1817,Imaran,Kar,Male,1969-05-06,alexanderkulkarni@example.com,1371320204,Vijayawada,Karnataka,India,2022-10-24,Silver,False
1818,Jackson,Saran,Male,1994-01-31,vsolanki@example.org,01508172853,Mangalore,Uttar Pradesh,India,2021-12-02,Silver,True
1819,Vrinda,Gandhi,Male,1980-06-17,pallavichoudhary@example.org,+915102488902,Jhansi,Maharashtra,India,2024-11-18,Bronze,True
1820,Chandran,Sagar,Male,2003-02-26,ubikapalla@example.com,07411276796,Narasaraopet,Maharashtra,India,2024-08-01,Gold,False
1821,Waida,Dayal,Male,1969-04-28,prisha03@example.com,03337686280,Ulhasnagar,Gujarat,India,2025-01-24,Silver,False
1822,Brinda,Ray,Male,2006-12-22,chanakyaarora@example.com,4884943867,Etawah,Karnataka,India,2025-03-17,Silver,True
1823,Shivansh,Reddy,Female,1998-06-14,divya27@example.org,+912864917485,New Delhi,West Bengal,India,2021-12-23,Bronze,False
1824,Rohan,Mital,Male,1969-06-25,oshan@example.org,09125140636,Pali,Maharashtra,India,2022-12-16,Bronze,False
1825,Hemal,Agate,Female,2002-05-31,gkumar@example.org,+912528373388,Anantapuram,Karnataka,India,2023-04-26,Bronze,True
1826,Rachita,Sanghvi,Female,1987-07-16,zbehl@example.net,+910129863692,Tiruvottiyur,Rajasthan,India,2025-05-03,Silver,True
1827,Nirja,Morar,Male,2005-04-14,ndatta@example.org,0336301963,Aizawl,Maharashtra,India,2022-06-15,Silver,True
1828,Rohan,Gill,Male,1983-07-01,matthewguha@example.org,0900956383,Pallavaram,Tamil Nadu,India,2022-08-08,Silver,True
1829,Gautam,Ram,Female,1961-08-26,qchacko@example.com,+919492479328,Akola,West Bengal,India,2021-09-29,Bronze,False
1830,Balvan,Swaminathan,Male,1999-10-12,waida67@example.com,06557655375,Howrah,Delhi,India,2022-06-08,Bronze,True
1831,Sudiksha,Shan,Male,1968-07-20,anika53@example.net,09380458913,Rampur,Tamil Nadu,India,2022-09-12,Bronze,False
1832,Manan,Barad,Female,2002-04-16,gbarad@example.net,08088662907,Ambala,Gujarat,India,2022-02-23,Silver,True
1833,Yashica,Bhargava,Male,1988-06-03,choudharybalhaar@example.com,04276109668,Panihati,Uttar Pradesh,India,2025-01-22,Bronze,True
1834,Chakradev,Solanki,Female,1988-06-27,oviyadhar@example.org,09766931601,Gandhinagar,Rajasthan,India,2022-10-13,Platinum,True
1835,Bhavini,Varkey,Male,2002-10-14,isaiah44@example.org,04916181176,Meerut,Delhi,India,2025-06-07,Silver,True
1836,Harini,Mandal,Female,1974-10-27,ekalinga38@example.org,07389993740,Machilipatnam,Rajasthan,India,2025-05-18,Bronze,True
1837,Timothy,Sibal,Male,1989-09-28,dayamairajan@example.com,1590078088,Asansol,Karnataka,India,2022-04-25,Bronze,False
1838,Bina,Solanki,Female,1991-12-28,balchandani@example.org,+919700792841,Lucknow,Rajasthan,India,2022-02-16,Gold,True
1839,Ishwar,Menon,Female,2007-04-11,hardik06@example.org,1205068460,Surat,West Bengal,India,2024-04-23,Bronze,True
1840,Ekbal,Narayanan,Female,1992-04-20,mahikabalasubramanian@example.net,03941055384,Machilipatnam,Maharashtra,India,2022-09-17,Bronze,True
1841,Zashil,Rout,Male,1990-01-17,aarini59@example.org,05943397077,Gwalior,Delhi,India,2024-03-15,Bronze,True
1842,Qarin,Dar,Male,1968-12-04,narulabachittar@example.org,+914203143656,Mahbubnagar,Uttar Pradesh,India,2026-01-11,Silver,True
1843,Nidhi,Rattan,Female,1966-12-14,champakbalakrishnan@example.com,04070600919,Howrah,Delhi,India,2021-11-18,Bronze,True
1844,Jeevika,Parmar,Female,1994-05-19,vnatarajan@example.com,02925960525,Gandhidham,Maharashtra,India,2023-09-07,Bronze,True
1845,Watika,Bhatia,Male,1982-03-06,sanghvidivya@example.net,7408779326,Karawal Nagar,Tamil Nadu,India,2021-11-21,Bronze,True
1846,Anusha,Bera,Female,1969-12-27,ekiya08@example.com,+916737529272,Kharagpur,Maharashtra,India,2024-07-16,Platinum,True
1847,Varenya,Sachdeva,Male,1963-09-23,chandveda@example.net,00341632969,Bathinda,Gujarat,India,2026-04-26,Bronze,True
1848,Warda,Mittal,Male,1958-11-15,pallaanya@example.com,06119848105,Bhavnagar,Rajasthan,India,2021-08-02,Gold,True
1849,Vrinda,Dash,Male,1999-01-16,brahmbhattlavanya@example.net,05337586495,Dehri,Delhi,India,2023-03-19,Bronze,True
1850,Riya,Gill,Male,1965-04-17,bachittar22@example.net,09488819244,Raiganj,Maharashtra,India,2023-02-21,Gold,True
1851,Shivansh,Zachariah,Female,1961-08-01,inayasankaran@example.org,+914784628071,Eluru,Karnataka,India,2025-07-02,Bronze,True
1852,Matthew,Yogi,Female,1970-02-19,isha94@example.net,+917563693411,Amravati,Uttar Pradesh,India,2023-11-13,Bronze,True
1853,George,Solanki,Male,2002-01-16,anthony72@example.com,2839262711,Ulhasnagar,West Bengal,India,2026-05-09,Gold,True
1854,Zansi,Magar,Male,1965-07-23,cdin@example.net,+916015846249,Durg,Tamil Nadu,India,2021-09-14,Gold,True
1855,Damyanti,Bajwa,Male,1961-12-13,daliamugdha@example.org,7028244182,Dindigul,Delhi,India,2025-11-25,Silver,True
1856,Tristan,Walla,Female,1974-01-16,vihaannagarajan@example.net,8787936732,Gandhidham,West Bengal,India,2022-05-09,Platinum,True
1857,Chandani,Sem,Male,1977-10-27,sonionkar@example.net,01607095850,Dehri,Delhi,India,2024-07-28,Gold,True
1858,Unnati,Kade,Male,1957-03-06,jagratide@example.com,0102983304,Panipat,Rajasthan,India,2025-09-11,Bronze,True
1859,Bachittar,Hayer,Male,1999-05-07,msaha@example.com,5489447111,Dhanbad,Uttar Pradesh,India,2025-06-30,Bronze,True
1860,Warinder,Palan,Female,1980-06-06,inaya40@example.net,+913076109028,New Delhi,Karnataka,India,2023-12-12,Bronze,False
1861,Waida,Bhardwaj,Female,1986-05-21,yoza@example.org,1799479374,Loni,Uttar Pradesh,India,2022-08-27,Silver,True
1862,Jeet,Andra,Female,1971-03-24,awali@example.net,+919406222354,Phagwara,Rajasthan,India,2023-08-30,Silver,False
1863,Vritti,Maharaj,Female,1998-11-07,ubalasubramanian@example.com,05738588989,Gurgaon,Uttar Pradesh,India,2024-08-10,Bronze,False
1864,Krishna,Muni,Male,1981-04-18,lchaudhuri@example.net,+913723870798,Yamunanagar,Delhi,India,2025-06-03,Bronze,True
1865,Zehaan,Chaudry,Female,1993-10-29,meghanakothari@example.com,+912515239249,Dewas,Delhi,India,2023-11-23,Bronze,True
1866,Ekavir,Yadav,Female,1958-08-12,memonmanya@example.com,+918485402379,Ozhukarai,West Bengal,India,2026-04-29,Silver,True
1867,Samesh,Wagle,Female,2006-11-10,johaljanuja@example.net,8060793219,Chapra,Karnataka,India,2024-05-11,Bronze,True
1868,Zashil,Sarna,Female,1958-02-05,pratyush29@example.org,+915323782595,Begusarai,Uttar Pradesh,India,2023-05-10,Silver,True
1869,Widisha,Shenoy,Male,1960-08-15,hvarghese@example.org,+913236333853,Rourkela,Uttar Pradesh,India,2022-12-07,Silver,True
1870,Ridhi,Bhat,Female,1966-10-21,vedikasarkar@example.net,+918312445835,Dehri,Uttar Pradesh,India,2025-05-05,Bronze,False
1871,Aradhana,Tella,Female,1994-06-13,qarin51@example.org,+914504023528,Pondicherry,Uttar Pradesh,India,2024-10-15,Bronze,False
1872,Upma,Brahmbhatt,Male,1960-10-25,chakradharmajumdar@example.net,4017062290,Jalandhar,Tamil Nadu,India,2025-05-26,Bronze,True
1873,Lakshmi,Bhardwaj,Male,2007-01-10,dattadhriti@example.net,08704010606,Gandhidham,Rajasthan,India,2022-12-25,Gold,True
1874,Neel,Dhingra,Male,1961-01-13,adugar@example.com,0143592656,Narasaraopet,Gujarat,India,2023-08-04,Gold,True
1875,Ekantika,Sachdev,Male,1960-08-13,iboase@example.net,05430376393,Allahabad,Karnataka,India,2024-05-01,Bronze,True
1876,Pooja,Suri,Female,1956-01-27,indali29@example.com,02008385099,Amritsar,Delhi,India,2025-08-05,Silver,True
1877,Frederick,Gill,Female,1997-09-28,leelananda@example.net,+917781995192,Ambarnath,Gujarat,India,2023-05-31,Bronze,True
1878,Reyansh,Iyengar,Female,1997-08-05,tripathikiaan@example.org,+914118483162,Panchkula,Maharashtra,India,2025-04-20,Silver,True
1879,Agastya,Dhar,Female,1964-02-05,vedhika44@example.net,08721995758,Amroha,West Bengal,India,2024-07-24,Gold,True
1880,Harshil,Iyengar,Female,2002-11-26,oeshibalan@example.org,7164856257,Avadi,Tamil Nadu,India,2023-02-03,Gold,True
1881,Ridhi,Ramaswamy,Male,2002-04-18,ethan49@example.com,9090402882,Motihari,Delhi,India,2025-11-06,Bronze,False
1882,Gunbir,Kalita,Female,1992-12-18,badaljack@example.org,4922467110,Giridih,Rajasthan,India,2026-05-11,Silver,True
1883,Jagat,Char,Male,1994-04-26,triveniram@example.net,2144291827,Shimla,West Bengal,India,2022-08-19,Silver,False
1884,Advika,Upadhyay,Male,1958-12-29,omohanty@example.com,1478366021,Khammam,Uttar Pradesh,India,2026-04-20,Bronze,True
1885,Januja,Virk,Female,1976-05-15,baljiwanluthra@example.org,03622045860,Khandwa,Tamil Nadu,India,2025-03-24,Silver,True
1886,Bhavani,Dutta,Female,2005-08-08,ekanshsaha@example.net,08890262527,Madurai,Maharashtra,India,2025-12-01,Bronze,True
1887,Teerth,Datta,Female,1993-05-30,ronithdas@example.org,09314571587,Mehsana,Delhi,India,2022-11-15,Bronze,False
1888,Ikshita,Jaggi,Female,1976-05-27,anitahegde@example.net,9128141339,Mango,Rajasthan,India,2022-07-11,Silver,True
1889,Jhalak,Padmanabhan,Male,1984-11-29,napte@example.org,8880796792,Thrissur,Tamil Nadu,India,2026-01-25,Platinum,True
1890,Janani,Mani,Female,1987-05-12,arunima75@example.com,6879396178,Bokaro,West Bengal,India,2022-07-27,Bronze,False
1891,Vyanjana,Om,Male,1973-12-21,fmukhopadhyay@example.net,8206556483,Avadi,West Bengal,India,2022-04-11,Bronze,True
1892,David,Verma,Female,1969-06-08,farasnarayan@example.org,8885625820,Nagpur,Uttar Pradesh,India,2022-12-08,Silver,True
1893,Sathvik,Kara,Male,2005-03-15,nachiketrama@example.com,3000705496,Kamarhati,Tamil Nadu,India,2023-09-30,Bronze,True
1894,Ubika,Zacharia,Male,1973-05-15,kadakiajagrati@example.com,+919144880771,Ambala,Uttar Pradesh,India,2023-09-13,Bronze,True
1895,Oscar,Kurian,Male,1981-12-02,samarth65@example.com,+917003609287,Chittoor,West Bengal,India,2022-02-17,Bronze,True
1896,Lucky,Chandran,Female,2003-08-26,sneha48@example.net,+912341420065,Guntakal,Karnataka,India,2024-10-31,Bronze,True
1897,Darsh,Rege,Male,1970-08-20,wridesh87@example.org,8847043498,Nangloi Jat,Tamil Nadu,India,2024-09-13,Bronze,False
1898,Noah,Madan,Female,1975-12-09,triya30@example.org,+918659764213,Bharatpur,Tamil Nadu,India,2023-09-23,Platinum,True
1899,Andrew,Devan,Female,1973-12-29,ridhigoel@example.net,2445597858,Chandigarh,Uttar Pradesh,India,2026-02-23,Silver,False
1900,Abhiram,Vala,Male,1992-10-14,yugkade@example.com,+911805241935,Ulhasnagar,Tamil Nadu,India,2023-05-22,Gold,True
1901,Raagini,Lad,Female,1995-02-28,falan78@example.net,08272593738,Jamalpur,Uttar Pradesh,India,2026-07-04,Bronze,True
1902,Victor,Raju,Male,2002-01-13,minhasdakshesh@example.net,05917131309,Bareilly,Uttar Pradesh,India,2022-08-17,Bronze,True
1903,Krisha,Mukherjee,Male,1985-02-07,gerawishi@example.net,09573703297,Motihari,Uttar Pradesh,India,2023-01-21,Bronze,False
1904,Zinal,Krishnan,Male,1995-03-31,gnatt@example.com,+914279099199,Chittoor,Rajasthan,India,2023-06-25,Gold,False
1905,Sara,Chad,Female,2000-11-15,gopalsamuel@example.com,9295660131,Gorakhpur,Uttar Pradesh,India,2021-08-29,Silver,True
1906,Gopal,Kota,Female,1975-11-04,warjas52@example.com,01242182410,Raiganj,Uttar Pradesh,India,2022-09-25,Bronze,True
1907,Advika,Mand,Female,1970-02-27,warriorjhalak@example.org,5224666494,Parbhani,Tamil Nadu,India,2024-05-27,Bronze,True
1908,Amaira,Sur,Female,1985-06-13,bumbyamini@example.org,2205760384,Katni,Uttar Pradesh,India,2025-09-17,Bronze,True
1909,Tristan,Grover,Male,1999-02-09,hbaral@example.net,+910927865661,Vellore,West Bengal,India,2026-02-23,Silver,True
1910,Omkaar,Rege,Male,1989-10-03,virajbedi@example.com,8194795940,Anand,Tamil Nadu,India,2023-09-10,Bronze,True
1911,Girindra,Venkataraman,Male,1970-06-14,anjalibalay@example.com,+915808668211,Suryapet,Delhi,India,2024-01-23,Gold,False
1912,Warjas,Loyal,Male,1986-04-06,yaminigokhale@example.com,+910322746757,Noida,Rajasthan,India,2024-11-26,Bronze,True
1913,Dhruv,Kaur,Female,1985-09-08,ujhaveri@example.com,02484009997,Solapur,West Bengal,India,2025-09-10,Bronze,True
1914,Ganga,Wadhwa,Male,1983-08-05,jeetluthra@example.com,0274111186,Anantapur,Maharashtra,India,2023-03-28,Bronze,True
1915,Nikita,Khanna,Female,1982-04-02,jasmit61@example.org,8415419558,Gurgaon,West Bengal,India,2024-09-07,Bronze,False
1916,Ekansh,Brar,Male,1956-03-19,swaminathanqadim@example.com,3216462489,Kota,West Bengal,India,2023-04-11,Bronze,True
1917,Dakshesh,Parmar,Male,2004-04-15,sonichaman@example.org,+916412919396,Davanagere,Tamil Nadu,India,2025-07-23,Bronze,False
1918,Daniel,Tailor,Female,1976-07-10,quincy63@example.net,+914513868989,Buxar,Uttar Pradesh,India,2022-07-09,Bronze,True
1919,Vivaan,Roy,Female,1984-03-10,kamyajain@example.net,+910511157112,Srinagar,Tamil Nadu,India,2023-03-17,Bronze,True
1920,Kalpit,Bhattacharyya,Male,1969-05-14,dugalekani@example.net,+914026213933,Bihar Sharif,Tamil Nadu,India,2025-04-11,Gold,True
1921,Abeer,Banik,Male,2007-02-05,warinder99@example.com,2103496952,Nagpur,Gujarat,India,2023-04-22,Bronze,False
1922,Fitan,Om,Male,1999-05-18,jatinchakraborty@example.com,0087945591,Rohtak,Karnataka,India,2022-06-09,Silver,True
1923,Sathvik,Bains,Female,2007-05-22,jalsasachdev@example.net,09485791582,Morbi,Tamil Nadu,India,2022-06-13,Bronze,True
1924,Luke,Palan,Male,1959-05-10,orai@example.org,4063951881,Ahmedabad,Maharashtra,India,2023-07-24,Gold,True
1925,Zashil,Gade,Female,1993-06-12,zinal14@example.com,09559655131,Bangalore,Maharashtra,India,2026-06-04,Gold,True
1926,Chasmum,Kurian,Female,1988-01-23,faqidbarman@example.org,06084760710,Shimoga,Gujarat,India,2024-12-22,Bronze,True
1927,Vrinda,Ramachandran,Male,1994-12-02,zvarughese@example.net,02330930595,Panchkula,West Bengal,India,2025-06-28,Silver,True
1928,Jacob,Nori,Female,1975-02-17,yoshita65@example.net,5929592847,North Dumdum,Delhi,India,2025-05-27,Bronze,True
1929,Ekaraj,Butala,Female,1964-10-15,halderlaban@example.net,5156705991,Narasaraopet,Maharashtra,India,2023-09-25,Platinum,True
1930,Amrita,Sen,Male,1967-03-04,utank@example.com,2548700455,Proddatur,Karnataka,India,2023-10-08,Bronze,True
1931,Yamini,Puri,Male,1983-03-28,raagini57@example.net,4115532038,Saharanpur,Tamil Nadu,India,2022-08-19,Bronze,True
1932,Chaaya,Murthy,Female,1970-11-04,xkohli@example.com,04447183076,Gaya,Rajasthan,India,2022-06-10,Silver,True
1933,Luke,Sengupta,Male,1972-05-23,wahab17@example.org,06730693455,Karimnagar,West Bengal,India,2022-07-16,Gold,True
1934,Yashodhara,Gara,Male,1996-10-19,robertsavant@example.org,1251518597,Sagar,Delhi,India,2022-09-28,Bronze,True
1935,Oviya,Hari,Male,1971-12-21,jyoti00@example.org,+919407524480,Aurangabad,Maharashtra,India,2024-10-27,Bronze,True
1936,Balveer,Bhattacharyya,Male,1957-09-10,adityabedi@example.com,+912944336463,Rohtak,West Bengal,India,2026-04-04,Bronze,True
1937,Jagrati,Pillai,Male,1973-12-01,krishnarishi@example.com,06765970342,Secunderabad,Gujarat,India,2025-11-19,Silver,True
1938,Hemang,Samra,Male,2008-07-15,max95@example.net,02699764433,Panvel,Karnataka,India,2023-05-21,Gold,False
1939,David,Palla,Female,2008-05-05,oakjonathan@example.net,01483463232,Bharatpur,Uttar Pradesh,India,2022-12-10,Platinum,True
1940,Laban,Dhillon,Male,1999-05-18,raybhanumati@example.org,+915207290549,Panchkula,Gujarat,India,2025-06-23,Platinum,True
1941,Raagini,Dhawan,Female,1962-12-22,dgoel@example.com,+918315946132,Saharanpur,Tamil Nadu,India,2023-09-29,Bronze,True
1942,Isaiah,Palan,Female,1970-04-17,dayamaiwagle@example.net,+918605370955,Bidhannagar,Karnataka,India,2023-06-01,Bronze,False
1943,Ryan,Sidhu,Female,1964-10-18,oliverramachandran@example.org,+911995149340,Patna,Delhi,India,2021-12-09,Silver,True
1944,Aarini,Salvi,Male,1995-12-18,qsethi@example.org,+912713707552,Shimoga,Maharashtra,India,2023-10-07,Silver,True
1945,Chavvi,Kamdar,Female,2002-10-09,murthykala@example.net,09930921195,Proddatur,Delhi,India,2025-07-24,Silver,True
1946,Aarini,Saxena,Male,1963-09-22,dattazaid@example.net,01710680493,Ozhukarai,Maharashtra,India,2022-06-15,Bronze,False
1947,Lekha,Morar,Female,1961-05-10,omyasaini@example.com,8797413410,Latur,Delhi,India,2022-06-05,Bronze,True
1948,Zinal,Kaur,Male,2005-07-29,vlanka@example.net,0148743361,Delhi,Delhi,India,2026-07-28,Gold,False
1949,Balveer,Batta,Female,1997-01-16,ybala@example.com,04507638817,Bangalore,Tamil Nadu,India,2022-03-04,Bronze,True
1950,Gabriel,Verma,Female,1964-04-14,sawhneybanjeet@example.com,+913219459529,Pallavaram,Gujarat,India,2024-01-21,Silver,True
1951,Maanas,Mandal,Female,1987-10-26,qkala@example.org,05775584813,Khammam,Rajasthan,India,2026-02-23,Bronze,True
1952,Hitesh,Panchal,Male,1971-11-11,dominicchandra@example.net,+914444183928,Rajpur Sonarpur,Delhi,India,2026-06-26,Silver,False
1953,Zayan,Mody,Female,1961-12-07,kalayashvi@example.org,4712630574,Vijayanagaram,Tamil Nadu,India,2025-08-23,Bronze,True
1954,Meghana,Bhat,Male,1996-10-25,yogisneha@example.com,9435283053,Chandrapur,Uttar Pradesh,India,2023-10-01,Bronze,True
1955,Abhiram,Lala,Male,1976-10-10,rsarna@example.org,+917188697470,Lucknow,Tamil Nadu,India,2022-12-08,Gold,True
1956,Maanas,Desai,Male,1976-09-23,ypalla@example.org,04439565649,Aizawl,Tamil Nadu,India,2022-11-05,Silver,True
1957,Osha,Johal,Male,1979-11-04,isaiahbalan@example.net,4771007882,Panihati,Karnataka,India,2024-01-24,Bronze,False
1958,Jasmit,Mittal,Female,2006-12-21,tcherian@example.net,00712621787,Amroha,Tamil Nadu,India,2022-12-26,Silver,True
1959,Yutika,Bir,Female,1986-06-15,narayananisaiah@example.org,01494219892,Jodhpur,Tamil Nadu,India,2026-04-24,Silver,True
1960,Viraj,Modi,Female,1988-04-17,agastyamohanty@example.com,6888295131,Baranagar,Uttar Pradesh,India,2025-10-28,Platinum,True
1961,Sarthak,Das,Female,1988-11-06,devanandrew@example.net,06064089044,Panipat,Uttar Pradesh,India,2024-10-07,Bronze,True
1962,Upadhriti,Singhal,Female,1983-05-23,charvisastry@example.net,5834663207,Kumbakonam,West Bengal,India,2024-07-23,Bronze,False
1963,Ekanta,Chanda,Female,1982-03-04,finnmitra@example.com,5987029788,Medininagar,West Bengal,India,2024-09-20,Silver,False
1964,Ekantika,Pant,Male,1991-03-31,ishamurthy@example.net,+918108828060,Raurkela Industrial Township,West Bengal,India,2022-09-03,Bronze,True
1965,Charan,Aurora,Female,2008-03-18,wwason@example.org,08518864834,Kakinada,Tamil Nadu,India,2023-09-17,Silver,True
1966,Gaurangi,Krishnan,Female,1959-03-24,kulkarnioviya@example.org,09922237824,Nizamabad,West Bengal,India,2026-06-04,Bronze,False
1967,Nikita,Patil,Female,1975-02-14,tbali@example.net,8709638840,Moradabad,West Bengal,India,2021-08-05,Silver,False
1968,Edhitha,Bhandari,Male,1972-09-18,charita97@example.net,4888222910,Miryalaguda,Rajasthan,India,2022-05-08,Bronze,False
1969,Anya,Ben,Male,1973-09-26,gseth@example.org,+918041575852,Ludhiana,Tamil Nadu,India,2024-05-23,Gold,True
1970,Adweta,Hari,Male,1991-08-22,anayseshadri@example.net,+912730022432,Morena,Rajasthan,India,2024-12-26,Bronze,False
1971,Saksham,Varughese,Female,1964-02-05,rnatarajan@example.com,00074909986,Mathura,Rajasthan,India,2023-10-02,Bronze,True
1972,Arin,Bandi,Male,2004-11-10,barkha00@example.org,7515634451,Guna,West Bengal,India,2021-11-24,Gold,True
1973,Andrew,Shukla,Female,1985-03-31,victor22@example.net,03326301392,Jalna,Tamil Nadu,India,2026-06-08,Bronze,False
1974,Ranveer,Pal,Female,1965-01-02,goyalekanta@example.com,7977733495,Jorhat,Rajasthan,India,2024-08-31,Silver,False
1975,Gunbir,Oommen,Female,1961-12-27,lkeer@example.net,+912938782030,Sri Ganganagar,Maharashtra,India,2025-10-20,Silver,False
1976,Lopa,Nanda,Male,1997-05-20,daksh70@example.com,06930418446,Bhind,Delhi,India,2022-08-09,Bronze,True
1977,Raksha,Lal,Male,1991-07-22,vrishtidixit@example.com,+918581533717,Vijayawada,Tamil Nadu,India,2026-05-04,Bronze,False
1978,Onveer,Bhardwaj,Male,1995-09-01,wsem@example.net,02161833733,Shimoga,Gujarat,India,2024-06-24,Bronze,True
1979,Hemani,Srivastava,Male,1970-09-21,zayan61@example.net,00256480455,Satna,Karnataka,India,2025-09-22,Silver,False
1980,Vaishnavi,Kalla,Female,1961-01-07,bahribina@example.net,02477929044,Malegaon,Karnataka,India,2022-07-13,Silver,True
1981,Benjamin,Kumar,Female,1991-03-25,msuri@example.net,+916820257386,Kulti,Tamil Nadu,India,2024-10-06,Gold,True
1982,Ijaya,Agarwal,Female,1987-02-07,aggarwalvyanjana@example.net,09180262659,Visakhapatnam,West Bengal,India,2023-09-08,Silver,False
1983,Advika,Rajan,Male,1998-10-24,baljiwangoel@example.net,5159655348,Ahmednagar,Karnataka,India,2023-01-18,Silver,True
1984,Udyati,Srinivas,Male,2001-02-11,eghosh@example.net,05702770970,Jehanabad,Gujarat,India,2025-10-05,Silver,False
1985,Lucky,Basu,Female,1989-09-09,harini22@example.org,7801920896,Panihati,Maharashtra,India,2025-05-29,Platinum,False
1986,Elijah,Sheth,Male,2003-12-10,imangal@example.net,05734098369,Sri Ganganagar,Karnataka,India,2025-11-24,Bronze,False
1987,Arjun,Bhandari,Female,1982-02-28,zbora@example.com,+917500349485,Singrauli,Gujarat,India,2022-01-23,Silver,True
1988,Nathan,Shukla,Male,1988-07-30,dayalekiya@example.com,+919773588680,Sangli-Miraj & Kupwad,Rajasthan,India,2025-12-13,Bronze,True
1989,Sara,Prashad,Male,1960-07-08,jbatta@example.com,3543103973,Aligarh,Uttar Pradesh,India,2025-12-23,Bronze,True
1990,Raagini,Kala,Female,1984-05-15,luke85@example.org,+915618804684,Mira-Bhayandar,Delhi,India,2023-08-26,Bronze,True
1991,Ekantika,Jha,Male,1970-09-02,urishillakrishna@example.net,7957147121,Kolhapur,Delhi,India,2023-02-05,Bronze,False
1992,Omkaar,Buch,Female,1976-07-20,semleena@example.net,9785961248,Rajahmundry,Karnataka,India,2023-07-24,Gold,True
1993,Avni,Verma,Male,1994-03-10,bramakrishnan@example.com,00537050614,Ozhukarai,Gujarat,India,2023-03-14,Bronze,True
1994,Isaac,Palla,Female,1969-11-23,gaurav10@example.com,+916326151732,Ramgarh,Karnataka,India,2023-08-16,Bronze,True
1995,Benjamin,Mallick,Female,2005-09-15,urmimanne@example.net,1479642280,Patiala,Uttar Pradesh,India,2022-02-01,Silver,True
1996,Madhavi,Oommen,Male,1963-04-21,jagvi67@example.org,06620464467,Vellore,Maharashtra,India,2026-06-23,Bronze,True
1997,Farhan,Jaggi,Male,1996-03-23,ekanta61@example.net,4866861534,Kharagpur,Karnataka,India,2022-04-26,Bronze,True
1998,Jatin,Halder,Female,1974-01-25,peterdugar@example.com,05060629932,Buxar,Gujarat,India,2022-07-08,Gold,False
1999,Lakshit,Mannan,Female,1985-06-04,alka05@example.com,+919658002292,Eluru,West Bengal,India,2021-11-13,Bronze,True
2000,Vivaan,Jani,Female,1998-07-14,pillaychakradev@example.net,+911349977413,Sri Ganganagar,Delhi,India,2026-07-24,Gold,False
2001,Lekha,Ahuja,Female,1970-02-19,ntripathi@example.com,4270817743,Satara,Maharashtra,India,2026-05-02,Platinum,True
2002,Gautami,Palla,Male,1997-01-27,iyengarinaya@example.net,5784596735,Karnal,Maharashtra,India,2022-01-31,Bronze,False
2003,Riya,Hans,Male,2008-02-18,gillbaghyawati@example.org,01323202275,Medininagar,Maharashtra,India,2024-12-01,Silver,True
2004,Vincent,Wali,Male,1983-08-30,isaini@example.com,+919722245319,Karimnagar,Rajasthan,India,2024-06-01,Bronze,False
2005,Wriddhish,Bains,Female,1964-01-29,unnatinazareth@example.com,+910022259342,Muzaffarpur,Delhi,India,2025-04-05,Bronze,True
2006,Hiral,Om,Male,2008-05-17,madanjack@example.net,0343056781,Guntur,Rajasthan,India,2022-02-15,Gold,True
2007,Netra,Pillai,Female,2002-06-19,champak59@example.org,9604944246,Narasaraopet,Delhi,India,2024-01-12,Silver,False
2008,Faris,Dave,Male,1969-02-16,pooja85@example.net,+916622552042,Alwar,Rajasthan,India,2022-04-17,Bronze,False
2009,Aishani,Saxena,Male,2007-02-18,dasguptajairaj@example.org,+912073164213,Dhanbad,West Bengal,India,2024-09-06,Bronze,True
2010,Keya,Mukherjee,Male,1984-07-10,warhi08@example.com,07118062555,Mango,Maharashtra,India,2022-06-11,Bronze,True
2011,Elijah,Kaur,Female,1989-12-27,azachariah@example.org,04137279666,Dhanbad,Uttar Pradesh,India,2026-05-11,Bronze,False
2012,Chavvi,Menon,Male,2000-02-12,karnikpooja@example.net,07197880069,Hosur,Uttar Pradesh,India,2026-01-13,Silver,True
2013,Chaitaly,Kala,Male,1999-12-03,shenoykrishna@example.org,4382187577,Anantapur,Delhi,India,2026-06-28,Bronze,True
2014,Ati,Dayal,Male,1989-04-27,chawlafalguni@example.net,+913858200748,Kanpur,West Bengal,India,2023-05-23,Platinum,True
2015,Arya,Magar,Male,1963-11-22,dsura@example.org,6839371651,Kirari Suleman Nagar,Rajasthan,India,2023-08-24,Gold,True
2016,Bhavika,Sekhon,Male,2003-09-22,batrakeya@example.net,3513908757,Danapur,Gujarat,India,2022-08-29,Silver,True
2017,Vamakshi,Chad,Male,1982-11-22,chatresh63@example.net,+914739477737,Pallavaram,Uttar Pradesh,India,2025-07-27,Bronze,True
2018,Aayush,Khare,Male,1962-08-05,gautamiyohannan@example.org,07307591260,Sri Ganganagar,Karnataka,India,2024-07-24,Silver,False
2019,Harita,Chauhan,Female,1979-12-14,gmitter@example.com,06714355371,Hosur,West Bengal,India,2022-11-27,Gold,True
2020,Finn,Mann,Female,1976-05-18,osama@example.com,+912506523785,Ratlam,Karnataka,India,2022-05-06,Bronze,True
2021,Onkar,Bala,Male,1963-05-22,omajapillai@example.net,+911928923543,Rohtak,Rajasthan,India,2024-02-17,Silver,True
2022,Kashvi,Muni,Male,1982-06-20,shereanusha@example.com,+914186017988,Rajpur Sonarpur,Rajasthan,India,2024-07-09,Bronze,True
2023,Thomas,Keer,Female,2007-01-14,shivanshgulati@example.net,5852538367,Kozhikode,Maharashtra,India,2024-11-14,Bronze,True
2024,Jai,Shetty,Female,1995-07-18,sainigirindra@example.com,00040426951,Davanagere,West Bengal,India,2024-02-23,Bronze,True
2025,Sanaya,Guha,Male,1964-07-04,vsule@example.com,+911791028652,Guwahati,Delhi,India,2026-05-16,Bronze,True
2026,Aarush,Srinivasan,Female,1983-02-20,aashibhalla@example.org,8514068613,Khora ,Rajasthan,India,2021-08-23,Bronze,True
2027,Odika,Bhatia,Male,1965-09-23,devbarad@example.org,2466599854,Jodhpur,Uttar Pradesh,India,2026-04-25,Silver,True
2028,Raagini,Merchant,Female,1956-03-06,harinakshipall@example.org,+916209069468,Madurai,Tamil Nadu,India,2022-01-31,Silver,True
2029,Farhan,Sharaf,Female,1968-08-15,arinsule@example.org,1499531085,Bhusawal,Gujarat,India,2022-03-07,Silver,True
2030,Qabil,Kant,Female,1975-06-21,sara82@example.net,+918688811908,Tirunelveli,Uttar Pradesh,India,2022-03-29,Silver,True
2031,Yamini,Rattan,Female,1959-11-10,falgunimohanty@example.net,+910766186323,Pondicherry,Gujarat,India,2026-03-20,Silver,False
2032,Shivansh,Shenoy,Male,1982-08-06,osethi@example.com,4789140251,Barasat,Rajasthan,India,2022-09-07,Bronze,True
2033,Gabriel,Hora,Male,1993-11-17,lallashivansh@example.org,04466541875,Nagpur,Maharashtra,India,2022-05-16,Gold,True
2034,Nitara,Jani,Female,1999-04-09,nakshrout@example.net,03920846070,Ratlam,West Bengal,India,2023-07-11,Bronze,True
2035,Nicholas,Wali,Male,1966-07-19,dsaha@example.net,+914716463866,New Delhi,West Bengal,India,2024-02-06,Bronze,False
2036,Maanav,Sekhon,Female,1976-05-07,hdyal@example.net,1139454027,Burhanpur,West Bengal,India,2022-12-20,Bronze,True
2037,Jairaj,Lad,Female,1956-05-25,johalwaida@example.org,+913684716360,Anantapur,Delhi,India,2023-11-11,Silver,False
2038,Aayush,Nigam,Male,1982-03-29,urvi45@example.org,+913756094957,Kollam,Tamil Nadu,India,2026-03-31,Bronze,True
2039,Urvashi,Puri,Female,1974-06-14,atwaldipta@example.com,+913523156185,Ichalkaranji,Uttar Pradesh,India,2025-06-24,Silver,True
2040,Gaurika,Nazareth,Female,1966-08-02,garaishanvi@example.com,1553827900,Jabalpur,Uttar Pradesh,India,2021-12-27,Bronze,True
2041,Raagini,Bora,Male,1978-05-01,vasudha59@example.com,00769081182,Kamarhati,Delhi,India,2023-11-16,Gold,True
2042,Elijah,Datta,Male,1986-09-13,falan06@example.org,7214074237,Rajahmundry,Rajasthan,India,2025-10-03,Silver,True
2043,Suhani,Magar,Male,1985-02-19,vaidyaelijah@example.com,01543764068,Sambhal,West Bengal,India,2023-07-02,Platinum,False
2044,Agastya,Raj,Male,1985-06-12,dprashad@example.net,08589085911,Haldia,Maharashtra,India,2022-02-11,Bronze,False
2045,Dalaja,Thakkar,Male,1970-09-27,osidhu@example.com,+914930196506,Jamalpur,Maharashtra,India,2024-01-08,Bronze,True
2046,Nandini,Ahuja,Female,1985-02-05,nicholas07@example.org,3767263260,Satara,Tamil Nadu,India,2024-08-29,Silver,False
2047,Yamini,Chand,Male,2007-01-25,keya61@example.org,04942985323,Tirunelveli,Maharashtra,India,2023-05-25,Bronze,False
2048,Manthan,Kadakia,Female,2000-03-23,bkurian@example.com,+911163199109,Ongole,Gujarat,India,2024-12-20,Silver,True
2049,Shaurya,Kale,Female,2001-09-22,matthewgera@example.com,+919904484258,Srinagar,Karnataka,India,2025-03-30,Silver,False
2050,Amaira,Natarajan,Female,1956-08-07,chandran66@example.net,+914970257929,Moradabad,Uttar Pradesh,India,2024-11-12,Bronze,True
2051,Vivaan,Hayre,Male,1981-09-10,harsh15@example.org,02337001034,Bettiah,Karnataka,India,2026-04-25,Bronze,True
2052,Omkaar,Behl,Male,1955-08-29,amolperi@example.com,04054056869,Pimpri-Chinchwad,Uttar Pradesh,India,2024-07-05,Bronze,True
2053,Gaurangi,Dixit,Male,1967-12-05,diya44@example.net,7004523473,Saharsa,West Bengal,India,2025-12-02,Bronze,False
2054,Hema,Kala,Female,1995-06-05,goswamiwakeeta@example.net,9205256326,Udupi,Tamil Nadu,India,2022-08-04,Bronze,True
2055,Jagat,Dixit,Male,1975-04-30,tailordipta@example.net,+916093990425,Chennai,West Bengal,India,2024-05-18,Gold,True
2056,Veer,Rau,Female,2002-07-03,lakshmiacharya@example.org,05957574897,Naihati,Uttar Pradesh,India,2024-08-05,Bronze,True
2057,Omisha,Buch,Male,1999-12-20,maanas90@example.com,4965981540,Bidar,Karnataka,India,2023-10-08,Bronze,True
2058,Harini,Purohit,Male,1998-05-09,bhavini65@example.net,+917204430540,Kumbakonam,Uttar Pradesh,India,2021-12-11,Gold,True
2059,Avi,Taneja,Male,1975-11-10,diyadugal@example.org,+917225332664,Katihar,Tamil Nadu,India,2024-03-16,Silver,True
2060,Idika,Kale,Male,1982-02-28,wasonlogan@example.net,+915645438675,Thrissur,Gujarat,India,2025-05-22,Gold,True
2061,Kiaan,Kunda,Male,2005-03-12,raghavanijaya@example.com,3716516458,Miryalaguda,Karnataka,India,2022-08-06,Silver,True
2062,Rachana,Grover,Male,1961-07-12,rachitalata@example.org,04842257300,Pune,West Bengal,India,2022-06-27,Platinum,True
2063,Krishna,Misra,Male,1959-12-22,upkaarkrish@example.org,07216029958,Uluberia,Gujarat,India,2022-10-16,Bronze,True
2064,Gopal,Dhillon,Female,1985-10-26,chandayachana@example.org,3606486529,Jorhat,Tamil Nadu,India,2022-11-26,Silver,True
2065,Urishilla,Chander,Female,1999-05-30,krishnamurthypeter@example.net,+912269064593,Medininagar,Delhi,India,2025-05-25,Silver,True
2066,Wahab,Dalal,Male,1965-02-04,jainhamsini@example.net,0033567734,Uluberia,Maharashtra,India,2025-07-30,Bronze,True
2067,Hema,Balay,Male,1965-08-18,sachibadal@example.org,04978906670,Gaya,Tamil Nadu,India,2021-11-25,Silver,True
2068,Aayush,Johal,Female,1960-11-04,pushti74@example.com,+919325509104,Jalandhar,Gujarat,India,2024-09-24,Bronze,False
2069,Jason,Khalsa,Male,2003-10-04,bdasgupta@example.net,04097039654,Naihati,Gujarat,India,2023-03-25,Bronze,True
2070,Udarsh,Kamdar,Female,1989-04-08,sulevivaan@example.com,04651187882,Bongaigaon,Uttar Pradesh,India,2023-06-30,Bronze,True
2071,Aarav,Chander,Female,1960-01-13,balakrishnanyashica@example.com,4090162924,Siliguri,Tamil Nadu,India,2026-05-11,Silver,True
2072,Bimala,Kulkarni,Female,1999-10-20,qmajumdar@example.org,05873436609,Phusro,Delhi,India,2025-08-10,Silver,True
2073,Ojasvi,Sastry,Female,1984-06-17,andrasimon@example.com,+915358350459,Bally,Tamil Nadu,India,2022-02-19,Bronze,False
2074,Hritik,Gara,Female,1999-01-18,hvenkataraman@example.net,+912118303913,Bhilwara,Maharashtra,India,2025-01-16,Platinum,True
2075,Vritti,Mukhopadhyay,Male,1987-04-28,suhani81@example.net,+917872965045,Burhanpur,Gujarat,India,2025-02-05,Bronze,True
2076,Matthew,Butala,Female,1967-05-09,libni51@example.org,+918017378497,Belgaum,Karnataka,India,2025-12-31,Bronze,True
2077,Mugdha,Date,Female,2004-08-18,dlalla@example.com,+918497909901,Bihar Sharif,Rajasthan,India,2023-03-15,Silver,True
2078,Rajeshri,Sharaf,Male,1980-05-14,jai16@example.net,04806465180,Ongole,Gujarat,India,2023-07-03,Bronze,False
2079,Faqid,Ramanathan,Male,1969-10-15,panchalfarhan@example.com,+911213709564,Bareilly,West Bengal,India,2023-06-14,Platinum,True
2080,Onkar,Dave,Male,1963-04-12,chaudharywarinder@example.net,08785502698,Rewa,Gujarat,India,2025-09-20,Silver,False
2081,Krisha,Rattan,Male,1957-07-08,kohligagan@example.org,+917438689117,Nangloi Jat,Rajasthan,India,2025-10-11,Silver,True
2082,Praneel,Dey,Female,1986-08-23,rkhatri@example.org,00363478372,Saharanpur,Karnataka,India,2025-06-22,Gold,True
2083,Akshay,Kar,Female,1966-12-13,krisha57@example.org,01203186705,Vijayanagaram,West Bengal,India,2025-12-14,Bronze,False
2084,Zinal,Tandon,Female,1958-01-15,panditfaraj@example.net,1742992915,Sagar,Tamil Nadu,India,2021-08-22,Bronze,True
2085,Michael,Badal,Male,1976-04-12,charvi16@example.net,+910148155845,Jammu,Tamil Nadu,India,2022-11-23,Bronze,True
2086,Urmi,Grover,Male,1972-12-15,neelimadhawan@example.net,1821452288,Nizamabad,Rajasthan,India,2024-04-23,Silver,True
2087,Ati,Borra,Female,1960-12-21,kwalla@example.net,9038931243,Gwalior,Uttar Pradesh,India,2022-04-16,Bronze,True
2088,Aarna,Barad,Female,1962-02-16,cjhaveri@example.net,0632306997,Tiruppur,Gujarat,India,2022-09-24,Bronze,False
2089,Qasim,Sabharwal,Male,1991-07-04,pgill@example.net,04073975420,Machilipatnam,Gujarat,India,2022-09-21,Silver,True
2090,Laksh,Sodhi,Female,1999-03-16,jackson97@example.org,+918296696751,Nagpur,West Bengal,India,2022-04-01,Silver,True
2091,Anthony,Dutta,Male,1982-03-03,abduldevi@example.com,07487853524,Pali,Karnataka,India,2021-08-01,Silver,True
2092,Nidra,Lal,Male,1998-01-29,chadatripti@example.com,+915109074511,Fatehpur,Maharashtra,India,2021-11-21,Bronze,True
2093,Yauvani,Chaudhry,Female,1969-12-02,diyasarma@example.net,+912156076410,Jamnagar,Maharashtra,India,2025-04-27,Platinum,False
2094,Ekbal,Koshy,Male,2003-01-27,varkeylajita@example.net,3637057216,Avadi,Uttar Pradesh,India,2022-11-24,Bronze,True
2095,Nathaniel,Kaur,Female,1959-07-26,upkaargokhale@example.com,08649163401,Barasat,Maharashtra,India,2023-05-27,Silver,True
2096,Lakshit,Kalita,Female,2005-01-14,libnishetty@example.org,04721652984,Bhilwara,Rajasthan,India,2021-10-26,Bronze,True
2097,Triveni,Sandhu,Female,2003-06-10,yatan35@example.net,06106518452,Aurangabad,Tamil Nadu,India,2026-02-19,Silver,True
2098,Oliver,Patla,Male,1974-02-24,michael51@example.com,07262929511,Pudukkottai,Karnataka,India,2024-12-04,Bronze,True
2099,Janaki,Kale,Female,1962-07-18,lilakala@example.org,04942354476,Guna,Maharashtra,India,2022-10-14,Bronze,False
2100,Saksham,Bhavsar,Male,1963-04-02,nidhisandhu@example.org,8451509217,Thanjavur,Rajasthan,India,2021-11-02,Platinum,True
2101,Omisha,Sheth,Male,2004-04-01,balendrasami@example.org,+913476480988,Ludhiana,Karnataka,India,2025-10-27,Bronze,False
2102,Xavier,Wason,Female,1971-01-13,gaurikagrewal@example.org,+912548303921,Maheshtala,Gujarat,India,2023-05-06,Bronze,False
2103,Chanchal,Nagar,Male,1972-12-17,utandon@example.net,+918424495848,Khandwa,Gujarat,India,2024-03-28,Gold,True
2104,Yoshita,Kalla,Female,2006-12-20,khuranasamuel@example.com,04787643540,Gurgaon,Uttar Pradesh,India,2025-07-01,Bronze,True
2105,Chavvi,Warrior,Female,1999-12-03,mahalchristopher@example.net,00797144857,Sasaram,Rajasthan,India,2025-08-16,Bronze,True
2106,Ranbir,Oak,Male,1967-10-24,xsura@example.org,3052187119,Gwalior,Rajasthan,India,2023-07-03,Gold,True
2107,Victor,Narasimhan,Female,1998-03-18,jatinparmer@example.com,7524443805,Etawah,Rajasthan,India,2022-11-28,Bronze,False
2108,Unnati,Kale,Female,1995-04-18,zchopra@example.org,+914712210840,Aligarh,Delhi,India,2021-09-25,Bronze,True
2109,Ekani,Gole,Female,1963-05-19,thomas90@example.net,+918516942200,Visakhapatnam,Karnataka,India,2026-01-27,Gold,True
2110,Ekavir,Bala,Male,1996-09-17,pallavidhi@example.com,+912880405286,Pondicherry,Gujarat,India,2023-07-30,Bronze,False
2111,Oni,Kant,Female,1984-05-30,wahluwalia@example.com,+911424027009,Madurai,Gujarat,India,2022-08-27,Bronze,True
2112,Gaurika,Dewan,Female,1960-01-05,sidhufinn@example.net,01425976769,Maheshtala,Karnataka,India,2023-10-22,Platinum,False
2113,Aadi,Ramaswamy,Male,1956-02-06,dharqadim@example.com,7988853440,Phagwara,Tamil Nadu,India,2026-02-26,Bronze,False
2114,Qarin,Ratta,Male,1976-06-28,bedivarenya@example.com,2364368250,Anand,Rajasthan,India,2021-10-14,Gold,True
2115,Chatura,Gola,Male,1965-04-16,jairaj77@example.org,5913221229,Moradabad,Delhi,India,2024-04-30,Bronze,True
2116,Henry,Baria,Female,1971-03-07,deolyagnesh@example.net,05089785916,Phusro,West Bengal,India,2026-04-02,Silver,True
2117,Jeet,Kade,Male,2000-09-15,vgoyal@example.org,09455687218,Dewas,Delhi,India,2024-03-24,Gold,True
2118,Girik,Mander,Male,1976-03-21,hkibe@example.net,0316915421,Ambarnath,West Bengal,India,2026-05-30,Bronze,False
2119,Avi,Misra,Male,1974-02-13,mtailor@example.org,8909174974,Jhansi,Rajasthan,India,2023-12-17,Silver,False
2120,Yashasvi,Mohanty,Female,1974-07-14,tanviborah@example.org,01189415350,Thanjavur,Tamil Nadu,India,2024-07-03,Bronze,True
2121,Kamya,Wali,Male,2007-11-26,cmadan@example.net,+916793999970,Gangtok,Tamil Nadu,India,2024-11-16,Bronze,True
2122,Sudiksha,Bhasin,Male,1979-11-20,qrama@example.com,08915824433,Silchar,Maharashtra,India,2024-03-11,Silver,True
2123,Hemangini,Luthra,Female,2004-11-29,vasudha08@example.org,04717967469,Narasaraopet,Maharashtra,India,2022-07-17,Bronze,True
2124,Vasana,Borde,Female,1989-11-20,yugganesan@example.com,05273129953,Kadapa,Uttar Pradesh,India,2025-03-31,Bronze,False
2125,Urvashi,Srinivasan,Male,2001-04-08,gaurika09@example.com,07326093700,Sonipat,Tamil Nadu,India,2022-10-03,Silver,True
2126,Gautam,Modi,Male,1994-09-19,wramachandran@example.org,3025569315,Bhiwani,Gujarat,India,2021-10-06,Silver,True
2127,Gagan,Johal,Male,1967-11-03,mekhalashankar@example.com,5202197630,Visakhapatnam,West Bengal,India,2024-10-11,Bronze,True
2128,Nihal,Bumb,Male,1977-02-23,abeerdhingra@example.org,04523238509,Buxar,Delhi,India,2026-07-04,Platinum,True
2129,Zayan,Mannan,Male,1996-01-02,odika45@example.net,08714018099,Delhi,Karnataka,India,2023-09-06,Bronze,True
2130,Wakeeta,Prabhakar,Female,1960-08-03,lsrinivas@example.com,05908528403,Jamnagar,Delhi,India,2022-01-01,Gold,False
2131,Udyati,Kulkarni,Male,1984-08-11,atiupadhyay@example.org,00550058820,Nanded,Delhi,India,2026-07-14,Bronze,True
2132,Finn,Bains,Female,1981-08-29,wrideshbala@example.com,7359938225,Aurangabad,West Bengal,India,2025-05-30,Silver,True
2133,Kevin,Hora,Male,1988-02-24,wnagi@example.com,01967503690,Bidhannagar,Rajasthan,India,2025-02-17,Bronze,True
2134,Naksh,Kari,Female,1967-10-21,sethiekapad@example.net,01562935619,Nagaon,Maharashtra,India,2022-12-10,Bronze,True
2135,Warinder,Patla,Female,1964-12-25,jason09@example.org,+918008723550,Bhusawal,Gujarat,India,2022-05-19,Gold,False
2136,Bakhshi,Kamdar,Male,2007-09-08,suhani19@example.net,08395472870,Nanded,Rajasthan,India,2026-04-24,Gold,True
2137,Lila,Bhat,Male,1962-01-07,gayathri12@example.org,5999203850,Dehri,Maharashtra,India,2025-06-23,Bronze,True
2138,Darsh,Ahuja,Male,1984-08-21,qabilbaral@example.org,2609008407,Guwahati,Gujarat,India,2026-02-14,Bronze,True
2139,Gunbir,Ratti,Female,1973-12-07,shauryawalia@example.org,+916755152229,Amravati,Tamil Nadu,India,2021-09-25,Bronze,False
2140,Jonathan,Chad,Female,1970-06-27,khegde@example.org,03883045196,Bally,Rajasthan,India,2023-09-28,Bronze,True
2141,Xavier,Kaul,Male,1961-12-19,cvarghese@example.com,00294434407,Muzaffarpur,Tamil Nadu,India,2022-02-06,Bronze,True
2142,Dhruv,Rao,Female,2007-11-14,wriddhishgill@example.com,7836364784,Saharanpur,Delhi,India,2026-01-12,Silver,True
2143,Jasmit,Gala,Female,1999-09-15,keerbina@example.org,03594208230,Raichur,Karnataka,India,2022-06-26,Gold,True
2144,Baghyawati,Dhawan,Male,1989-04-04,rajuwriddhish@example.com,3222090055,Ajmer,Maharashtra,India,2025-04-20,Silver,True
2145,Bhavini,Gera,Male,2002-08-17,tandonraagini@example.com,7233411070,Tiruvottiyur,Uttar Pradesh,India,2022-07-01,Gold,True
2146,Advika,Boase,Female,1990-10-20,owenmallick@example.org,+916961330570,Kulti,Gujarat,India,2024-11-22,Silver,True
2147,Dayita,Rana,Male,1984-12-26,meera87@example.org,4320772478,Dharmavaram,Maharashtra,India,2024-01-31,Bronze,False
2148,Wishi,Vig,Female,1974-10-20,nihalvarty@example.net,+917016623139,Faridabad,Rajasthan,India,2021-09-28,Gold,False
2149,Chavvi,Soman,Male,1969-08-11,goswamiagastya@example.net,04288439707,North Dumdum,West Bengal,India,2025-06-16,Bronze,False
2150,Jai,Ghosh,Male,1956-11-15,fsastry@example.org,1486524288,Maheshtala,Tamil Nadu,India,2025-11-17,Silver,True
2151,Baghyawati,Rao,Female,1998-01-19,aachal76@example.com,05573101922,Chennai,Maharashtra,India,2021-09-09,Platinum,True
2152,Udyati,Bala,Male,1983-07-08,cchacko@example.com,7709619778,Bhind,West Bengal,India,2023-02-26,Bronze,True
2153,Dalbir,Dhaliwal,Male,1981-11-25,yashvi34@example.org,+917960453322,Tinsukia,Uttar Pradesh,India,2021-08-16,Silver,False
2154,Bhavika,Magar,Female,1975-04-13,brinda76@example.net,+911091857920,Narasaraopet,West Bengal,India,2026-07-18,Silver,True
2155,Chaman,Wadhwa,Male,1998-08-05,parthmander@example.org,+913910032721,Katni,Maharashtra,India,2025-05-15,Bronze,True
2156,Veer,Chakrabarti,Male,1993-05-28,sanyananda@example.com,+910609508041,Panipat,Uttar Pradesh,India,2023-12-06,Silver,True
2157,Praneel,Mahal,Female,1978-02-03,gayathri82@example.com,+914842005640,Sonipat,Delhi,India,2025-04-15,Bronze,True
2158,Jackson,Banerjee,Male,1955-11-14,forum55@example.com,1264496621,Kalyan-Dombivli,Tamil Nadu,India,2025-07-21,Bronze,True
2159,Indira,Batra,Female,1965-09-20,ydhaliwal@example.com,03969766080,Barasat,Maharashtra,India,2023-10-03,Silver,True
2160,Patrick,Misra,Male,1961-06-29,nidra31@example.com,00250125976,Amaravati,Gujarat,India,2026-07-18,Gold,True
2161,Aadhya,Bala,Male,1977-02-02,golewriddhish@example.com,+913522992238,Dewas,Delhi,India,2022-05-18,Silver,True
2162,Manya,Sampath,Female,1985-08-26,hsolanki@example.com,02458912562,Bilaspur,Rajasthan,India,2026-05-26,Bronze,True
2163,Nitesh,Chander,Male,1987-04-15,venkataramansudiksha@example.org,+919185271388,Latur,West Bengal,India,2024-08-26,Gold,True
2164,Rajata,Boase,Female,1981-12-23,pushti43@example.com,+916429853996,Bhavnagar,Maharashtra,India,2021-08-09,Silver,True
2165,Tanvi,Goyal,Female,1962-01-02,jatin68@example.org,8778296929,Durgapur,Delhi,India,2021-11-23,Silver,True
2166,Orinder,Verma,Male,1962-09-15,eshanaraju@example.org,+913729560034,Amaravati,Gujarat,India,2024-05-02,Platinum,True
2167,Aadi,Kashyap,Female,1976-04-13,rmistry@example.org,+913352286643,Sambalpur,Gujarat,India,2023-03-01,Gold,True
2168,Sanya,Balakrishnan,Female,1960-02-28,aahana68@example.org,08115744965,Darbhanga,Delhi,India,2022-02-16,Bronze,True
2169,Mahika,Sridhar,Female,1990-08-02,miteshparsa@example.net,1401425943,Rewa,Tamil Nadu,India,2026-02-19,Bronze,False
2170,Odika,Nagi,Female,2003-02-08,yborde@example.net,+911677644276,Mathura,Tamil Nadu,India,2025-06-15,Gold,True
2171,Urmi,Naik,Female,2000-10-03,obhandari@example.net,4563456126,Motihari,Tamil Nadu,India,2025-09-21,Bronze,True
2172,Utkarsh,Kata,Male,2002-06-25,anmol92@example.org,+912525735085,Jalgaon,Uttar Pradesh,India,2025-06-27,Gold,True
2173,Anvi,Tandon,Female,1977-11-14,cpau@example.com,9936927374,Gorakhpur,Maharashtra,India,2022-07-10,Bronze,True
2174,Dominic,Subramaniam,Female,1993-09-29,aryanperi@example.net,0141534245,Chittoor,Delhi,India,2021-09-14,Bronze,True
2175,Maanas,Sabharwal,Female,1989-01-03,dev75@example.com,+918291264381,Dewas,Delhi,India,2025-03-22,Bronze,False
2176,Varenya,Kapur,Male,1991-03-27,yugmammen@example.org,1052519962,Jamalpur,Tamil Nadu,India,2025-12-28,Silver,True
2177,Vritti,Brahmbhatt,Male,1959-08-21,kashvi46@example.com,04076849054,Faridabad,West Bengal,India,2022-01-15,Bronze,True
2178,Kavya,Dar,Male,1955-11-26,balhaar87@example.org,+917295557551,Bilaspur,Maharashtra,India,2024-09-18,Bronze,True
2179,Warinder,Bedi,Female,1987-05-29,dugarsamuel@example.com,06563412594,Ambarnath,Tamil Nadu,India,2022-05-07,Gold,True
2180,Onkar,Chaudhuri,Male,1964-12-22,hemangini93@example.net,+918299364388,Hapur,Karnataka,India,2024-02-01,Silver,True
2181,Chanakya,Lad,Male,2005-08-29,prisha12@example.com,+919636605453,Bidar,Delhi,India,2024-07-29,Bronze,False
2182,Pranav,Garde,Male,1990-11-09,voradaksh@example.net,2547357995,Varanasi,Gujarat,India,2023-03-21,Bronze,True
2183,Ekani,Gandhi,Male,1993-11-16,zganesh@example.net,+918833822375,Tenali,Maharashtra,India,2026-01-07,Silver,True
2184,Balendra,Balasubramanian,Male,1966-11-26,dev45@example.net,1916415961,Asansol,Maharashtra,India,2025-07-09,Gold,True
2185,Widisha,Gour,Female,1974-09-14,bishakha68@example.net,05196209753,Kolkata,Karnataka,India,2024-02-12,Silver,False
2186,Pallavi,Prakash,Male,1986-01-12,riya28@example.org,+915247250962,Satara,Maharashtra,India,2024-11-24,Gold,True
2187,Eesha,Setty,Male,1997-02-16,chandraupkaar@example.net,08532460335,Gaya,West Bengal,India,2024-12-07,Bronze,True
2188,Vasudha,Swaminathan,Female,1963-11-05,zaid49@example.net,8267981632,Morbi,Delhi,India,2025-03-06,Gold,False
2189,Veer,Nagarajan,Male,1998-04-18,tooramaira@example.net,7960206141,Hajipur,Uttar Pradesh,India,2021-09-09,Bronze,True
2190,Wishi,Sanghvi,Male,2004-07-29,zinaldara@example.net,1018447605,Belgaum,Karnataka,India,2022-01-26,Platinum,True
2191,Max,Nanda,Female,2001-07-05,darpanrege@example.com,02832683047,Shivpuri,Karnataka,India,2025-09-08,Silver,True
2192,Dalbir,Dubey,Female,1985-03-09,paunihal@example.net,08191863970,Tiruppur,Karnataka,India,2022-07-14,Gold,True
2193,Leena,Ramanathan,Male,1982-05-31,manbirbhattacharyya@example.com,+917689507954,Firozabad,West Bengal,India,2021-09-29,Silver,True
2194,Zehaan,Jha,Female,1961-12-30,fkhosla@example.org,+918180232861,Bhiwani,Tamil Nadu,India,2026-01-12,Gold,True
2195,William,Pant,Female,1979-07-02,lsule@example.net,03446689239,Jaunpur,Rajasthan,India,2023-06-09,Gold,True
2196,Maanas,Bobal,Female,1989-04-07,ggarg@example.com,+911518874100,Burhanpur,Rajasthan,India,2024-09-27,Gold,True
2197,Rudra,Parmar,Male,1983-03-22,jasonvora@example.com,02588228358,Ambala,Tamil Nadu,India,2024-03-22,Silver,True
2198,Fariq,Chand,Female,1995-01-06,xsahni@example.org,03661768330,Proddatur,Tamil Nadu,India,2025-09-15,Bronze,False
2199,Bhavika,Kannan,Male,1968-05-30,sarafcharles@example.org,+917794295769,Jamshedpur,Karnataka,India,2025-04-02,Silver,True
2200,Edhitha,Sampath,Male,1994-06-17,ubika74@example.org,08461513307,Aizawl,Karnataka,India,2021-10-23,Bronze,True
2201,Januja,Raman,Male,1956-06-20,vrishtibatta@example.net,2984132591,Begusarai,West Bengal,India,2023-11-16,Bronze,False
2202,Jeevika,Sanghvi,Female,1998-09-04,sathechakrika@example.net,+916116229697,Imphal,Uttar Pradesh,India,2024-08-31,Silver,False
2203,Krisha,Sarkar,Female,1970-01-16,lopasavant@example.com,+913710828202,Madhyamgram,Tamil Nadu,India,2021-11-18,Gold,True
2204,Rayaan,Warrior,Female,1990-07-21,lajitasagar@example.org,+919159240517,Dewas,West Bengal,India,2024-07-13,Silver,False
2205,Girik,Buch,Male,1994-08-01,pallajoshua@example.org,7419118433,New Delhi,West Bengal,India,2023-07-11,Bronze,False
2206,Mahika,Sastry,Male,1963-12-15,sameshbir@example.com,04801578098,Pimpri-Chinchwad,Karnataka,India,2024-02-08,Bronze,True
2207,Jai,Halder,Male,1962-04-13,chakradhar85@example.com,+914113174656,Gandhidham,Maharashtra,India,2022-07-17,Bronze,False
2208,Hemang,Garde,Male,1976-07-28,oscar66@example.org,05214505516,Mangalore,Karnataka,India,2026-01-10,Bronze,True
2209,Darpan,Gopal,Female,1978-08-27,zbahl@example.org,+918249586788,Kanpur,Tamil Nadu,India,2025-11-26,Bronze,True
2210,Parth,Magar,Female,1990-11-14,ksodhi@example.com,+916964783785,Ambala,Delhi,India,2026-01-19,Bronze,True
2211,Ayush,Korpal,Male,1991-02-15,sanghvichaitaly@example.net,4619253232,Raiganj,Tamil Nadu,India,2025-03-14,Bronze,True
2212,Nitara,Aggarwal,Female,1961-06-23,lparmer@example.com,0049108402,Mau,Maharashtra,India,2026-04-16,Silver,False
2213,Vamakshi,Raval,Female,1986-04-18,vedantparmar@example.net,3415640527,Surat,Maharashtra,India,2023-02-01,Silver,True
2214,Hamsini,Karpe,Female,1968-01-20,frattan@example.net,+917534306949,Agra,Tamil Nadu,India,2026-06-19,Bronze,True
2215,Pranit,Gour,Male,1975-05-20,ishanvisidhu@example.org,08742236804,Hazaribagh,Karnataka,India,2023-03-21,Bronze,True
2216,Idika,Rattan,Female,1958-03-11,atharvkrishnamurthy@example.net,+915745688131,Bhiwani,Tamil Nadu,India,2024-10-16,Silver,False
2217,Harshil,Chander,Male,1995-11-07,ekanta51@example.com,+910941550991,Kavali,Gujarat,India,2021-09-10,Bronze,True
2218,Reva,Dugal,Female,1974-06-06,haritakibe@example.com,0904651475,Danapur,Maharashtra,India,2022-02-05,Bronze,True
2219,Kabir,Sood,Male,1982-06-22,gbhatt@example.net,01834725110,Patiala,Maharashtra,India,2024-03-26,Silver,True
2220,Wahab,Sinha,Male,1958-11-11,yugdasgupta@example.com,3726644190,Adoni,Maharashtra,India,2023-05-13,Bronze,False
2221,Abhiram,Balasubramanian,Female,1993-03-06,rachitbanik@example.org,3574980321,Nadiad,Gujarat,India,2026-04-04,Gold,True
2222,Ansh,Mallick,Male,1963-08-18,yoshita62@example.com,07326744083,Bihar Sharif,West Bengal,India,2022-04-21,Gold,True
2223,Jalsa,Ratta,Male,1965-01-12,abhimanyunigam@example.org,+915819954883,Jodhpur,West Bengal,India,2026-06-17,Platinum,True
2224,Ira,Mahal,Male,1978-02-28,mangatfiyaz@example.org,08193350840,Latur,West Bengal,India,2024-08-29,Silver,True
2225,Jagrati,Sampath,Female,1963-09-20,adityachakraborty@example.org,3614380547,Maheshtala,Tamil Nadu,India,2025-07-31,Gold,True
2226,Warjas,Zachariah,Female,1977-10-01,odube@example.org,06588851964,Ulhasnagar,Uttar Pradesh,India,2024-09-02,Bronze,False
2227,Vaishnavi,Lanka,Female,1971-09-17,chanchal74@example.net,07145665769,Silchar,Tamil Nadu,India,2023-10-30,Bronze,True
2228,Indali,Bali,Female,1965-10-05,wjaggi@example.net,07918414234,Chandigarh,Delhi,India,2021-08-09,Bronze,True
2229,Vamakshi,Upadhyay,Male,1995-05-17,grewalqushi@example.org,+917045315079,Serampore,Rajasthan,India,2022-01-06,Silver,True
2230,Yashvi,Hayer,Male,1958-05-03,uben@example.org,05633686555,Guntur,Delhi,India,2025-09-16,Bronze,True
2231,Vivaan,Palla,Male,1977-08-09,yashawiniseth@example.org,7374980469,Thoothukudi,Delhi,India,2021-11-12,Silver,True
2232,Harini,Peri,Male,2005-04-17,sprabhu@example.net,02124997147,Tirupati,Delhi,India,2024-06-26,Silver,True
2233,Quincy,Tailor,Male,2005-01-26,reyansh17@example.org,09189523575,Nadiad,Gujarat,India,2024-02-21,Bronze,True
2234,Faqid,Sharma,Female,1999-01-23,raghavankrisha@example.net,2392783057,Tiruppur,Maharashtra,India,2023-10-23,Bronze,True
2235,Benjamin,Modi,Female,1995-11-13,ryan30@example.org,3126289167,Aurangabad,Maharashtra,India,2026-01-26,Platinum,True
2236,Laksh,Banerjee,Female,1966-04-05,mitali44@example.com,0281145206,Madanapalle,Delhi,India,2024-11-29,Bronze,False
2237,Upasna,Mohanty,Female,1980-06-06,chatterjeemeghana@example.org,00985485558,Muzaffarpur,Tamil Nadu,India,2025-12-26,Silver,True
2238,Charvi,Dixit,Female,1980-02-19,gdora@example.net,00413261505,Machilipatnam,West Bengal,India,2026-05-18,Gold,True
2239,Ayush,Rai,Male,1960-02-11,adixit@example.net,+910923350717,Gopalpur,Maharashtra,India,2024-10-12,Silver,False
2240,Fiyaz,Prakash,Female,1967-06-18,girish90@example.org,5448449200,Kharagpur,Maharashtra,India,2023-11-11,Bronze,True
2241,Gaurika,Vohra,Female,1987-07-18,bdalia@example.net,0372683809,Mathura,Karnataka,India,2021-12-05,Gold,True
2242,Girindra,Malhotra,Male,1968-06-25,qkhanna@example.com,6339996344,Bhagalpur,Delhi,India,2023-11-20,Gold,True
2243,Hema,Naidu,Male,1960-01-30,vedantroy@example.net,0208751747,Sagar,Rajasthan,India,2024-02-29,Bronze,True
2244,Anjali,Datta,Female,1965-03-21,lakshkhosla@example.com,+912176600973,Ujjain,Gujarat,India,2022-09-02,Bronze,False
2245,Pavani,Shenoy,Male,2005-11-06,mittalmatthew@example.net,+919045400531,Aurangabad,West Bengal,India,2025-11-25,Bronze,True
2246,Qarin,Rout,Male,1987-06-18,victor22@example.net,+916056190324,Ambarnath,Uttar Pradesh,India,2022-09-25,Bronze,True
2247,Praneel,Dada,Male,1983-05-05,zehaansankaran@example.org,07942170264,Arrah,Gujarat,India,2022-07-11,Silver,True
2248,Bhavini,Karpe,Female,1992-12-17,rsabharwal@example.net,08639853028,Vijayawada,Karnataka,India,2021-10-11,Bronze,True
2249,Hemal,Kata,Female,1991-01-13,issaczaid@example.com,+914466311714,Katni,Tamil Nadu,India,2026-06-12,Bronze,True
2250,Jeremiah,Kata,Female,1968-02-23,bhanumati94@example.org,+919875959224,Jaunpur,Karnataka,India,2022-02-16,Bronze,False
2251,Jeremiah,Minhas,Female,1993-10-13,elijahlata@example.net,+916570223289,Bhiwandi,Uttar Pradesh,India,2024-08-10,Platinum,False
2252,Ojasvi,Chad,Male,1957-02-13,anusha91@example.org,8897805706,Kochi,Karnataka,India,2025-11-29,Platinum,False
2253,Peter,Arora,Male,1958-02-06,nicholasmander@example.com,5789745186,Sonipat,Rajasthan,India,2025-07-16,Gold,False
2254,Forum,Misra,Female,1987-09-05,rachanakapadia@example.net,+912285950675,Deoghar,Tamil Nadu,India,2025-07-28,Bronze,True
2255,Charles,Panchal,Female,1970-11-03,lakshit63@example.org,+911173622467,Ahmedabad,Karnataka,India,2026-05-02,Silver,False
2256,Krish,Oak,Female,1957-09-22,dipta41@example.net,02966178157,Hospet,Maharashtra,India,2025-06-05,Silver,True
2257,Abhiram,Keer,Male,2005-04-18,barkha29@example.org,6131989346,Panihati,Maharashtra,India,2025-11-20,Bronze,True
2258,Gaurika,Deshpande,Female,1964-01-24,devanshrai@example.com,6101313181,Jhansi,West Bengal,India,2022-02-25,Bronze,False
2259,Abha,Sheth,Male,1968-05-23,sahamadhav@example.com,+915506677246,Ahmednagar,Delhi,India,2024-03-06,Bronze,False
2260,Edhitha,Mohan,Male,1959-01-26,vedika90@example.net,+911986950438,Mehsana,Rajasthan,India,2023-07-27,Bronze,False
2261,George,Raja,Male,1957-10-01,yashawini97@example.net,+910508191367,Bathinda,Karnataka,India,2021-10-26,Bronze,True
2262,Eesha,Bumb,Female,1984-01-05,dayalindali@example.net,+917450277662,Mumbai,West Bengal,India,2021-12-26,Bronze,True
2263,Naveen,Reddy,Male,1989-04-22,nihalkothari@example.org,9324329110,Nagaon,Rajasthan,India,2021-10-02,Bronze,False
2264,Pushti,Ghosh,Male,2004-06-06,anmolpurohit@example.org,02398544260,Shahjahanpur,Uttar Pradesh,India,2024-08-09,Bronze,False
2265,Chavvi,Kapadia,Male,1999-01-10,ekbal93@example.org,06493617310,Raebareli,Tamil Nadu,India,2024-09-29,Gold,True
2266,Jagdish,Tripathi,Male,1993-12-10,ombala@example.com,5421391714,Siliguri,Rajasthan,India,2022-12-08,Silver,False
2267,Vedhika,Reddy,Male,1970-03-14,noah36@example.org,+915940601185,Motihari,Rajasthan,India,2023-05-23,Silver,False
2268,Divya,Hans,Male,1999-12-03,warriorojas@example.com,07755785972,Gaya,Maharashtra,India,2023-01-14,Bronze,True
2269,Nihal,More,Female,2002-01-20,wnayar@example.net,09394819390,Rajpur Sonarpur,Gujarat,India,2023-04-08,Bronze,True
2270,Jagdish,Suri,Male,1957-03-31,horaleela@example.net,9339519327,Siliguri,Tamil Nadu,India,2025-03-29,Bronze,False
2271,Kashish,Thakur,Male,1967-11-14,bachittarraj@example.net,7045018059,Akola,Gujarat,India,2024-05-04,Gold,False
2272,Samesh,Madan,Female,1988-06-15,haritabora@example.com,07549714439,Panvel,Delhi,India,2023-02-02,Silver,True
2273,Varenya,Walia,Male,1963-03-23,kuruvillaeesha@example.org,05010764484,Buxar,Maharashtra,India,2023-04-19,Bronze,False
2274,Nitara,Nagy,Female,1979-07-28,lchhabra@example.net,0275831819,Jodhpur,Gujarat,India,2023-05-24,Bronze,True
2275,Praneel,Lad,Female,1959-11-01,hdar@example.net,09855460146,Kozhikode,Uttar Pradesh,India,2023-02-16,Bronze,True
2276,Akshay,Bava,Female,1996-11-14,widisha83@example.net,00179372554,Nangloi Jat,Rajasthan,India,2023-09-06,Gold,False
2277,Advik,Varghese,Male,1998-08-12,iyengarlogan@example.com,7260243515,Saharanpur,Delhi,India,2023-01-23,Bronze,True
2278,Mugdha,Sami,Female,1977-06-22,raghav50@example.com,0736260988,Jhansi,Rajasthan,India,2025-08-12,Bronze,False
2279,Parth,Toor,Male,2003-01-13,ubera@example.com,04450684855,Tinsukia,Uttar Pradesh,India,2022-10-26,Gold,True
2280,Vidhi,Sheth,Female,1982-01-16,watikaraghavan@example.net,+917953065675,Gangtok,Gujarat,India,2025-09-20,Silver,True
2281,Dalaja,Shroff,Female,1964-02-01,indrajit55@example.net,04106238989,Firozabad,Tamil Nadu,India,2026-07-13,Silver,True
2282,Yuvraj,Sharaf,Male,2001-10-28,palansamesh@example.org,03167756264,Silchar,Delhi,India,2025-08-08,Silver,True
2283,Chandani,Hegde,Female,1996-02-07,yash24@example.net,08225482949,Dewas,Tamil Nadu,India,2024-08-05,Silver,True
2284,Ranbir,Contractor,Female,2001-01-10,adeshmukh@example.org,+913458715965,Vellore,Delhi,India,2026-01-10,Platinum,True
2285,Gopal,Pal,Female,2002-02-13,girikdayal@example.com,1736970506,Tadipatri,Rajasthan,India,2021-08-21,Bronze,True
2286,Radha,Puri,Male,1980-07-24,bgola@example.com,05816592292,Varanasi,Uttar Pradesh,India,2022-04-10,Silver,False
2287,Gaurang,Date,Female,1981-02-27,bakhshikaran@example.com,5219821861,Khammam,West Bengal,India,2024-05-17,Bronze,False
2288,Teerth,Acharya,Female,1984-10-13,npall@example.org,+912370912393,Bokaro,Karnataka,India,2026-07-26,Gold,False
2289,Yashica,Bir,Female,1956-01-12,upuri@example.org,02229101449,Jorhat,Rajasthan,India,2025-09-05,Bronze,True
2290,Shivani,Varghese,Female,2000-11-01,ochander@example.net,+915499985523,Bikaner,West Bengal,India,2025-01-09,Bronze,False
2291,Gauri,Bhasin,Female,1965-12-09,zom@example.net,3846851733,Bhilwara,Karnataka,India,2025-08-09,Platinum,True
2292,Leela,Gulati,Male,1967-11-27,jacobde@example.org,03528471841,Thoothukudi,Maharashtra,India,2022-08-23,Silver,False
2293,Isaac,Bahl,Male,1980-12-24,prasadjeremiah@example.com,8975928451,Munger,Uttar Pradesh,India,2025-11-20,Silver,True
2294,Wridesh,Dhar,Female,1974-06-12,veer89@example.net,02816908918,Darbhanga,Maharashtra,India,2024-12-13,Silver,False
2295,Siya,Kothari,Male,1999-11-28,dalbirthaman@example.org,+916682025290,Hyderabad,Delhi,India,2022-08-29,Silver,False
2296,Chanchal,Mani,Male,1983-10-03,zashilbalay@example.org,9303415453,Dibrugarh,Delhi,India,2023-02-21,Gold,True
2297,Dev,Sarma,Female,1986-06-11,mdada@example.org,03790107409,Shahjahanpur,Uttar Pradesh,India,2022-03-01,Bronze,False
2298,Pranav,Puri,Male,1978-02-27,isani@example.org,08214792295,Chandrapur,Rajasthan,India,2021-09-10,Silver,True
2299,Bishakha,Butala,Female,1993-09-07,mandagabriel@example.net,01725316949,Jamshedpur,Gujarat,India,2026-02-22,Bronze,False
2300,Gopal,Loyal,Male,1978-01-26,raagini58@example.net,0053325221,Nadiad,Maharashtra,India,2023-09-17,Gold,False
2301,Aashi,Gupta,Male,1961-03-23,umukhopadhyay@example.com,5578066567,Hapur,Maharashtra,India,2022-07-27,Bronze,True
2302,Omya,Chand,Female,1960-01-30,tparmer@example.net,+918749223770,Nadiad,Rajasthan,India,2024-09-09,Bronze,False
2303,Nakul,Deo,Male,2005-11-08,kala29@example.org,7571704876,Bhagalpur,West Bengal,India,2025-07-13,Bronze,False
2304,Garima,Sachdeva,Male,1978-06-18,qloke@example.org,+916234404100,Kishanganj,West Bengal,India,2023-02-05,Bronze,False
2305,Hemani,Palla,Male,1971-10-22,varshaseth@example.com,2275284082,Khandwa,West Bengal,India,2024-10-04,Gold,True
2306,Hemang,Sood,Female,2000-11-18,vmurthy@example.net,7370458788,Gaya,Delhi,India,2024-02-03,Bronze,True
2307,Yochana,Mittal,Male,2006-12-25,vvala@example.net,+919534149183,Sri Ganganagar,West Bengal,India,2025-07-27,Gold,True
2308,Qushi,Majumdar,Male,1971-11-03,arjun57@example.net,08126756377,Bhubaneswar,Rajasthan,India,2022-05-30,Bronze,True
2309,Ekavir,Parsa,Male,1989-12-26,ekalinga69@example.org,06860176203,Proddatur,West Bengal,India,2024-01-15,Bronze,True
2310,Advika,Narasimhan,Male,1991-02-14,bainsfitan@example.net,+911561545599,Bettiah,Karnataka,India,2023-02-05,Silver,True
2311,Jasmit,Barman,Male,1989-04-24,avnibala@example.org,0476171563,Mysore,Uttar Pradesh,India,2023-07-21,Silver,True
2312,Pallavi,Wali,Male,1999-06-12,bariaindrajit@example.net,8285384577,Jamshedpur,Delhi,India,2022-12-12,Silver,True
2313,Nandini,Hora,Female,1989-10-31,cmadan@example.net,+915503069234,Amravati,Delhi,India,2022-03-07,Silver,True
2314,Logan,Gole,Female,1995-08-19,malladvaith@example.net,3357897851,Bijapur,Gujarat,India,2023-02-16,Silver,True
2315,Arunima,Bandi,Male,1969-10-19,yatin37@example.org,6500454269,Jorhat,Tamil Nadu,India,2022-09-17,Silver,True
2316,Saksham,Karpe,Male,1962-03-21,jsibal@example.com,3179751657,Guwahati,Uttar Pradesh,India,2025-12-05,Gold,True
2317,Warinder,Bhavsar,Male,1964-01-10,chatresh64@example.net,3904935239,Coimbatore,Tamil Nadu,India,2022-04-15,Bronze,True
2318,Janaki,Anne,Male,1984-07-10,nicholaskurian@example.net,0701436585,Bhavnagar,Karnataka,India,2022-04-12,Bronze,True
2319,Lipika,Gera,Male,1970-04-16,somchaitanya@example.com,7244543002,Bhagalpur,West Bengal,India,2024-01-04,Bronze,True
2320,Radha,Bajaj,Female,1970-06-23,jeevika31@example.com,+912927391779,Gwalior,Karnataka,India,2025-06-27,Bronze,True
2321,Ekantika,Dey,Male,1969-01-25,kapoorchaitaly@example.net,02754481086,Solapur,West Bengal,India,2024-04-06,Bronze,True
2322,Prisha,Jhaveri,Female,1957-02-17,mrai@example.net,01015823749,Ratlam,Tamil Nadu,India,2024-12-14,Bronze,True
2323,Jagat,Edwin,Male,2002-05-08,sandalgirindra@example.org,8764062219,Bongaigaon,Maharashtra,India,2023-01-26,Bronze,True
2324,Ekaja,Jayaraman,Female,1960-03-29,andrewkeer@example.com,+915008825968,Hospet,Uttar Pradesh,India,2024-12-29,Platinum,True
2325,Faqid,Sarin,Male,1958-04-27,varghesepeter@example.net,+918047743519,Ambattur,Gujarat,India,2024-07-15,Gold,True
2326,Balveer,Nagi,Male,1963-07-30,charviahuja@example.com,03610831145,Bettiah,Maharashtra,India,2022-07-27,Silver,True
2327,Indali,Nagi,Male,1993-06-08,vsamra@example.org,07616672336,Amroha,Rajasthan,India,2026-05-30,Bronze,True
2328,Forum,Anand,Male,1974-12-09,lbuch@example.org,+912771910309,Warangal,Rajasthan,India,2022-10-21,Bronze,True
2329,Yutika,Kohli,Male,1959-01-11,gadegaurika@example.org,+917818601261,Kurnool,Gujarat,India,2024-05-02,Bronze,True
2330,Ayushman,Dave,Male,1997-10-20,mittalanusha@example.org,+915182655863,Mahbubnagar,Rajasthan,India,2024-02-13,Silver,True
2331,Girik,Kashyap,Female,1979-02-05,mugdhachokshi@example.net,04302715123,Begusarai,Uttar Pradesh,India,2021-11-17,Bronze,False
2332,Niharika,Sarma,Male,1970-02-23,pushti37@example.net,7060402856,Junagadh,Gujarat,India,2022-06-29,Bronze,True
2333,Michael,Jain,Female,1991-01-02,jmagar@example.net,07919567391,Mumbai,Karnataka,India,2024-02-17,Silver,True
2334,Ojas,Swamy,Male,1968-07-07,lmaster@example.org,+916364257512,Rajkot,Delhi,India,2025-10-14,Platinum,False
2335,Kai,Sarma,Female,1972-04-30,chakrabortyhredhaan@example.net,+915237499397,Rohtak,Uttar Pradesh,India,2023-07-23,Bronze,True
2336,Ladli,Shetty,Female,1992-08-01,zacharya@example.org,09510153493,Proddatur,Karnataka,India,2023-11-23,Silver,False
2337,Chanchal,Lanka,Male,2005-02-17,matthew20@example.com,04096399096,Bhubaneswar,Rajasthan,India,2022-05-08,Bronze,True
2338,Yug,Borde,Female,1999-10-07,cheemaekavir@example.com,01725358724,South Dumdum,Tamil Nadu,India,2023-05-22,Gold,True
2339,Fiyaz,Lala,Female,1960-08-01,ghosenetra@example.org,02575729391,Rourkela,Gujarat,India,2024-01-11,Silver,True
2340,Hemang,Krish,Female,2007-04-06,vinayajha@example.net,+918374016772,Bhilai,Maharashtra,India,2025-06-05,Bronze,True
2341,Harsh,Kashyap,Female,1981-02-13,keertriveni@example.org,5722286553,Barasat,Tamil Nadu,India,2025-03-29,Bronze,True
2342,Alka,Apte,Male,1994-05-02,ubath@example.com,6423612507,Kota,Rajasthan,India,2022-07-19,Bronze,True
2343,Pavani,Patla,Male,1964-08-24,chanchal10@example.org,4959278498,Thanjavur,Maharashtra,India,2025-06-15,Bronze,True
2344,Zayyan,Sandhu,Female,1965-05-14,sampathjanani@example.net,07033801584,Alappuzha,Delhi,India,2021-11-11,Bronze,True
2345,Qabil,Iyer,Male,1977-10-02,keya23@example.net,+910808377543,Rajpur Sonarpur,Karnataka,India,2025-04-23,Bronze,True
2346,Mahika,Puri,Male,1981-08-13,nsamra@example.org,2304639140,Darbhanga,Karnataka,India,2025-07-10,Silver,True
2347,Jasmit,Lalla,Female,1991-04-12,omyakata@example.com,+912614703092,Sangli-Miraj & Kupwad,West Bengal,India,2021-08-05,Bronze,True
2348,Bahadurjit,Kala,Male,2006-04-20,dratti@example.net,3950450197,Rajpur Sonarpur,Delhi,India,2022-12-20,Bronze,False
2349,Kashish,Lala,Female,1963-04-10,chahaljason@example.net,+910903444288,Imphal,Maharashtra,India,2025-02-16,Platinum,False
2350,Wridesh,Babu,Male,1957-06-10,zashilhans@example.net,+911802425849,Raichur,Karnataka,India,2024-06-29,Bronze,True
2351,Charvi,Sawhney,Female,2004-09-14,qabilhans@example.org,09173591980,Bhilwara,Delhi,India,2023-09-23,Silver,True
2352,Manthan,Sahni,Male,1959-07-05,upma00@example.org,04382795621,Mira-Bhayandar,Maharashtra,India,2023-06-05,Gold,True
2353,Forum,Chaudhari,Male,2005-07-16,neelimasha@example.org,05651372305,Tiruppur,West Bengal,India,2021-09-05,Bronze,True
2354,Jyoti,Shere,Female,1992-04-13,wriddhishsaini@example.com,09287268302,Aurangabad,Maharashtra,India,2024-12-07,Bronze,True
2355,Hamsini,Shere,Female,1969-08-31,sdeol@example.com,+913718648967,Katni,Gujarat,India,2024-02-01,Bronze,True
2356,Ria,Kohli,Female,1983-12-26,fiyaz23@example.org,09677104990,Erode,Karnataka,India,2021-08-31,Silver,True
2357,Chasmum,Sur,Female,1976-06-20,nadigjanani@example.com,+918589558932,Junagadh,Maharashtra,India,2022-11-14,Bronze,False
2358,Jagdish,Gour,Female,1976-10-19,nandini84@example.org,1851489537,Giridih,Karnataka,India,2023-07-16,Gold,True
2359,Chanakya,Lalla,Male,1992-10-22,chamelitiwari@example.org,01603245475,Srinagar,Delhi,India,2022-08-26,Bronze,True
2360,Reyansh,Chaudry,Male,1964-11-27,uperi@example.org,07942322587,Nagpur,Karnataka,India,2024-04-29,Platinum,False
2361,Amaira,Chahal,Male,1979-04-12,lbora@example.net,8072199675,Imphal,Tamil Nadu,India,2024-12-10,Bronze,True
2362,Dalbir,Bala,Male,1963-03-28,merchantcharan@example.org,+910432347973,Udupi,Maharashtra,India,2025-08-01,Bronze,True
2363,Qushi,Tripathi,Male,1978-08-02,yashvi95@example.com,+910533894682,Rajkot,Maharashtra,India,2024-03-04,Gold,True
2364,Christopher,Karpe,Female,1993-09-14,vpant@example.net,08288868805,Srikakulam,Rajasthan,India,2026-02-16,Silver,False
2365,Ayushman,Thakur,Female,1996-01-11,anjalimagar@example.org,9873724821,Patna,Tamil Nadu,India,2022-07-01,Gold,False
2366,Teerth,Bava,Male,1961-03-20,kakarurmi@example.net,8096382989,Adoni,Tamil Nadu,India,2026-07-01,Bronze,True
2367,Neha,Bhakta,Female,1957-05-24,saranjacob@example.org,1306804036,Tirupati,Uttar Pradesh,India,2022-02-23,Silver,True
2368,Vamakshi,Badal,Female,2007-05-05,dhillonsiya@example.com,+916406807318,Jehanabad,Uttar Pradesh,India,2023-09-27,Platinum,True
2369,Omya,Sidhu,Female,1986-09-07,devika02@example.com,3633773651,Bhopal,Delhi,India,2023-01-17,Bronze,True
2370,Hemang,Chana,Male,2005-06-10,bmadan@example.com,04677720391,Bathinda,Rajasthan,India,2025-05-27,Silver,True
2371,Wriddhish,Dugar,Male,1973-01-15,pallasaksham@example.org,+910177942976,Phagwara,Karnataka,India,2023-07-27,Bronze,False
2372,Pratyush,Sampath,Male,1962-09-06,palladiya@example.com,3156710731,Chinsurah,Delhi,India,2024-11-14,Bronze,True
2373,Jeet,Yohannan,Female,1999-11-02,fariq04@example.net,+914014517030,Deoghar,West Bengal,India,2022-03-22,Bronze,True
2374,Maanav,Boase,Female,1983-07-12,siya79@example.org,05646388027,Jehanabad,Delhi,India,2024-07-16,Gold,True
2375,Maya,Sethi,Female,1965-04-10,parmarhritik@example.net,+912259624589,Ujjain,Uttar Pradesh,India,2025-10-30,Silver,True
2376,Mason,Swamy,Male,1963-01-27,edwinxavier@example.com,8393231100,Deoghar,Delhi,India,2023-02-03,Gold,False
2377,Warjas,Bhandari,Female,1991-03-10,ikumar@example.net,+917619992511,Guwahati,Delhi,India,2026-02-26,Silver,True
2378,Rajata,Dhawan,Male,1978-05-14,bhaktashivani@example.com,09851016240,Durg,Gujarat,India,2025-12-30,Bronze,True
2379,Quincy,Chawla,Male,1981-02-07,nidhi73@example.com,09667352349,Shimla,Tamil Nadu,India,2022-09-14,Bronze,True
2380,Warjas,Lanka,Male,1959-08-05,haritachaudhry@example.org,8753975893,Delhi,Delhi,India,2025-03-04,Bronze,False
2381,Pranit,Palan,Male,1987-07-25,dayamai81@example.net,8842928301,Guna,Gujarat,India,2023-11-27,Bronze,False
2382,Pranit,Nagi,Female,1980-07-04,akothari@example.com,+918442537724,Durgapur,Gujarat,India,2025-03-23,Bronze,True
2383,Yug,Chauhan,Female,2000-09-06,sampatharin@example.com,+919350994720,Tirupati,West Bengal,India,2025-07-31,Bronze,False
2384,Qabil,Sharaf,Female,1974-02-09,ubikasaini@example.com,3408602191,Thane,Rajasthan,India,2021-09-09,Bronze,True
2385,Vedika,Gade,Female,1981-07-23,ichhabra@example.com,08146625738,Bhagalpur,Karnataka,India,2024-11-24,Bronze,False
2386,Nilima,Dhar,Female,1966-10-29,lilavarkey@example.org,05535163966,Srinagar,Delhi,India,2024-12-25,Bronze,False
2387,Peter,Korpal,Male,2008-02-21,behldivya@example.org,00032915164,Ongole,Gujarat,India,2025-02-06,Silver,False
2388,Krishna,Hari,Female,1964-01-21,urvirastogi@example.com,+919428014719,Aizawl,Karnataka,India,2024-05-24,Silver,True
2389,Timothy,Goswami,Male,1990-12-02,bsanghvi@example.org,+919048817811,Mango,Delhi,India,2023-04-25,Bronze,True
2390,Simon,Upadhyay,Female,1956-04-18,bhatnagarjeevika@example.net,01813038944,Sirsa,Delhi,India,2023-07-06,Bronze,True
2391,Bhavani,Datta,Female,1970-03-23,basakyuvraj@example.org,+917529700507,Akola,Delhi,India,2024-03-30,Gold,False
2392,Ansh,Baral,Female,1971-02-22,jvirk@example.org,6908504455,Parbhani,West Bengal,India,2023-01-30,Bronze,True
2393,Onveer,Vohra,Female,1960-11-19,gdugal@example.com,08114457976,Erode,Delhi,India,2026-07-17,Bronze,True
2394,Hitesh,Devan,Female,1968-12-31,vedantnayak@example.net,04826527628,Amravati,Gujarat,India,2026-07-17,Silver,True
2395,Yashvi,Tailor,Male,1989-03-19,madhavibrahmbhatt@example.net,5936840373,Delhi,Karnataka,India,2023-10-30,Bronze,False
2396,Urishilla,Sahni,Female,2002-06-12,kalanigam@example.org,6334625655,Dehri,Delhi,India,2021-12-10,Bronze,True
2397,Dev,Datta,Male,1980-05-07,vansha14@example.com,03627381578,Jamshedpur,Tamil Nadu,India,2022-10-31,Bronze,False
2398,Rushil,Mahajan,Male,1975-05-17,wnadig@example.org,1203467535,Ludhiana,Maharashtra,India,2025-06-25,Silver,False
2399,Janya,Andra,Female,1996-05-20,agastya33@example.net,6595889814,Kochi,Maharashtra,India,2025-04-11,Bronze,True
2400,Ikshita,Kaur,Male,1991-01-22,wyatt58@example.com,+916918785533,Bijapur,Tamil Nadu,India,2023-08-21,Silver,True
2401,Rehaan,Joshi,Female,1960-07-05,dbal@example.net,09235611349,Cuttack,Uttar Pradesh,India,2023-03-31,Silver,False
2402,Yauvani,Prabhakar,Male,2006-08-05,laban24@example.com,00749344402,Ramgarh,Uttar Pradesh,India,2024-07-23,Bronze,True
2403,Finn,Deshmukh,Female,1987-08-10,yug11@example.org,+919259384352,Proddatur,Delhi,India,2022-10-26,Silver,True
2404,Kavya,Sarma,Male,1974-11-09,chandralekha@example.com,6117954696,Agra,Karnataka,India,2022-04-06,Bronze,True
2405,Nilima,Master,Female,1958-07-22,fariq05@example.net,+918114893841,Deoghar,Uttar Pradesh,India,2026-02-10,Silver,True
2406,Darika,Atwal,Female,1987-10-19,rohan84@example.net,+913800098598,Srinagar,Gujarat,India,2022-10-03,Bronze,True
2407,Ayaan,More,Female,2008-03-11,irasodhi@example.net,+913850048814,Sambhal,Gujarat,India,2021-09-13,Silver,False
2408,Vincent,Saini,Male,1963-03-06,tanmayi08@example.net,9347628302,Bahraich,Gujarat,India,2023-10-23,Silver,True
2409,Zilmil,Ghosh,Male,2000-04-13,shauryaandra@example.com,+919986304270,Khammam,West Bengal,India,2022-12-09,Gold,True
2410,Maya,Manne,Female,1972-04-04,sampathpriya@example.org,+910530075459,Surendranagar Dudhrej,Uttar Pradesh,India,2026-07-20,Bronze,False
2411,Mahika,Doctor,Female,1993-12-27,bahriyahvi@example.com,0299177681,Kolkata,Delhi,India,2021-10-09,Silver,True
2412,Girindra,Talwar,Female,1984-10-01,bhavna57@example.com,08655514348,New Delhi,Karnataka,India,2025-03-04,Platinum,False
2413,Gaurika,Murty,Male,1971-03-07,jason99@example.org,+914859398357,Kulti,Gujarat,India,2026-03-14,Gold,True
2414,Ridhi,Mammen,Female,1995-07-20,goswamigagan@example.net,06659198801,Ludhiana,West Bengal,India,2021-09-15,Silver,True
2415,Praneel,Anne,Female,1957-02-01,yrajagopal@example.org,5013242011,Udaipur,Delhi,India,2023-10-30,Bronze,True
2416,Saanvi,Jhaveri,Male,1974-02-24,diyamitra@example.com,+917021834295,Maheshtala,West Bengal,India,2026-05-11,Silver,True
2417,Naksh,Agate,Female,1971-07-27,charlesmani@example.com,08017529060,Bokaro,Karnataka,India,2023-05-13,Platinum,False
2418,Robert,Kalla,Male,1970-01-14,sanaya96@example.net,09707249120,Ongole,Uttar Pradesh,India,2023-03-10,Silver,True
2419,Yashvi,Raghavan,Male,1963-11-09,vchana@example.com,6534801231,Bhimavaram,Gujarat,India,2024-05-03,Bronze,True
2420,Netra,Sule,Female,1995-09-02,ravipatrick@example.org,+918292545991,Arrah,Maharashtra,India,2023-07-17,Bronze,True
2421,Eshana,Dhingra,Female,1972-09-10,bordexalak@example.com,04110200480,Srikakulam,Karnataka,India,2025-02-13,Bronze,True
2422,Chandani,Din,Male,1994-12-08,gmann@example.org,01067164177,Berhampore,West Bengal,India,2023-10-07,Bronze,True
2423,Maya,Bala,Male,2005-08-17,acharyasamar@example.org,5991090944,Kochi,Gujarat,India,2024-08-12,Bronze,True
2424,Upadhriti,Tara,Male,1955-12-16,oliver58@example.org,+915371456384,Raebareli,Karnataka,India,2025-01-09,Silver,True
2425,Aarini,Gara,Male,1971-08-09,ycomar@example.net,+918573423493,Baranagar,West Bengal,India,2023-03-17,Silver,True
2426,Radha,Khalsa,Female,1959-04-09,oliver60@example.org,3067086145,Sagar,Delhi,India,2022-12-29,Bronze,True
2427,Advay,Bhalla,Male,1995-02-27,dayamaibhagat@example.com,08447605511,Rajahmundry,West Bengal,India,2022-11-11,Bronze,True
2428,Sanya,Jani,Female,1998-03-21,chandreshwali@example.com,5491869141,Raurkela Industrial Township,Gujarat,India,2022-01-22,Silver,True
2429,Naksh,Mohanty,Female,1981-06-19,xparmar@example.net,+911625691689,Aurangabad,Rajasthan,India,2024-04-07,Gold,True
2430,Darpan,Chopra,Male,1961-01-02,lvora@example.net,+913890132433,Udaipur,Gujarat,India,2023-05-08,Bronze,True
2431,Parth,Rau,Female,2004-05-07,hiteshupadhyay@example.net,4476650583,Gandhinagar,Gujarat,India,2022-07-24,Bronze,False
2432,Inaya,Dugar,Male,1981-05-10,choudharykrisha@example.net,05041811276,Katni,West Bengal,India,2023-05-01,Silver,False
2433,Kritika,Dhingra,Male,1956-10-31,batraisha@example.org,5696327380,Alappuzha,Tamil Nadu,India,2022-08-05,Silver,True
2434,Jeet,Balay,Female,2005-03-27,yasti49@example.org,07448062729,Hajipur,Uttar Pradesh,India,2025-11-06,Bronze,False
2435,Dhriti,Vyas,Female,1972-07-06,jatin46@example.org,+910024470536,Nashik,West Bengal,India,2025-06-14,Bronze,True
2436,Jacob,Kothari,Female,1979-11-28,dalajakulkarni@example.com,+915907070507,Shimla,Karnataka,India,2026-03-24,Silver,True
2437,Yagnesh,Atwal,Male,1984-06-15,dmangat@example.com,+913828589975,Loni,Rajasthan,India,2025-06-09,Bronze,True
2438,Parth,Kulkarni,Male,1983-04-04,bimala85@example.org,03061144722,Bhiwani,West Bengal,India,2026-05-24,Bronze,True
2439,Chavvi,Chander,Female,1982-03-26,kiaan09@example.org,00881821454,Moradabad,Uttar Pradesh,India,2024-03-17,Gold,True
2440,Avni,Upadhyay,Male,2002-11-09,virkyashvi@example.com,+913345659228,Kishanganj,Gujarat,India,2023-04-22,Gold,True
2441,Gaurangi,Dalal,Female,1994-05-24,aarush06@example.net,4140970998,Jalandhar,Karnataka,India,2023-04-23,Gold,False
2442,Abeer,Sami,Female,1995-12-10,darpanluthra@example.org,03261937351,Gopalpur,Maharashtra,India,2026-06-08,Bronze,True
2443,Karan,Dar,Male,2004-06-29,ethanbaral@example.net,+914259559364,Pondicherry,Tamil Nadu,India,2025-03-26,Silver,False
2444,Krish,Yadav,Male,2003-04-17,seshadriyatan@example.net,+912604663581,Sultan Pur Majra,Delhi,India,2025-05-03,Gold,True
2445,Sai,Golla,Female,1995-10-20,jdalal@example.net,01007624917,Mira-Bhayandar,Gujarat,India,2021-10-07,Silver,True
2446,Ekta,Badami,Female,1956-05-13,amol05@example.com,+918326918723,Madanapalle,Delhi,India,2025-03-23,Bronze,True
2447,Triveni,Bajwa,Male,1978-03-17,chandrandaksh@example.com,04769073360,Rajahmundry,Karnataka,India,2022-11-18,Silver,True
2448,Ishaan,Kadakia,Male,2001-07-29,pradhaneesha@example.net,+915458919591,Hospet,Karnataka,India,2023-12-14,Bronze,False
2449,Liam,Dhillon,Female,1961-05-10,okota@example.com,+914162360901,Chapra,Maharashtra,India,2023-12-28,Gold,True
2450,Frederick,Bal,Female,1975-10-15,rayaanbal@example.org,9134204195,Thanjavur,Uttar Pradesh,India,2024-08-02,Platinum,True
2451,Sathvik,Narain,Female,1982-07-27,keerreyansh@example.net,07777842691,Parbhani,Uttar Pradesh,India,2021-08-25,Gold,True
2452,Ayaan,Sarraf,Female,2007-07-16,kadejason@example.com,+917452001284,Kozhikode,Tamil Nadu,India,2024-04-16,Silver,True
2453,Victor,Narang,Male,1996-12-12,sinhaijaya@example.net,0216531838,Jodhpur,Delhi,India,2023-09-08,Bronze,True
2454,Baghyawati,Mani,Female,1974-02-24,nitarashah@example.com,+918952531111,Ichalkaranji,Uttar Pradesh,India,2026-03-13,Bronze,True
2455,Janani,Dash,Female,1977-01-31,birlohit@example.org,9301835101,Sonipat,Rajasthan,India,2025-08-19,Silver,False
2456,Aditya,Gade,Female,2001-01-14,chanakya19@example.com,5088702649,Anantapuram,Karnataka,India,2026-04-13,Bronze,False
2457,Manan,Hayre,Male,1959-04-08,bhegde@example.com,6717552139,Allahabad,Maharashtra,India,2025-05-07,Bronze,True
2458,Anthony,Tara,Female,1964-01-11,gauravkant@example.org,2740380132,Chapra,Maharashtra,India,2025-08-22,Silver,True
2459,Yashica,Dalal,Female,1999-06-10,shuklanicholas@example.org,2395283762,Buxar,Maharashtra,India,2026-07-22,Gold,True
2460,Sathvik,Yadav,Male,1956-01-22,yashvihanda@example.com,05663304501,Sonipat,Uttar Pradesh,India,2024-08-09,Gold,False
2461,Ekaja,Upadhyay,Female,1985-02-28,qmishra@example.org,7431425950,Bhind,Maharashtra,India,2025-04-16,Platinum,True
2462,Hemangini,Acharya,Male,2003-05-24,qushisachar@example.com,+919257852036,Visakhapatnam,Rajasthan,India,2022-07-09,Gold,False
2463,Hritik,Iyer,Male,1972-02-12,rbaral@example.com,00493311717,Ranchi,Tamil Nadu,India,2025-07-10,Silver,True
2464,Rachit,Loke,Female,1984-03-06,idasgupta@example.org,+916174571590,Delhi,Uttar Pradesh,India,2021-09-30,Silver,True
2465,Krisha,Gupta,Female,2007-06-05,aarav17@example.com,+918229056569,Morena,Gujarat,India,2022-09-13,Gold,True
2466,Kabir,Devi,Female,2002-07-06,agastyachhabra@example.net,+910038407450,Pallavaram,West Bengal,India,2026-03-12,Platinum,True
2467,Netra,De,Female,2008-04-12,kaimittal@example.org,+913743030786,Mumbai,Tamil Nadu,India,2022-04-28,Silver,True
2468,Nikita,Golla,Female,1973-02-03,daveishita@example.net,7368699725,Gangtok,Karnataka,India,2024-08-05,Bronze,True
2469,Faraj,Apte,Male,2007-06-20,darikaghosh@example.net,+917681683949,Katihar,Karnataka,India,2025-12-23,Silver,False
2470,Leela,Choudhry,Female,1973-06-19,sastrymaya@example.com,02445292777,Bahraich,Rajasthan,India,2025-09-19,Silver,True
2471,Ekaraj,Sanghvi,Male,1999-05-24,kantbina@example.com,04481468637,Gandhinagar,Tamil Nadu,India,2021-11-10,Silver,False
2472,Neha,Gandhi,Female,2007-08-06,adya89@example.com,+916139032770,Satna,Karnataka,India,2023-10-04,Bronze,True
2473,Eiravati,Naik,Male,1992-10-16,xavierdua@example.net,+914631656737,Aurangabad,Maharashtra,India,2025-08-11,Gold,True
2474,Gabriel,Bose,Female,1985-12-12,seshadrirehaan@example.org,8827967067,Bathinda,Rajasthan,India,2026-05-28,Silver,True
2475,Ekiya,Goel,Male,1961-10-14,gayathri53@example.org,08197519616,Hosur,Rajasthan,India,2024-11-11,Bronze,False
2476,Vidhi,Hayre,Female,1993-04-01,jagvi04@example.com,0388797959,Ambala,Tamil Nadu,India,2023-03-16,Platinum,True
2477,Ubika,Jain,Male,1995-09-16,settyyashvi@example.net,+917724946462,Uluberia,Gujarat,India,2022-01-13,Bronze,True
2478,Bina,Manda,Male,1985-02-10,manthanchakraborty@example.org,2157401137,Anand,Delhi,India,2022-09-15,Silver,False
2479,Mohini,Mohan,Male,1987-06-04,manya67@example.net,+919038748165,Suryapet,Karnataka,India,2023-07-26,Silver,True
2480,Aarnav,Rau,Male,1972-06-15,saisrinivas@example.org,1876888344,Srikakulam,Maharashtra,India,2026-05-19,Gold,True
2481,Omisha,Shere,Female,1979-02-09,sbadal@example.net,7640759599,Hindupur,West Bengal,India,2026-02-07,Silver,True
2482,Zaitra,Oommen,Female,2000-10-13,jalsa36@example.net,+914677957223,Mumbai,Tamil Nadu,India,2024-09-30,Silver,False
2483,Urvashi,Bala,Male,1968-02-27,yamble@example.org,08720318308,Meerut,Delhi,India,2023-08-01,Silver,False
2484,Frederick,Banerjee,Female,1966-05-22,ramasamuel@example.net,0705007396,Gangtok,Rajasthan,India,2024-05-24,Silver,True
2485,Imaran,Minhas,Male,2004-01-06,snehadora@example.org,3734543464,Mira-Bhayandar,Uttar Pradesh,India,2026-06-20,Bronze,False
2486,Bachittar,Mukherjee,Male,1973-09-09,mekhala99@example.net,0131670194,Ghaziabad,Karnataka,India,2022-03-27,Bronze,True
2487,Jack,Magar,Male,1959-08-24,imittal@example.com,00356135725,Sangli-Miraj & Kupwad,Karnataka,India,2023-08-31,Bronze,True
2488,Urvashi,Wali,Female,1956-11-16,kdave@example.net,+910249197024,Morena,Maharashtra,India,2023-09-25,Bronze,True
2489,Jairaj,Varkey,Female,1969-09-16,anjalibhalla@example.com,8034423741,Mango,West Bengal,India,2023-11-12,Silver,True
2490,Prisha,Joshi,Male,2003-11-18,mohancharan@example.org,+914993237577,Bhubaneswar,Gujarat,India,2026-02-03,Bronze,True
2491,Tejas,Panchal,Female,1968-12-13,daksha52@example.com,+910955194117,Bathinda,West Bengal,India,2022-10-30,Silver,True
2492,Ekaraj,Sandhu,Female,1980-01-12,samaksh80@example.net,0496272585,Machilipatnam,Gujarat,India,2025-11-04,Silver,True
2493,Niharika,Malhotra,Female,1971-09-27,ravichristopher@example.org,7647576316,Parbhani,West Bengal,India,2022-02-12,Bronze,True
2494,Ronith,Saran,Male,1981-02-17,purohitjatin@example.net,9278742829,Bareilly,Tamil Nadu,India,2022-06-16,Bronze,True
2495,Darsh,Sura,Male,1957-02-26,sehgalanika@example.com,4932116847,Panihati,Delhi,India,2022-04-22,Bronze,True
2496,Eta,Jaggi,Female,2007-11-12,tataridhi@example.net,08509569584,Rampur,Karnataka,India,2023-11-11,Gold,True
2497,Jasmit,Parikh,Female,1987-04-27,sachdevajairaj@example.net,08240613232,New Delhi,Tamil Nadu,India,2024-06-06,Bronze,True
2498,Veer,Nair,Male,1997-07-24,bhavnaraj@example.net,05038088822,Unnao,Maharashtra,India,2025-07-11,Bronze,True
2499,Meghana,Lanka,Female,1956-03-09,kmitra@example.net,4552920068,Moradabad,West Bengal,India,2021-11-19,Bronze,True
2500,Naveen,Sant,Male,1976-12-20,ytailor@example.org,08135697196,Noida,Maharashtra,India,2023-02-20,Bronze,True
2501,Qasim,Srinivasan,Female,1957-03-09,gdugar@example.org,+916878477760,Bhopal,Maharashtra,India,2022-11-11,Silver,True
2502,Tarak,Bandi,Female,1976-12-04,girindra49@example.com,+919226794625,Udupi,West Bengal,India,2024-05-12,Silver,False
2503,Yutika,Dash,Female,1961-08-30,kotareva@example.org,2967385801,Barasat,Tamil Nadu,India,2024-03-26,Bronze,True
2504,Dayita,Kakar,Female,1968-06-28,shaurya55@example.net,0909777533,Bally,Rajasthan,India,2022-12-12,Bronze,False
2505,Umang,Saini,Male,1965-11-03,oscar71@example.org,0707099564,Agra,Delhi,India,2026-04-17,Bronze,True
2506,Libni,Dhar,Male,1969-05-01,jagate@example.com,03908488570,Tenali,West Bengal,India,2022-07-06,Silver,True
2507,Lakshmi,Sastry,Male,1999-04-24,mjohal@example.org,7369470872,Orai,Delhi,India,2021-10-03,Gold,True
2508,Ekiya,Kakar,Male,1974-04-22,sagarradha@example.org,7801954640,Gwalior,Tamil Nadu,India,2026-06-18,Bronze,True
2509,Alexander,Dara,Male,1968-03-21,qkara@example.net,03703058806,Vadodara,Rajasthan,India,2025-03-14,Bronze,True
2510,Yuvraj,Kumar,Female,1969-05-08,andrewmishra@example.net,1503222221,Shimoga,Tamil Nadu,India,2023-09-06,Silver,False
2511,Lakshmi,Kadakia,Male,2005-09-10,dkurian@example.org,03451255550,Jehanabad,Karnataka,India,2025-12-23,Bronze,True
2512,Reva,Pall,Female,1982-04-12,samarthmukhopadhyay@example.net,03262463686,Orai,Rajasthan,India,2023-07-10,Gold,True
2513,Vanya,Babu,Female,1993-06-17,wbaral@example.net,+913973383579,Ujjain,Gujarat,India,2026-04-04,Gold,True
2514,Chandresh,Deshpande,Male,1955-11-24,sethvyanjana@example.org,+914491236226,Rajpur Sonarpur,Gujarat,India,2025-07-03,Bronze,True
2515,Abdul,Sen,Male,1965-04-03,vinaya90@example.net,3144510989,Chapra,Rajasthan,India,2023-04-24,Gold,False
2516,Rehaan,Gole,Female,1974-07-13,periadvaith@example.org,09260772044,Gandhinagar,Karnataka,India,2022-04-20,Bronze,True
2517,Farhan,Din,Male,1960-08-16,usarna@example.net,0924229938,Udaipur,Gujarat,India,2023-07-17,Silver,True
2518,Jack,Bhagat,Male,2003-08-26,dkashyap@example.net,+917295551455,Jalgaon,Rajasthan,India,2021-08-12,Silver,True
2519,Zilmil,Murty,Male,2003-11-12,deepaparmar@example.org,09980294504,Bokaro,Delhi,India,2022-04-12,Silver,False
2520,Vasana,Wagle,Male,1970-09-12,yashvinadig@example.org,01526361197,Katihar,Maharashtra,India,2023-07-21,Bronze,True
2521,Zehaan,Kaur,Female,1957-02-19,lekha77@example.com,06473027095,Gulbarga,Gujarat,India,2024-05-03,Silver,True
2522,Kavya,Oommen,Male,1988-11-19,saneshivani@example.net,+915988753054,Miryalaguda,Maharashtra,India,2024-01-07,Bronze,False
2523,Neelima,Dar,Female,1960-08-04,yashvibutala@example.org,09013638734,Lucknow,Maharashtra,India,2022-11-18,Gold,False
2524,Abhiram,Chokshi,Female,1996-04-08,chavvi55@example.com,02000262751,Pudukkottai,Maharashtra,India,2024-07-21,Bronze,False
2525,Yutika,Singh,Male,1961-05-01,nagysanaya@example.org,4056081876,Bathinda,West Bengal,India,2023-08-22,Silver,True
2526,Harsh,Vig,Male,1991-11-06,benneel@example.com,9973814376,Bulandshahr,Rajasthan,India,2024-08-26,Gold,True
2527,Dayamai,Biswas,Female,1969-04-08,mohammedwalla@example.net,4858087688,Berhampore,Delhi,India,2022-12-03,Silver,True
2528,Aditya,Bhalla,Female,1972-09-23,indrajit04@example.net,01690920410,Junagadh,West Bengal,India,2025-05-27,Silver,True
2529,Luke,Goel,Male,1971-01-16,jchatterjee@example.com,+918463643439,Kolkata,West Bengal,India,2025-05-28,Platinum,True
2530,Mitali,Sangha,Female,1995-10-25,bhatishwar@example.net,05712394227,Motihari,West Bengal,India,2026-03-04,Silver,True
2531,Ranveer,Rama,Male,1960-06-06,gagansangha@example.net,+911657771421,Phagwara,West Bengal,India,2023-05-05,Bronze,True
2532,Gayathri,Kohli,Male,1978-11-29,siya79@example.net,+918069928521,Vijayanagaram,Maharashtra,India,2024-04-12,Bronze,True
2533,Wriddhish,Warrior,Male,1982-08-13,dhillonnaksh@example.com,8990761006,Siliguri,Delhi,India,2026-07-08,Silver,True
2534,Niharika,Narayan,Female,1966-03-12,kala79@example.com,03652369242,Durg,West Bengal,India,2021-11-07,Bronze,True
2535,Ayushman,Magar,Female,1991-11-08,idikachawla@example.net,2771898197,Suryapet,Gujarat,India,2021-12-23,Silver,True
2536,Oviya,Ratta,Male,1992-11-12,qasim31@example.org,+913412761355,Chapra,Gujarat,India,2022-10-11,Silver,True
2537,Neel,Rajagopal,Female,1958-07-12,somethan@example.com,08232579277,Siliguri,Tamil Nadu,India,2022-08-29,Bronze,True
2538,Vidhi,Gara,Female,1956-11-28,kotaekaja@example.org,1280549390,Cuttack,Maharashtra,India,2022-04-21,Bronze,True
2539,Nikita,Muni,Female,1971-12-08,lluthra@example.org,03982891420,Udupi,Delhi,India,2024-03-29,Bronze,True
2540,Chaitanya,Banerjee,Female,1960-10-15,tbuch@example.org,5282383693,Asansol,Rajasthan,India,2024-10-12,Platinum,False
2541,Osha,Yadav,Male,1991-12-24,asabharwal@example.net,05614504663,Pallavaram,Gujarat,India,2021-08-06,Silver,True
2542,Henry,Mistry,Female,2007-04-29,rchhabra@example.org,1354189202,Ulhasnagar,Uttar Pradesh,India,2022-07-13,Bronze,True
2543,Finn,Jayaraman,Male,2005-11-04,anthony08@example.net,9463588920,Darbhanga,Maharashtra,India,2024-02-23,Bronze,True
2544,Hitesh,Dalal,Male,1980-11-22,idika14@example.com,7815260324,Guna,Uttar Pradesh,India,2024-03-27,Silver,True
2545,Abhiram,Jani,Male,1981-08-12,jairaj13@example.net,+916009580650,Pune,Maharashtra,India,2026-02-28,Platinum,True
2546,Ishani,Chakraborty,Female,1997-10-12,benjaminghosh@example.org,04726805496,Mirzapur,Maharashtra,India,2025-08-28,Silver,True
2547,Girish,Natt,Male,1983-10-18,gardeoscar@example.net,04371601548,Pondicherry,Delhi,India,2023-02-09,Bronze,True
2548,Jai,Loke,Female,1974-05-14,pinglekaran@example.net,06159178409,Medininagar,Karnataka,India,2021-08-07,Silver,True
2549,Karan,Narang,Male,2002-07-05,adityakumer@example.com,+915865812086,Jehanabad,Rajasthan,India,2026-07-03,Silver,False
2550,Viraj,Sampath,Male,1998-02-13,peter36@example.com,+914154510426,Gudivada,West Bengal,India,2026-02-11,Gold,True
2551,Viraj,Mammen,Male,1972-08-11,jaggibarkha@example.org,00534821248,Rampur,Rajasthan,India,2021-08-30,Silver,True
2552,Vidhi,Mahal,Female,2003-09-10,badalikbal@example.org,03351821517,Hazaribagh,West Bengal,India,2026-07-20,Gold,True
2553,Caleb,Doctor,Female,1958-01-24,ayaan73@example.net,07133182490,Bally,Gujarat,India,2026-02-12,Silver,True
2554,Kashvi,Vasa,Female,1995-04-08,balibalveer@example.com,07031730496,Anantapuram,Maharashtra,India,2021-10-05,Bronze,True
2555,Turvi,Issac,Male,1972-12-16,laban83@example.com,4306082244,Rajahmundry,Karnataka,India,2022-02-24,Silver,True
2556,Aarnav,Bajwa,Female,1994-11-10,qsekhon@example.com,+915536389856,Singrauli,Delhi,India,2024-03-23,Bronze,True
2557,Wazir,Gour,Male,2005-10-05,lkhatri@example.net,09835386364,Ahmedabad,West Bengal,India,2022-03-10,Silver,True
2558,Benjamin,Chaudry,Male,1972-02-29,otank@example.org,09124351779,Pondicherry,Delhi,India,2023-02-09,Silver,False
2559,Anvi,Randhawa,Male,1968-06-01,edhithachar@example.com,02053998670,Sonipat,Maharashtra,India,2022-02-05,Silver,False
2560,Praneel,Dara,Female,1959-12-02,hiralcomar@example.com,4736054876,Malda,Gujarat,India,2025-09-17,Bronze,True
2561,Lopa,Dara,Male,2004-02-13,sibalchristopher@example.net,03731987657,Rewa,Rajasthan,India,2024-08-15,Bronze,True
2562,Ekiya,Bala,Male,1960-01-03,xjha@example.net,+918901870907,Mira-Bhayandar,Uttar Pradesh,India,2024-08-06,Bronze,True
2563,Laban,Bora,Male,1969-01-15,tchar@example.org,04593821658,Ghaziabad,Uttar Pradesh,India,2024-03-21,Silver,False
2564,Yashasvi,Sastry,Female,1959-09-07,hsachdev@example.net,2580447002,Munger,Karnataka,India,2023-04-08,Bronze,True
2565,Lila,Buch,Female,1986-12-03,jpal@example.org,09881110480,Haridwar,Uttar Pradesh,India,2022-08-22,Silver,False
2566,Wahab,Dewan,Female,1986-09-03,jeet49@example.org,+918390518428,Bihar Sharif,Delhi,India,2022-12-16,Silver,True
2567,Vansha,Chopra,Male,1955-12-17,eiravati21@example.org,+917671582317,Khammam,West Bengal,India,2024-03-11,Silver,True
2568,Chatura,Khatri,Female,2000-09-25,wishi22@example.com,+911961385457,Alappuzha,Gujarat,India,2023-03-16,Bronze,True
2569,Theodore,Nanda,Male,1978-12-23,luthracharvi@example.net,+915212406208,Bhiwandi,West Bengal,India,2024-07-11,Bronze,True
2570,Nachiket,Rai,Female,1982-03-03,saanvikrish@example.net,+916102830283,Kumbakonam,Delhi,India,2025-10-18,Gold,False
2571,Andrew,Lall,Male,1992-07-10,qpant@example.org,+919201520423,Medininagar,Tamil Nadu,India,2024-03-06,Bronze,True
2572,Vivaan,Nagy,Female,2000-06-09,gunbir76@example.net,+916303035496,Phusro,Karnataka,India,2024-09-16,Bronze,True
2573,Inaya,Dugar,Female,1990-11-08,vaidyavyanjana@example.org,9125371118,Davanagere,Maharashtra,India,2022-03-27,Silver,True
2574,Idika,Kanda,Male,1965-12-27,shroffkashvi@example.org,09554672337,Tezpur,West Bengal,India,2022-12-25,Gold,True
2575,Hitesh,Wali,Male,1997-07-17,usundaram@example.net,01680537544,Kalyan-Dombivli,West Bengal,India,2022-11-16,Silver,True
2576,Vyanjana,Bawa,Female,1973-04-23,chakradev28@example.org,06126203745,Chennai,Karnataka,India,2022-09-21,Bronze,True
2577,Urishilla,Bajaj,Male,2001-03-02,kashvimall@example.net,8938249003,Latur,Maharashtra,India,2024-04-11,Bronze,True
2578,Garima,Jain,Female,1989-01-01,eeshatoor@example.org,01989266954,Bulandshahr,West Bengal,India,2022-09-16,Silver,False
2579,Jai,Pant,Female,1990-08-03,virajpalan@example.org,+917058601140,Eluru,Uttar Pradesh,India,2022-09-06,Silver,True
2580,Nandini,Sha,Male,1996-03-08,omishagill@example.com,00573631159,Silchar,Tamil Nadu,India,2021-11-28,Gold,True
2581,Liam,Bora,Female,1996-02-08,pramaswamy@example.net,+913247422810,Raipur,West Bengal,India,2024-01-08,Bronze,True
2582,Yasti,Bahri,Female,1971-10-11,waliaahana@example.org,02486996355,Mathura,Karnataka,India,2022-10-01,Bronze,False
2583,Omaja,Morar,Female,1978-01-11,anagar@example.com,7521411747,Maheshtala,Maharashtra,India,2025-12-23,Silver,False
2584,Warinder,Trivedi,Female,1979-05-24,mpau@example.net,03393293041,Bhubaneswar,Rajasthan,India,2022-10-04,Bronze,True
2585,Abdul,Dalal,Male,1989-06-20,arinbuch@example.net,03049284369,Delhi,Maharashtra,India,2025-07-23,Gold,True
2586,Jeremiah,Ramakrishnan,Female,1997-09-19,samarth87@example.net,3090504613,Vadodara,Gujarat,India,2023-07-03,Silver,True
2587,Gaurangi,Bhalla,Male,1995-11-04,nisha81@example.net,03915477643,Chittoor,Rajasthan,India,2025-07-22,Bronze,True
2588,Edhitha,Parekh,Female,1959-02-14,nandajoshua@example.org,+912076120576,Durg,Gujarat,India,2021-12-08,Bronze,True
2589,Divya,Zacharia,Male,1981-04-06,dalaja54@example.net,+915266410040,Gorakhpur,Gujarat,India,2025-06-17,Gold,True
2590,Aarna,Bora,Male,2004-05-24,tataekani@example.net,+918932756700,Gandhinagar,Delhi,India,2026-01-01,Silver,True
2591,Bhavika,Dara,Male,1974-10-24,yastivenkatesh@example.com,+919269196289,Jorhat,Delhi,India,2022-07-24,Silver,True
2592,Lavanya,Menon,Male,1978-10-10,rishisahota@example.net,+916416604442,Jamshedpur,Maharashtra,India,2025-11-19,Platinum,True
2593,Netra,Sama,Male,1966-03-28,zsuri@example.com,+915900128681,Mirzapur,Uttar Pradesh,India,2026-02-09,Gold,True
2594,Abeer,Minhas,Female,1973-10-10,victorjhaveri@example.org,6921845082,Danapur,Delhi,India,2022-11-04,Bronze,False
2595,Girish,Dasgupta,Female,1975-08-08,chaudhryonkar@example.com,+911776381794,Kamarhati,Tamil Nadu,India,2026-05-10,Gold,True
2596,Vedant,Agrawal,Male,1973-01-20,parekhkashish@example.com,00073851574,Kanpur,Karnataka,India,2022-07-21,Bronze,False
2597,Dipta,Narang,Female,1977-06-17,andrew54@example.net,9204356067,Asansol,Gujarat,India,2022-05-13,Bronze,True
2598,Ekantika,Mital,Female,2004-10-02,tperi@example.net,+910600742580,Vadodara,Karnataka,India,2023-07-03,Platinum,True
2599,Bhanumati,Mann,Male,2005-11-22,wnayak@example.com,+914481733548,Aligarh,Karnataka,India,2026-07-08,Bronze,True
2600,Nidhi,Halder,Female,1963-08-27,goyalhemang@example.com,6493406508,Bikaner,Uttar Pradesh,India,2024-04-15,Silver,True
2601,Jeet,Saini,Female,1991-11-14,avni35@example.com,+914339206732,Hubli–Dharwad,Maharashtra,India,2022-04-03,Bronze,True
2602,Vasatika,Dass,Male,1970-03-14,lavanyakumar@example.net,04417100847,Faridabad,Maharashtra,India,2022-11-23,Gold,True
2603,Zinal,Som,Male,1976-03-25,upandit@example.com,+918066532096,Solapur,Tamil Nadu,India,2024-04-13,Silver,True
2604,Panini,Desai,Male,1971-02-04,harini99@example.com,4451848319,Raiganj,Gujarat,India,2025-02-07,Bronze,False
2605,Yash,Naik,Male,1978-10-13,dtaneja@example.org,2797642579,Ambattur,Uttar Pradesh,India,2025-06-22,Bronze,True
2606,Sai,Rajan,Male,1965-06-07,eta49@example.net,+910682612111,Chandrapur,Delhi,India,2022-04-21,Bronze,True
2607,Eshana,Sidhu,Female,1992-06-27,idika87@example.net,00222650269,Muzaffarpur,Delhi,India,2022-02-19,Silver,True
2608,Ria,Khatri,Female,1995-04-30,rdeshmukh@example.com,+916096561273,Nagaon,Gujarat,India,2023-10-20,Silver,True
2609,Chaaya,Panchal,Female,1995-01-15,siya93@example.org,07988793048,Chandrapur,Uttar Pradesh,India,2025-05-09,Silver,True
2610,Balendra,Banerjee,Female,1968-12-03,rnanda@example.org,3791853970,Bhiwandi,Delhi,India,2021-10-20,Gold,False
2611,Teerth,Mane,Female,1963-07-07,jhasamarth@example.org,3933344512,Hyderabad,West Bengal,India,2025-09-27,Silver,False
2612,Lavanya,Varma,Female,1966-01-11,settyleela@example.net,+915549210117,Phusro,Karnataka,India,2022-07-22,Bronze,True
2613,Balendra,Karpe,Female,2003-09-26,jacksongopal@example.net,08969031258,Jehanabad,Uttar Pradesh,India,2023-01-23,Bronze,False
2614,Abdul,Tara,Male,1989-08-28,shivanshdatta@example.com,7676123765,Narasaraopet,Tamil Nadu,India,2024-03-01,Bronze,True
2615,Zaitra,Thakkar,Male,1961-12-03,qkata@example.com,+914839760822,Jammu,Rajasthan,India,2021-09-19,Silver,True
2616,Kala,Barad,Female,1993-06-06,dashpooja@example.net,07918011169,Mysore,Uttar Pradesh,India,2024-08-28,Silver,True
2617,Aayush,Chawla,Male,1986-01-15,fkrishnamurthy@example.net,05376662166,Patiala,Gujarat,India,2024-08-06,Bronze,True
2618,Bhavna,Bedi,Female,1973-12-13,ajayaraman@example.com,00079286611,Jaipur,Maharashtra,India,2021-11-07,Silver,True
2619,Darpan,Murty,Female,1974-04-26,ishaan98@example.com,+911444064667,Bulandshahr,Rajasthan,India,2023-09-18,Bronze,False
2620,Hemal,Acharya,Female,1995-07-28,krishkibe@example.org,02116510540,Karimnagar,West Bengal,India,2026-04-24,Bronze,True
2621,Kavya,Varghese,Female,1998-04-03,xbumb@example.org,05153001327,Ratlam,Uttar Pradesh,India,2026-02-28,Silver,True
2622,Lohit,Vasa,Male,1960-06-12,ranaharinakshi@example.org,6740855540,Mathura,Gujarat,India,2025-05-24,Bronze,True
2623,Yash,Saxena,Male,1960-07-30,krishna83@example.org,01993306157,Dehri,Delhi,India,2021-10-26,Silver,True
2624,Anjali,Cherian,Female,1992-12-14,karanagarwal@example.com,04429320021,Amaravati,Tamil Nadu,India,2026-03-06,Silver,True
2625,Upkaar,Chandra,Male,1986-11-29,aravi@example.net,+916639913977,Sri Ganganagar,West Bengal,India,2021-11-11,Bronze,True
2626,Chavvi,Narayanan,Female,1986-10-06,gokhaleirya@example.com,+913958911606,Vasai-Virar,Karnataka,India,2026-01-13,Silver,True
2627,Krishna,Rama,Female,1994-06-28,xprabhakar@example.net,+911765353103,Etawah,Delhi,India,2021-11-25,Platinum,False
2628,Nandini,Narain,Male,2006-06-09,hvarma@example.org,3925707721,Siliguri,Gujarat,India,2022-01-17,Gold,True
2629,Upma,Kala,Female,1971-06-12,jai48@example.org,9352384081,Bareilly,West Bengal,India,2025-04-16,Bronze,True
2630,Zinal,Badal,Male,2003-08-16,anandimaran@example.com,6021823436,Aurangabad,Maharashtra,India,2023-08-13,Gold,True
2631,Meera,Gade,Female,1961-04-19,oommenisha@example.org,+919222191773,Nagpur,Uttar Pradesh,India,2026-07-27,Bronze,True
2632,Ekani,Tripathi,Female,1973-01-06,bimala34@example.com,9883666256,Bharatpur,Maharashtra,India,2025-04-12,Bronze,True
2633,Jairaj,Kurian,Male,1978-12-31,bkapur@example.net,01081800608,Visakhapatnam,Gujarat,India,2022-07-17,Silver,False
2634,Neel,Dash,Female,1973-05-29,chaayaupadhyay@example.com,5707404333,Bhusawal,Tamil Nadu,India,2024-02-06,Gold,True
2635,Anya,Savant,Male,2000-04-02,chaudharyvansha@example.net,06828274070,Rajkot,Karnataka,India,2025-02-22,Bronze,False
2636,Siya,Issac,Male,2003-09-27,tejas34@example.net,07382175741,Durgapur,Maharashtra,India,2023-11-20,Silver,True
2637,Harish,Mangal,Male,2005-08-01,lekhalall@example.com,3588974748,Chennai,West Bengal,India,2025-05-20,Bronze,True
2638,Bishakha,Ranganathan,Female,1988-10-19,hardikchand@example.net,02497831030,Kozhikode,West Bengal,India,2026-01-25,Silver,True
2639,Amrita,Dayal,Female,1989-12-31,umangpatla@example.com,+918910218616,Tinsukia,Gujarat,India,2024-02-14,Bronze,True
2640,Timothy,Parsa,Female,1978-08-15,gaurika95@example.com,04670249666,Chennai,Uttar Pradesh,India,2025-05-21,Bronze,False
2641,Yutika,Subramaniam,Male,1968-11-06,narulaupadhriti@example.net,04561461283,Nagercoil,Delhi,India,2025-01-27,Platinum,True
2642,Arunima,Sridhar,Female,1984-02-07,jaggivasatika@example.com,+917595512963,Jamshedpur,Gujarat,India,2021-11-21,Gold,True
2643,Finn,Kibe,Female,1968-06-01,jagarwal@example.org,+913588535120,Bikaner,Maharashtra,India,2024-06-03,Platinum,False
2644,Aahana,Sharma,Female,2006-07-27,samarissac@example.com,02177943175,Shivpuri,Karnataka,India,2025-03-11,Bronze,True
2645,Noah,Bhardwaj,Female,1960-01-07,gadejonathan@example.com,0253406329,Sri Ganganagar,Delhi,India,2025-02-14,Bronze,False
2646,Divya,Aurora,Male,1991-04-25,fchokshi@example.net,+918418477303,Bahraich,Gujarat,India,2024-02-06,Bronze,True
2647,Gavin,Majumdar,Male,1956-09-05,nsani@example.org,+916795301901,Kanpur,Tamil Nadu,India,2021-09-26,Bronze,False
2648,Neha,Krishnamurthy,Male,1980-11-01,advik05@example.com,09196812624,Khora ,Karnataka,India,2025-05-10,Bronze,False
2649,Lucky,Sule,Male,1998-03-24,ganga56@example.org,2654143005,Pallavaram,Maharashtra,India,2023-06-15,Silver,True
2650,Nathaniel,Nagarajan,Female,1974-04-08,wvasa@example.net,08120310892,Mirzapur,Gujarat,India,2025-12-28,Silver,True
2651,Tristan,Venkatesh,Male,1971-06-18,btank@example.com,00548837006,Shahjahanpur,Rajasthan,India,2024-05-16,Silver,False
2652,Nirja,Johal,Male,1977-03-12,fredericksani@example.net,0218232747,Mysore,Gujarat,India,2022-04-22,Silver,False
2653,Nitesh,Srinivasan,Female,1973-11-01,scontractor@example.net,04983810037,Secunderabad,Rajasthan,India,2023-12-18,Platinum,True
2654,Saumya,Rai,Female,1962-10-02,etaacharya@example.com,02189880982,Coimbatore,Uttar Pradesh,India,2025-07-26,Silver,True
2655,Oliver,Sankaran,Male,1987-11-04,sidhuguneet@example.com,04330813808,Dehri,West Bengal,India,2023-02-27,Silver,False
2656,Laksh,Guha,Male,1978-10-20,luckypalla@example.com,00500232457,Pondicherry,Maharashtra,India,2024-01-20,Bronze,True
2657,Edhitha,Prabhu,Male,1998-02-15,fkothari@example.com,+918280854064,Proddatur,Delhi,India,2024-12-20,Bronze,True
2658,Ridhi,Dada,Male,2008-06-22,kiaan33@example.org,06919683643,Navi Mumbai,West Bengal,India,2022-12-12,Bronze,False
2659,Ridhi,Prasad,Male,1994-03-10,priya53@example.com,+914674768958,Rewa,West Bengal,India,2022-03-04,Bronze,True
2660,Qasim,Bali,Male,1982-04-19,rajataraval@example.net,09591548069,Anantapuram,West Bengal,India,2024-04-17,Platinum,True
2661,Frederick,Shankar,Female,1964-09-05,badamifariq@example.org,8696554937,Bhubaneswar,Rajasthan,India,2025-06-07,Silver,True
2662,Yashodhara,Bedi,Male,1997-08-19,bhavikaganguly@example.org,1611583247,Malegaon,Gujarat,India,2023-10-27,Silver,True
2663,Bhavika,Sama,Female,1993-11-06,kiaan77@example.com,3494978790,Nizamabad,Gujarat,India,2022-04-06,Bronze,True
2664,Amol,Ravel,Female,1959-01-24,badamigaurav@example.net,9053305732,Thiruvananthapuram,Tamil Nadu,India,2024-01-10,Bronze,False
2665,Hemang,Naik,Male,1980-04-23,gangakulkarni@example.net,+916558060736,Kurnool,Rajasthan,India,2022-12-13,Bronze,True
2666,Veda,Thaker,Female,1955-09-28,falan08@example.net,00951994610,Unnao,Karnataka,India,2023-11-01,Platinum,True
2667,Niharika,Kari,Female,1971-07-21,rayaan21@example.org,3788951160,Chinsurah,Delhi,India,2021-08-21,Bronze,True
2668,Banjeet,Bir,Female,2000-05-11,yashica56@example.net,+912972799724,Mysore,Rajasthan,India,2023-12-09,Bronze,False
2669,Faraj,Prasad,Male,1980-03-03,januja16@example.org,09010241420,Bharatpur,Karnataka,India,2025-08-01,Bronze,True
2670,Farhan,Sani,Female,1977-10-19,yashasvibali@example.com,+916842712803,Ramagundam,Maharashtra,India,2024-09-20,Gold,True
2671,Mekhala,Goel,Female,1978-06-15,vihaanravel@example.com,4097274653,Suryapet,West Bengal,India,2021-08-14,Silver,True
2672,Tejas,Balan,Female,2008-02-25,banerjeeleena@example.org,+916411187600,Gopalpur,West Bengal,India,2021-08-01,Gold,True
2673,Ria,Krishnamurthy,Male,1985-01-08,ksastry@example.com,+910524933469,Malda,Tamil Nadu,India,2022-02-10,Bronze,True
2674,Arin,Buch,Female,1986-07-04,dsant@example.com,07307074288,Bihar Sharif,Tamil Nadu,India,2025-09-30,Bronze,True
2675,Krisha,Suri,Male,1982-12-15,yuvrajghose@example.net,+916549504467,Loni,West Bengal,India,2022-08-05,Bronze,True
2676,Yuvraj,Dash,Female,1963-01-01,sarthak34@example.net,+912837694644,Ahmednagar,Delhi,India,2024-02-14,Bronze,True
2677,Umang,Srinivasan,Male,1993-12-02,nathan08@example.net,1201710813,Vellore,Karnataka,India,2026-04-03,Gold,True
2678,Karan,Soman,Male,2007-12-16,calebsinha@example.net,+918595881370,Bhopal,Tamil Nadu,India,2025-01-19,Bronze,True
2679,Megha,Kadakia,Female,1969-01-02,damyantirandhawa@example.com,03204258748,Phusro,Karnataka,India,2025-11-18,Gold,True
2680,Jonathan,Buch,Male,1962-07-10,upathak@example.org,1848936936,Mysore,Uttar Pradesh,India,2023-08-01,Bronze,False
2681,Ethan,Cherian,Female,1974-01-11,cpalla@example.org,+915536428370,Bhatpara,Gujarat,India,2025-04-16,Silver,True
2682,Alka,Kant,Male,1967-10-06,zsathe@example.net,+913683966684,Kolkata,West Bengal,India,2023-12-19,Bronze,False
2683,Ranveer,Chauhan,Female,1996-03-26,vyanjana44@example.com,08735088286,Ujjain,Rajasthan,India,2025-08-28,Bronze,True
2684,Rehaan,Upadhyay,Male,1969-06-23,wsachdev@example.com,7644943177,Salem,Delhi,India,2022-09-07,Platinum,True
2685,Udyati,Sheth,Male,1973-01-15,fnair@example.com,3166009456,Chapra,West Bengal,India,2022-04-26,Silver,False
2686,Nakul,Natarajan,Female,1971-11-19,bbabu@example.com,01591321309,Agra,Karnataka,India,2023-09-24,Silver,False
2687,Nakul,Nigam,Female,1995-10-22,dsodhi@example.net,01410386504,Mangalore,Tamil Nadu,India,2024-08-31,Bronze,True
2688,Anmol,Rai,Female,1989-09-27,ibuch@example.com,5650181418,Bhatpara,Rajasthan,India,2022-11-01,Silver,True
2689,Champak,Sharaf,Male,1971-03-15,saneyahvi@example.org,+912675743255,Durg,West Bengal,India,2022-09-14,Bronze,True
2690,Nihal,Kamdar,Male,1981-03-09,jairaj00@example.org,+919095459577,Jamnagar,Uttar Pradesh,India,2025-04-30,Bronze,True
2691,Ekapad,Bhasin,Male,1990-03-23,thamananay@example.net,1659077646,Barasat,Gujarat,India,2023-02-08,Bronze,True
2692,Upasna,Choudhry,Female,1967-09-06,jai99@example.org,08305206955,Vijayanagaram,Maharashtra,India,2021-08-09,Silver,True
2693,Riya,Warrior,Female,2002-08-09,pranitacharya@example.org,07307804961,Karaikudi,Uttar Pradesh,India,2022-01-18,Bronze,True
2694,Odika,Zacharia,Female,1980-09-04,palanchampak@example.com,+910957623798,Lucknow,Maharashtra,India,2022-07-02,Platinum,True
2695,Januja,Sridhar,Female,1978-09-16,purishivani@example.com,0364407908,Delhi,Uttar Pradesh,India,2023-06-14,Bronze,False
2696,Nathan,Nagar,Male,1984-06-23,lgaba@example.com,+911571603952,Mathura,Maharashtra,India,2022-08-05,Bronze,True
2697,Zarna,Narasimhan,Male,1958-12-22,mukhopadhyayandrew@example.net,2090671195,Hosur,Tamil Nadu,India,2026-06-18,Bronze,True
2698,Lopa,Dey,Male,1984-10-15,paninimuni@example.com,05355259035,Panvel,Uttar Pradesh,India,2022-07-14,Silver,True
2699,Sarthak,Padmanabhan,Female,2007-08-28,upmapatil@example.org,+914522067975,Tirunelveli,Karnataka,India,2026-03-12,Gold,True
2700,Pooja,Chacko,Male,1981-02-14,arunima04@example.com,+919354167442,Orai,Maharashtra,India,2025-11-18,Bronze,True
2701,Omisha,Jhaveri,Male,1963-06-17,pallarayaan@example.net,01319293840,Medininagar,Rajasthan,India,2024-12-20,Silver,False
2702,Reyansh,Parsa,Female,1959-05-03,sdewan@example.net,9721863320,Pune,Maharashtra,India,2023-05-26,Bronze,True
2703,David,Basak,Female,1998-05-06,vsalvi@example.org,7722223567,Tirunelveli,Karnataka,India,2025-02-19,Bronze,True
2704,Radha,Dugal,Female,1989-03-28,tbuch@example.net,9671315713,Nellore,Delhi,India,2025-01-01,Silver,False
2705,Advay,Mukhopadhyay,Male,1984-09-25,raaginichadha@example.com,6649436345,Hazaribagh,Maharashtra,India,2023-01-22,Bronze,True
2706,Nakul,Keer,Male,1961-04-22,bhanumati21@example.net,+912001743078,Berhampur,Rajasthan,India,2026-03-15,Bronze,True
2707,Wakeeta,Reddy,Female,1986-01-09,aminhas@example.org,1924160769,Guwahati,Karnataka,India,2023-12-14,Bronze,True
2708,Kavya,Modi,Male,1982-09-05,warhi84@example.org,9735805172,Guwahati,Karnataka,India,2026-02-05,Bronze,True
2709,Yash,Kala,Male,1978-06-01,esami@example.net,8610578842,Bettiah,Maharashtra,India,2021-08-02,Bronze,True
2710,Kai,Nanda,Female,1968-08-21,kadesachi@example.com,+914107818140,Bhopal,Karnataka,India,2025-05-02,Gold,True
2711,Darika,Goswami,Female,2001-12-15,ansh66@example.com,3017654657,Munger,Delhi,India,2024-03-02,Silver,True
2712,Bhavika,Anand,Female,1985-04-14,anshbatra@example.org,08673443718,Patiala,Maharashtra,India,2024-03-21,Bronze,True
2713,Brijesh,Raj,Male,1971-12-04,hiral51@example.com,+911483901236,Jaunpur,Gujarat,India,2022-03-17,Bronze,True
2714,Jason,Mani,Female,2006-11-21,ppillay@example.net,3532514471,Mumbai,Delhi,India,2024-03-13,Gold,True
2715,Bhavika,Golla,Male,2003-01-13,venkateshsiddharth@example.com,7868503749,Ramagundam,Tamil Nadu,India,2023-07-10,Platinum,True
2716,Girik,Karnik,Female,1986-09-21,vivaan50@example.org,+916701386298,Maheshtala,Gujarat,India,2022-09-23,Bronze,True
2717,Bhanumati,Bala,Female,1983-09-05,daminikrishnamurthy@example.net,01763072827,Vadodara,Rajasthan,India,2024-03-05,Silver,False
2718,Bhavna,Nath,Male,1985-11-12,deyekantika@example.org,8820126491,Kolhapur,Maharashtra,India,2024-06-29,Gold,False
2719,Lila,Madan,Male,1998-04-10,dalalnitara@example.com,08059669971,Anantapur,Delhi,India,2022-08-01,Platinum,False
2720,Balhaar,Sangha,Female,1990-01-12,acharyagavin@example.com,05142914569,Moradabad,Gujarat,India,2026-06-09,Bronze,True
2721,Elijah,Padmanabhan,Male,1960-02-29,nidra52@example.net,4848141554,Darbhanga,Delhi,India,2023-03-11,Bronze,False
2722,Orinder,Loke,Female,1972-08-10,dpadmanabhan@example.org,+917568537020,Secunderabad,Maharashtra,India,2022-05-21,Gold,True
2723,Vasatika,Wason,Female,1990-08-11,bhavyapai@example.net,00818415660,Miryalaguda,Tamil Nadu,India,2025-06-25,Bronze,True
2724,Mason,Prasad,Female,1998-08-11,adora@example.com,07707674205,Malegaon,West Bengal,India,2023-01-26,Silver,True
2725,Vyanjana,Arora,Female,1975-04-12,radha93@example.org,1262507850,Bathinda,Karnataka,India,2026-03-31,Silver,True
2726,Aarini,Kothari,Male,1976-02-04,ayushman07@example.org,8078944504,Amaravati,West Bengal,India,2023-11-24,Bronze,True
2727,Hritik,Naidu,Male,1989-06-25,sandalzansi@example.com,+911200953852,Ozhukarai,Tamil Nadu,India,2023-01-12,Gold,True
2728,Rayaan,Bath,Male,1962-09-01,regegirik@example.net,06369021623,Bhagalpur,Uttar Pradesh,India,2024-03-15,Silver,True
2729,Tanveer,Walla,Female,2008-04-29,baljiwan23@example.org,+915636899073,Dharmavaram,Uttar Pradesh,India,2022-03-25,Silver,False
2730,Manbir,Morar,Female,2008-02-28,ymishra@example.org,2977619290,Miryalaguda,Uttar Pradesh,India,2024-04-03,Gold,True
2731,Vasana,Kala,Female,2001-11-16,dassjacob@example.net,07951288618,Amritsar,Rajasthan,India,2021-08-26,Bronze,False
2732,Gautam,Chaudhry,Female,1957-04-16,grewaldamyanti@example.net,08943268332,Amravati,Maharashtra,India,2024-11-26,Platinum,True
2733,Vasana,Deo,Male,1964-09-10,xavier67@example.com,03174975388,Jodhpur,West Bengal,India,2024-05-11,Bronze,True
2734,Aarush,Deep,Female,1978-10-29,esur@example.org,+916520169636,Malegaon,Maharashtra,India,2026-07-10,Bronze,True
2735,Victor,Sachdeva,Female,2000-12-05,bathjanya@example.net,7177922021,Shivpuri,Delhi,India,2026-06-28,Platinum,True
2736,Watika,Bakshi,Male,1994-11-07,aachal95@example.com,3123272609,Unnao,Rajasthan,India,2022-10-07,Silver,True
2737,Timothy,Kala,Male,2006-03-31,nimratsinghal@example.com,+914964012284,Rewa,Gujarat,India,2022-03-16,Silver,True
2738,Ekbal,Zacharia,Female,2001-09-21,shankarmanthan@example.com,+912689087112,Gorakhpur,Uttar Pradesh,India,2023-08-20,Bronze,False
2739,Veda,Batta,Male,1962-08-06,rachitbains@example.net,+910791919958,Bally,Tamil Nadu,India,2025-03-07,Bronze,True
2740,Deepa,Mohan,Female,1965-12-24,banand@example.org,+917237973501,Dhanbad,Gujarat,India,2026-01-22,Bronze,True
2741,Pavani,Lall,Male,2004-12-16,hnarayan@example.com,06369019890,Thrissur,West Bengal,India,2025-07-26,Bronze,True
2742,Joshua,Raghavan,Male,1995-08-25,viswanathanjonathan@example.org,09100546897,Dhule,Rajasthan,India,2025-01-25,Bronze,True
2743,Dayamai,Loke,Female,1994-01-02,advaith79@example.com,8544912679,Rajkot,Karnataka,India,2023-04-08,Bronze,False
2744,Pratyush,Devi,Male,1961-08-20,bahriradhika@example.org,02342608283,Loni,Uttar Pradesh,India,2024-04-21,Silver,False
2745,Sudiksha,Loke,Male,1993-01-03,madhavi55@example.com,8184887086,Salem,Karnataka,India,2021-10-31,Bronze,True
2746,Dalaja,Sethi,Male,1958-12-29,chanchal81@example.com,+910732902164,Asansol,West Bengal,India,2025-08-20,Silver,True
2747,Dev,Barman,Female,1965-01-24,ltank@example.org,1377720818,Ludhiana,West Bengal,India,2024-03-08,Silver,True
2748,Xiti,Issac,Female,1976-10-29,qushisha@example.org,+912020565222,Madanapalle,Maharashtra,India,2022-11-21,Bronze,True
2749,Frederick,Mangal,Male,2007-08-10,fmohan@example.com,06617405141,Satara,Rajasthan,India,2025-02-24,Bronze,True
2750,Dhriti,Reddy,Female,1998-06-29,iwalia@example.org,+917542386615,Varanasi,Karnataka,India,2023-10-24,Silver,True
2751,Christopher,Sangha,Female,1997-11-12,ucchal82@example.com,+918861102202,Fatehpur,Delhi,India,2021-08-18,Bronze,True
2752,Samar,Taneja,Female,1989-08-12,ekalingasubramaniam@example.net,07094470842,Hospet,Karnataka,India,2023-05-09,Bronze,True
2753,Januja,Chakraborty,Female,1989-01-30,btiwari@example.org,+916661614082,Morbi,Tamil Nadu,India,2022-11-03,Bronze,False
2754,Ridhi,Biswas,Female,1972-07-21,chadhatripti@example.com,+918494835899,Bihar Sharif,Maharashtra,India,2023-11-10,Bronze,False
2755,Pooja,Chaudhari,Male,1990-05-05,hemaniagarwal@example.com,+919566011695,Bellary,Tamil Nadu,India,2026-04-24,Bronze,True
2756,Ryan,Lalla,Female,1958-04-03,urege@example.net,+912721659917,Nangloi Jat,Karnataka,India,2025-05-04,Bronze,True
2757,Jagdish,Dora,Female,1959-11-04,teerth24@example.org,8970945465,Coimbatore,Maharashtra,India,2022-01-19,Bronze,True
2758,Edhitha,Dora,Female,1963-12-13,moresneha@example.net,+912172914599,Meerut,Uttar Pradesh,India,2023-01-09,Bronze,False
2759,Harinakshi,Shukla,Female,1981-04-13,vvohra@example.org,+919195301052,Sri Ganganagar,Maharashtra,India,2022-07-24,Bronze,True
2760,Advik,Nanda,Male,2000-08-03,akshay37@example.com,5421744335,Junagadh,Uttar Pradesh,India,2023-03-28,Silver,False
2761,Yatin,Palla,Female,1975-01-11,emangat@example.com,2951194058,Kamarhati,Rajasthan,India,2026-05-10,Bronze,True
2762,Harish,Batra,Female,1980-11-01,idikabala@example.org,06099775446,Machilipatnam,West Bengal,India,2022-06-28,Gold,True
2763,Chaitaly,Loke,Male,1957-03-02,ijayadugar@example.org,02617076878,Thiruvananthapuram,Maharashtra,India,2023-11-05,Bronze,True
2764,Divya,Kohli,Male,1970-03-12,sbora@example.org,+914293991897,Bareilly,Uttar Pradesh,India,2025-11-12,Bronze,False
2765,Amara,Bassi,Female,1959-08-26,eagate@example.com,+917359982985,Gwalior,Maharashtra,India,2022-10-12,Bronze,False
2766,Ishwar,Mahal,Female,1971-10-23,ebanik@example.org,3302181522,Fatehpur,Rajasthan,India,2023-08-25,Bronze,True
2767,Hitesh,Khare,Female,1957-05-16,sai87@example.net,+913102101392,Naihati,West Bengal,India,2022-10-11,Bronze,True
2768,Harinakshi,Venkatesh,Male,1986-12-10,anikasampath@example.net,00424322772,Ambala,Gujarat,India,2026-02-18,Bronze,True
2769,Vivaan,Kanda,Female,1991-03-19,oshatripathi@example.net,+912210397696,Gurgaon,Maharashtra,India,2025-07-24,Bronze,True
2770,Samaksh,Baria,Male,1962-07-19,zachariahvamakshi@example.com,02085611805,Rajahmundry,Karnataka,India,2026-02-17,Bronze,True
2771,Neelima,Char,Female,1985-07-08,ansh53@example.com,4852170501,Firozabad,Delhi,India,2022-01-22,Bronze,True
2772,Sneha,Dutt,Male,1970-09-14,rtak@example.org,+911559265565,New Delhi,Tamil Nadu,India,2021-10-19,Silver,False
2773,Janaki,Sharaf,Female,1985-03-17,kalabanik@example.com,06040762509,Delhi,Rajasthan,India,2025-09-08,Platinum,True
2774,Gauri,Doshi,Female,1958-05-14,usinghal@example.com,+919410066817,Mehsana,Maharashtra,India,2022-06-08,Bronze,True
2775,Advaith,Halder,Male,1973-06-07,charan32@example.org,03175480511,Mangalore,Tamil Nadu,India,2026-03-01,Silver,True
2776,Theodore,Natt,Female,1959-12-12,mohantynachiket@example.org,00961598730,Mango,Karnataka,India,2021-12-28,Bronze,True
2777,Mekhala,Lala,Female,1979-09-10,eacharya@example.net,+912837946812,Akola,West Bengal,India,2022-06-01,Bronze,True
2778,Varenya,Yadav,Male,1986-01-01,wchopra@example.com,6407603403,Kalyan-Dombivli,West Bengal,India,2025-12-11,Platinum,True
2779,Sachi,Mand,Female,1984-04-30,gavinsolanki@example.org,08309275469,Miryalaguda,Gujarat,India,2023-11-15,Silver,True
2780,Manya,Barman,Male,1965-10-17,aayushminhas@example.net,+912489220042,Kota,Rajasthan,India,2023-10-13,Silver,True
2781,Jai,Chakrabarti,Female,1979-03-18,choudhrytanmayi@example.org,00422120098,Bhalswa Jahangir Pur,Gujarat,India,2024-09-06,Silver,True
2782,Hemangini,Bose,Female,2004-12-14,edutta@example.org,1025077296,Uluberia,Maharashtra,India,2021-09-20,Silver,True
2783,Vivaan,Kulkarni,Female,1987-02-11,aarinisrinivasan@example.net,00989052258,Fatehpur,Gujarat,India,2024-09-14,Bronze,True
2784,Harish,Sandal,Male,1972-07-18,sara71@example.com,6331947624,Chandigarh,West Bengal,India,2026-03-03,Silver,True
2785,Orinder,Deep,Female,1999-12-05,trai@example.net,06031108062,Bhind,Uttar Pradesh,India,2023-01-05,Silver,True
2786,Advik,Sundaram,Male,1984-06-23,dinvincent@example.org,03410762276,Anantapuram,Delhi,India,2021-12-24,Bronze,True
2787,Sai,Goswami,Male,1958-11-13,fpalla@example.com,+917376790707,Hapur,Karnataka,India,2021-10-08,Silver,False
2788,Krish,Bhatti,Female,1978-09-13,zbahl@example.org,9845745152,Bardhaman,Rajasthan,India,2025-08-23,Silver,False
2789,Mason,Chacko,Male,2000-02-24,tsuri@example.com,4235749610,Jamalpur,Rajasthan,India,2025-05-18,Bronze,True
2790,Falak,Sharma,Female,1997-05-18,udyatijhaveri@example.net,+918598260342,Nandyal,Tamil Nadu,India,2025-04-26,Bronze,False
2791,Adya,Bumb,Male,1976-12-18,rachitamajumdar@example.org,+916478599029,Kollam,Tamil Nadu,India,2023-09-15,Silver,True
2792,Gopal,Ratta,Female,1980-03-15,pandyahemang@example.org,+910294706726,Nagpur,Maharashtra,India,2025-08-30,Silver,True
2793,Mohammed,Ganguly,Female,1981-07-19,yatan93@example.com,01396877606,Mahbubnagar,Rajasthan,India,2024-01-14,Bronze,True
2794,Jason,Chakrabarti,Female,1975-08-26,cheemaluke@example.com,4066267474,Thiruvananthapuram,Gujarat,India,2024-11-28,Silver,False
2795,Andrew,Mandal,Female,1979-01-19,keerprisha@example.org,+911705621579,Phusro,Maharashtra,India,2021-11-25,Bronze,True
2796,Warinder,Wable,Female,1979-02-06,radhikabawa@example.org,+914515180800,Bhind,West Bengal,India,2023-12-14,Bronze,True
2797,Lajita,Chakraborty,Female,2005-02-27,dakshchana@example.net,04481500513,Hajipur,Uttar Pradesh,India,2026-02-25,Platinum,False
2798,Ethan,Kalita,Male,1984-07-17,gpandey@example.org,08241113583,Anantapuram,West Bengal,India,2025-11-10,Silver,True
2799,Yoshita,Chad,Male,1979-03-05,janne@example.net,+919162894544,Nashik,West Bengal,India,2022-10-17,Bronze,True
2800,Vedika,Lalla,Female,1985-07-16,dominic60@example.org,6280982329,Kolkata,Tamil Nadu,India,2024-06-11,Gold,False
2801,Anthony,Deshmukh,Female,1972-09-23,ozatanish@example.com,+916798150069,Rourkela,Rajasthan,India,2021-08-02,Silver,False
2802,Eshana,Jhaveri,Female,2002-09-07,battanirja@example.com,02724847755,Chandrapur,Rajasthan,India,2026-04-03,Silver,True
2803,Om,Bera,Female,1972-05-29,jananipau@example.com,05883430931,Saharsa,West Bengal,India,2022-09-24,Bronze,False
2804,Shaurya,Karan,Female,1971-05-09,varenya06@example.com,+918212277675,Pimpri-Chinchwad,Uttar Pradesh,India,2023-04-02,Bronze,False
2805,Lipika,Parsa,Male,1993-09-23,ubalasubramanian@example.net,+915248745445,Narasaraopet,Tamil Nadu,India,2025-03-01,Bronze,True
2806,Meghana,Ben,Female,2003-07-08,gabareyansh@example.org,+910881786938,Katni,Uttar Pradesh,India,2021-11-11,Silver,True
2807,Jason,Chhabra,Female,1997-10-29,bhaktamason@example.com,+916504042340,Panihati,West Bengal,India,2026-02-06,Platinum,False
2808,Saumya,Date,Male,1995-01-26,hardikmorar@example.com,8465209303,Sultan Pur Majra,Maharashtra,India,2024-05-10,Silver,True
2809,Orinder,Nazareth,Male,1978-12-18,timothy04@example.com,2925472460,Bhatpara,West Bengal,India,2026-02-24,Gold,True
2810,Devansh,Chad,Male,2004-09-24,keerjairaj@example.com,00285367915,Vijayawada,Tamil Nadu,India,2025-03-31,Silver,False
2811,Peter,Prabhakar,Male,1992-05-28,pallarajeshri@example.net,0554345124,Hospet,Rajasthan,India,2022-07-21,Bronze,False
2812,Henry,Pandya,Male,1957-04-06,vthakur@example.net,4779356369,Agartala,Tamil Nadu,India,2022-05-25,Bronze,True
2813,Ojasvi,Subramanian,Male,1955-10-31,crout@example.org,5026383333,Vasai-Virar,Uttar Pradesh,India,2025-11-03,Gold,True
2814,Nakul,Butala,Female,2006-10-05,ojasvisachdeva@example.org,+912572627882,Mango,Tamil Nadu,India,2025-03-28,Bronze,True
2815,Devika,Khanna,Male,1985-10-09,parthwali@example.net,0225154603,Kalyan-Dombivli,Uttar Pradesh,India,2022-04-03,Bronze,False
2816,Balendra,Chaudhry,Male,1978-07-14,uppalniharika@example.com,+919765313730,Berhampur,Tamil Nadu,India,2021-10-16,Platinum,True
2817,Keya,Suri,Female,1966-01-09,boasewakeeta@example.net,04941962637,Bhilai,Tamil Nadu,India,2024-02-11,Bronze,True
2818,Viraj,Hayer,Male,1974-05-23,liam07@example.com,08826057495,Ghaziabad,Maharashtra,India,2025-05-07,Silver,False
2819,Imaran,Ratta,Female,1999-01-15,shenoyodika@example.com,05471517617,Jamalpur,West Bengal,India,2023-07-18,Bronze,False
2820,Ekantika,Dhaliwal,Female,1967-10-23,ideol@example.net,+917290213317,Rampur,Karnataka,India,2022-09-10,Silver,True
2821,Jeet,Sarin,Female,1995-11-01,ishanvi01@example.org,09395687570,Raichur,Uttar Pradesh,India,2023-10-06,Gold,True
2822,Lohit,Chanda,Female,1998-11-17,nitara71@example.com,+917054148013,Kharagpur,West Bengal,India,2024-02-11,Gold,True
2823,Kalpit,Sridhar,Female,1959-08-10,bborah@example.net,3867849803,Medininagar,West Bengal,India,2024-08-26,Silver,False
2824,Hemal,Shan,Female,1988-12-10,patlagirindra@example.net,+913944926446,Kavali,Karnataka,India,2022-06-13,Bronze,True
2825,Isaiah,Raja,Male,1973-10-17,samarbiswas@example.net,2078169768,Jalgaon,Tamil Nadu,India,2026-07-13,Bronze,True
2826,Aayush,Hari,Male,1985-12-14,zashil37@example.com,+910566454488,Khandwa,Delhi,India,2021-10-24,Silver,True
2827,Bhavna,Lad,Female,1995-11-20,anita56@example.net,5470729442,Nashik,Karnataka,India,2023-09-25,Bronze,True
2828,Ranbir,Chadha,Female,1960-09-20,darpan44@example.net,5015694118,Tirunelveli,Uttar Pradesh,India,2022-11-06,Silver,True
2829,Yashasvi,Pandey,Female,1981-10-06,chaitanyagrewal@example.org,8989453020,Karaikudi,Gujarat,India,2022-05-25,Silver,True
2830,Kabir,Saxena,Female,1975-04-20,darika79@example.net,+910105053980,Motihari,Gujarat,India,2023-07-05,Silver,True
2831,Agastya,Vaidya,Male,1966-11-16,hbaral@example.com,1273842689,Moradabad,Tamil Nadu,India,2026-01-25,Silver,True
2832,Krishna,Kumer,Male,1982-03-20,tamannachandra@example.com,+916181068492,Bulandshahr,Rajasthan,India,2022-05-12,Silver,True
2833,Chaitanya,Kalla,Female,2002-04-30,boasepranav@example.net,07158852386,Madanapalle,Tamil Nadu,India,2024-04-05,Silver,True
2834,Osha,Purohit,Female,1988-08-08,ybabu@example.org,+913443561189,Nanded,Uttar Pradesh,India,2021-08-28,Silver,True
2835,Vrinda,Soni,Male,1994-12-26,suhani14@example.org,05561571568,Nellore,Tamil Nadu,India,2024-12-15,Silver,False
2836,Rajeshri,Sibal,Female,1956-04-15,bhandarihardik@example.com,+911926036113,Hosur,Delhi,India,2024-12-14,Bronze,True
2837,Sanya,Bora,Female,1980-06-13,zinalchaudhari@example.net,+911447505395,Sonipat,Tamil Nadu,India,2024-11-16,Silver,True
2838,Mitali,Bhatt,Female,1997-07-20,madankabir@example.com,01450653758,Aurangabad,West Bengal,India,2025-07-24,Bronze,True
2839,Xiti,Kalita,Female,1996-12-08,rishithaker@example.org,07151262586,Madurai,Tamil Nadu,India,2022-05-10,Silver,True
2840,Chandran,Rajan,Female,1983-06-05,radhika29@example.org,03681741519,Loni,West Bengal,India,2026-07-21,Gold,False
2841,Omkaar,Kar,Male,1982-05-28,mdhar@example.org,08545826671,Shimoga,Uttar Pradesh,India,2026-05-05,Bronze,False
2842,Aarna,Mandal,Male,1978-07-29,banikfarhan@example.net,+911266207770,Ambattur,Karnataka,India,2022-04-22,Bronze,True
2843,Gavin,Raval,Male,1991-04-05,ayaan55@example.com,7725988256,Kollam,Delhi,India,2023-12-26,Bronze,True
2844,Chasmum,Chokshi,Male,1990-04-14,balvansanghvi@example.com,04710749804,Hapur,Rajasthan,India,2025-12-22,Bronze,True
2845,Prisha,Verma,Male,1964-09-19,rohangoda@example.com,5181451747,Serampore,Delhi,India,2024-06-20,Bronze,True
2846,Max,Wason,Female,1987-05-25,eshanalanka@example.org,1554170158,Aurangabad,Karnataka,India,2021-09-28,Platinum,True
2847,Ekaraj,Patla,Female,2002-12-27,warhi92@example.net,06751363124,Hindupur,Karnataka,India,2023-08-02,Platinum,True
2848,Lekha,Chanda,Female,2000-02-22,bhavika38@example.org,2483564026,Meerut,Delhi,India,2025-09-18,Bronze,True
2849,Jalsa,Sharma,Male,1998-07-15,kalasanya@example.com,07065822253,Hapur,Delhi,India,2025-11-06,Silver,False
2850,Quincy,Ramesh,Male,1980-03-25,wazir51@example.net,07524496915,Hajipur,Maharashtra,India,2023-04-03,Platinum,True
2851,Bhanumati,Kashyap,Female,1986-07-19,sameshdeep@example.org,4291239438,Haldia,Karnataka,India,2023-04-27,Silver,True
2852,Chakrika,Sem,Male,1970-02-21,parsadiya@example.net,+914576799850,Sambalpur,Gujarat,India,2026-01-19,Bronze,True
2853,Gopal,Batra,Male,1973-11-09,varughesekrishna@example.net,01409313648,Satara,Uttar Pradesh,India,2025-09-01,Bronze,True
2854,Harrison,Loyal,Female,1969-10-04,udyatiraj@example.com,+913781828660,Satara,Karnataka,India,2025-03-14,Bronze,True
2855,Sanaya,Dash,Female,1999-07-09,sathvik26@example.net,4450141951,Gandhidham,Karnataka,India,2024-05-09,Bronze,True
2856,Warjas,Vaidya,Male,2001-07-08,ekanisankar@example.org,02527715454,Thoothukudi,Uttar Pradesh,India,2022-08-27,Bronze,True
2857,Yug,Raghavan,Female,1956-07-06,jswamy@example.org,+918476958411,Ghaziabad,Karnataka,India,2026-07-21,Silver,False
2858,Yashvi,Hans,Male,1975-04-30,ikbal32@example.org,00532236830,Ambattur,Uttar Pradesh,India,2022-08-07,Platinum,True
2859,Hemangini,Borde,Female,1956-05-21,yoshitabhardwaj@example.net,2608555589,Chinsurah,Gujarat,India,2024-06-07,Bronze,True
2860,Chandresh,Bobal,Female,2007-02-02,dharchampak@example.com,+913431701669,Gandhidham,Uttar Pradesh,India,2023-07-22,Silver,True
2861,Girik,Choudhry,Female,1961-07-31,bmaharaj@example.org,+916121414304,Satna,Delhi,India,2022-10-06,Bronze,True
2862,Ekantika,Chaudhari,Female,1967-07-12,dakshjani@example.org,06746257326,Rourkela,Karnataka,India,2025-09-12,Platinum,True
2863,Bhanumati,Sandal,Female,1990-12-23,saxenawriddhish@example.org,+919846530321,Saharsa,Maharashtra,India,2022-08-30,Bronze,False
2864,Lakshit,Nayar,Female,1960-07-05,indrajitbir@example.net,7321530479,Bihar Sharif,Tamil Nadu,India,2026-02-03,Bronze,False
2865,Hamsini,Shankar,Female,1994-05-15,mekhala07@example.org,+916152434717,Tenali,Karnataka,India,2025-08-19,Gold,False
2866,Pavani,Prabhakar,Female,1992-06-07,ibora@example.org,6149092210,Barasat,Tamil Nadu,India,2024-12-25,Bronze,True
2867,Caleb,Tara,Male,1988-09-15,ishanvikoshy@example.com,+919993666041,Rewa,Delhi,India,2025-11-22,Bronze,True
2868,Vincent,Badami,Female,1991-02-23,zilmil61@example.com,2241563113,Gorakhpur,Uttar Pradesh,India,2026-05-25,Bronze,True
2869,Charan,Chakrabarti,Male,1996-05-12,shaazaan@example.net,+916115816136,Gandhinagar,Tamil Nadu,India,2025-05-02,Bronze,True
2870,Eesha,Thaker,Female,1975-05-02,jyoti04@example.org,+919088812838,Nadiad,Tamil Nadu,India,2022-12-29,Gold,True
2871,Vritti,Bains,Female,1975-01-11,singhalekta@example.net,+915890559732,Dehradun,Uttar Pradesh,India,2023-06-16,Silver,False
2872,Brijesh,Kapoor,Female,1957-03-14,vasanaranganathan@example.org,+912370156574,Serampore,Delhi,India,2023-10-17,Gold,False
2873,Thomas,Sane,Female,1998-11-03,udhar@example.org,06011328221,Guna,Rajasthan,India,2026-07-03,Bronze,True
2874,Parth,Tata,Female,1995-10-27,gbutala@example.org,06580108043,Nashik,Rajasthan,India,2022-07-14,Bronze,False
2875,Arjun,Sur,Female,1966-01-17,masonmittal@example.net,09280483310,Serampore,West Bengal,India,2022-08-11,Bronze,False
2876,Isaiah,Bal,Male,1961-11-04,rbabu@example.com,6532678564,Bally,West Bengal,India,2021-11-30,Bronze,True
2877,Victor,Sama,Female,1984-11-14,munitamanna@example.org,5955821055,Tinsukia,Gujarat,India,2022-12-29,Bronze,True
2878,Kabir,Shroff,Male,1997-06-03,ubika24@example.org,+915076599542,Meerut,Gujarat,India,2025-11-09,Bronze,True
2879,Isaac,Kamdar,Male,1971-07-13,anjali39@example.org,03352842238,Saharanpur,Rajasthan,India,2022-01-31,Bronze,False
2880,Ekaja,Cheema,Female,1997-05-05,samar21@example.org,+911451462301,Asansol,Delhi,India,2022-06-05,Silver,False
2881,Zayyan,Virk,Female,2000-06-02,nisha11@example.net,04702191646,Bellary,Karnataka,India,2025-08-28,Bronze,True
2882,Dipta,Deo,Female,1966-04-20,nayarliam@example.org,+912455114266,Satara,Uttar Pradesh,India,2024-12-20,Gold,False
2883,Falan,Taneja,Male,1983-09-10,zmander@example.org,2855450023,Raebareli,West Bengal,India,2026-01-17,Silver,False
2884,Luke,Peri,Male,1973-02-04,nsant@example.net,08075339594,Tirunelveli,Gujarat,India,2025-08-16,Platinum,False
2885,Hitesh,Wadhwa,Male,2003-07-16,atharv90@example.org,+911055373428,Mathura,Karnataka,India,2022-07-19,Bronze,True
2886,Ekalinga,Dube,Female,1966-05-11,arunima18@example.com,+919152920647,Tiruppur,Rajasthan,India,2023-10-20,Bronze,True
2887,Unnati,Soman,Male,1959-06-24,suhanitank@example.com,+919543281078,Howrah,Uttar Pradesh,India,2024-01-28,Bronze,True
2888,Anjali,Chandran,Female,1964-10-02,qbhargava@example.com,8520181069,Mysore,West Bengal,India,2023-01-06,Gold,True
2889,Daksha,Sane,Female,1986-07-05,raiirya@example.org,03557949084,Morbi,Delhi,India,2021-09-28,Silver,False
2890,Ishita,Malhotra,Male,1974-09-24,ayushpanchal@example.org,+918036386832,Kurnool,Rajasthan,India,2026-02-10,Silver,True
2891,Hamsini,Vyas,Female,1959-10-09,lbasu@example.net,+916083185333,Karaikudi,Maharashtra,India,2025-03-13,Bronze,True
2892,Luke,Sekhon,Female,1976-07-17,fwason@example.org,6732375570,Kurnool,Rajasthan,India,2022-04-27,Gold,False
2893,Sudiksha,Lad,Male,1957-03-11,gulatilohit@example.net,6812223000,Mumbai,Tamil Nadu,India,2023-12-13,Bronze,True
2894,Vivaan,Bajwa,Female,1990-10-05,dugaryashawini@example.net,+916187762166,Arrah,Rajasthan,India,2023-05-24,Bronze,True
2895,Omaja,Pillai,Female,1984-07-31,dhriti94@example.com,04941242224,Katni,Maharashtra,India,2022-10-18,Bronze,False
2896,Dalaja,Chowdhury,Female,1990-08-17,kanne@example.org,+914674492433,Panipat,West Bengal,India,2025-11-28,Gold,True
2897,Abeer,Wagle,Male,2004-07-01,madanyuvraj@example.com,07902668107,Vasai-Virar,Rajasthan,India,2026-03-01,Bronze,False
2898,Lavanya,Dhar,Male,1995-01-22,iryaiyengar@example.com,06952710834,Hospet,Rajasthan,India,2022-08-02,Silver,False
2899,Ronith,Ram,Female,1985-10-03,hkar@example.net,04174530998,Dhanbad,Rajasthan,India,2024-04-29,Silver,True
2900,Krishna,Sehgal,Male,1964-07-30,dnarula@example.org,7996355827,Tezpur,Karnataka,India,2024-01-03,Silver,True
2901,Laksh,Thaman,Female,1970-04-27,champakghosh@example.net,6067722629,Kamarhati,Delhi,India,2025-02-19,Silver,False
2902,Bishakha,Sant,Female,2003-06-08,pallavi77@example.com,+917039575645,Haridwar,Uttar Pradesh,India,2024-11-06,Bronze,True
2903,Aashi,Bhatti,Female,1994-09-23,ssalvi@example.org,07041504463,Kota,Karnataka,India,2026-06-17,Bronze,True
2904,Yuvraj,Karan,Female,1987-12-25,bahadurjitmall@example.com,03992023949,Mango,West Bengal,India,2022-12-27,Gold,False
2905,Zehaan,Prakash,Female,2005-01-25,radharajan@example.org,08624512165,Jammu,Maharashtra,India,2026-04-26,Silver,False
2906,Faris,Kara,Male,1990-10-14,noah13@example.net,+914401062622,Siwan,Maharashtra,India,2025-06-29,Bronze,False
2907,Jacob,Tiwari,Male,2004-03-02,rnarain@example.net,01661020794,Ambattur,Gujarat,India,2025-03-02,Gold,True
2908,Advika,Koshy,Female,1973-01-24,kavya97@example.com,00347064012,Gopalpur,Delhi,India,2023-04-19,Silver,True
2909,Dalaja,Srinivasan,Male,1988-04-30,janaki61@example.com,2596573619,Mahbubnagar,Delhi,India,2022-01-22,Silver,True
2910,Ati,Bandi,Female,1982-03-02,harrison47@example.org,4845867466,Bilaspur,Tamil Nadu,India,2022-01-03,Bronze,True
2911,Qasim,Ravi,Male,1997-03-30,yashodhara30@example.com,6225073785,Karawal Nagar,Rajasthan,India,2023-09-27,Platinum,True
2912,Banjeet,Patla,Female,2006-02-21,shivanshgupta@example.com,03638367361,Tirupati,Delhi,India,2022-02-18,Silver,True
2913,Eiravati,Doctor,Female,1987-01-17,pratyush12@example.com,+917548525393,Jorhat,Tamil Nadu,India,2025-05-05,Bronze,True
2914,Veda,Shetty,Male,1965-02-05,prabhumaya@example.com,+911803004194,Howrah,Delhi,India,2025-04-22,Silver,True
2915,Chaaya,Dugar,Male,1961-07-21,wardagoswami@example.net,2960385951,Navi Mumbai,Uttar Pradesh,India,2026-05-20,Bronze,False
2916,Krish,Ramachandran,Male,1998-09-10,cloke@example.net,+913480010052,Sri Ganganagar,Uttar Pradesh,India,2023-04-30,Gold,True
2917,Chakradev,Kumer,Female,1995-04-18,jluthra@example.com,4929769743,Guwahati,Maharashtra,India,2026-05-11,Bronze,False
2918,Yatan,Keer,Male,1986-10-09,mnair@example.org,02281723336,Coimbatore,Delhi,India,2022-05-28,Silver,True
2919,Patrick,Pall,Male,2006-06-19,eesha60@example.com,3728459866,Jammu,Tamil Nadu,India,2023-07-24,Silver,True
2920,Harinakshi,More,Male,2002-04-24,fraghavan@example.net,+913230469871,Narasaraopet,Delhi,India,2022-08-02,Bronze,False
2921,Isha,Dada,Female,2001-01-20,upatel@example.com,0323303316,Mira-Bhayandar,Rajasthan,India,2023-07-05,Bronze,True
2922,Turvi,Narula,Male,1990-09-01,sbanerjee@example.net,1987252829,Kakinada,Rajasthan,India,2025-10-26,Bronze,True
2923,Dhriti,Morar,Female,1990-11-17,yochanabhasin@example.org,+913346816803,Rajpur Sonarpur,Maharashtra,India,2023-05-20,Bronze,False
2924,Damini,Virk,Female,1974-09-10,tgour@example.org,02758036935,Guntakal,Karnataka,India,2024-11-06,Bronze,True
2925,Kabir,Kata,Male,1985-03-02,aradhanakadakia@example.org,07040428000,Ballia,West Bengal,India,2023-01-05,Gold,True
2926,Eiravati,Verma,Male,1969-05-27,psetty@example.com,0378927627,Anand,Karnataka,India,2023-08-25,Silver,False
2927,Yashawini,Kulkarni,Female,1982-01-15,advaithgarde@example.net,08004235799,Varanasi,Maharashtra,India,2024-01-29,Platinum,True
2928,Harsh,Sampath,Female,1998-01-15,lbakshi@example.com,3413976931,Dibrugarh,Maharashtra,India,2023-02-07,Bronze,True
2929,Anita,Singh,Male,1972-01-22,tagarwal@example.com,00849616135,Jhansi,Maharashtra,India,2024-06-28,Bronze,True
2930,Tara,Kapoor,Male,1970-03-14,ayaanchad@example.org,0652323533,Visakhapatnam,Uttar Pradesh,India,2026-06-08,Silver,True
2931,Bhavika,Oza,Male,1997-01-22,ramanathanchanchal@example.net,6034603878,Tumkur,Gujarat,India,2022-07-04,Bronze,False
2932,Dalbir,Devi,Male,2002-02-27,parekhkeya@example.com,+912537291917,Karimnagar,West Bengal,India,2023-05-19,Bronze,True
2933,Tanay,Subramaniam,Male,1962-10-17,andrewrastogi@example.org,05699981701,Ulhasnagar,Rajasthan,India,2023-07-12,Gold,True
2934,Aishani,Kara,Male,1964-05-06,ishani64@example.net,6161898374,Jabalpur,Maharashtra,India,2022-04-16,Bronze,True
2935,Diya,Nagarajan,Female,1981-02-16,henrykibe@example.com,2226241892,Nagaon,Rajasthan,India,2024-05-30,Gold,True
2936,Anita,Arya,Female,1995-08-14,chanderabeer@example.net,06270076387,Panvel,Maharashtra,India,2022-12-01,Silver,True
2937,Madhavi,Mahajan,Male,1988-01-10,gzachariah@example.net,+914650507607,Raichur,Uttar Pradesh,India,2021-11-21,Bronze,True
2938,Qabil,Nagarajan,Female,1997-09-15,tmadan@example.org,5223814104,Patiala,Maharashtra,India,2023-12-24,Silver,True
2939,Ekavir,Mital,Male,1994-07-11,yatan87@example.com,8423638647,Gorakhpur,Karnataka,India,2025-10-03,Bronze,True
2940,Kashish,Purohit,Male,2000-07-12,peterbalan@example.com,00901000815,Farrukhabad,West Bengal,India,2025-10-19,Platinum,True
2941,Qadim,Rajagopalan,Female,1999-11-07,asant@example.org,+914563883468,Kishanganj,Uttar Pradesh,India,2023-03-28,Platinum,False
2942,Siya,Cherian,Male,1968-05-05,tanvigrover@example.com,2185047590,Kadapa,Maharashtra,India,2024-09-20,Bronze,False
2943,Yagnesh,Suresh,Female,1996-06-20,jacobtata@example.com,05984560044,Pondicherry,Tamil Nadu,India,2022-04-20,Bronze,True
2944,Neel,Pandey,Male,1995-02-22,ftoor@example.com,00075515000,Kamarhati,Uttar Pradesh,India,2021-09-03,Bronze,True
2945,Abhiram,Balasubramanian,Male,1990-08-03,kashyapmegha@example.com,05394276833,Hapur,Delhi,India,2023-09-21,Silver,True
2946,Yug,Parsa,Male,1956-12-25,raghav94@example.org,04866262510,Bahraich,Karnataka,India,2024-06-18,Silver,False
2947,Rajeshri,Natt,Female,1990-09-29,david35@example.net,03705454595,Kumbakonam,Karnataka,India,2022-09-04,Bronze,True
2948,Tanay,Sanghvi,Male,2005-07-27,vedhikagola@example.org,9245869400,Bathinda,Gujarat,India,2023-11-16,Bronze,False
2949,Imaran,Pall,Female,1971-11-24,hkanda@example.net,05104056124,Jehanabad,Tamil Nadu,India,2025-03-17,Bronze,True
2950,Aarnav,Buch,Male,1973-04-27,vivaanchander@example.org,+910656233760,Bally,Maharashtra,India,2025-03-19,Silver,False
2951,Aradhana,Dixit,Male,1960-11-03,advaithupadhyay@example.com,7710758129,Jammu,Delhi,India,2025-03-22,Platinum,True
2952,Chatresh,Gole,Male,1959-10-31,deepa22@example.net,09250055223,Chandigarh,Maharashtra,India,2026-07-08,Gold,True
2953,Meghana,Pall,Male,1960-08-24,zayyan80@example.com,+914945353085,Tumkur,West Bengal,India,2023-12-19,Bronze,False
2954,Saumya,Ratta,Female,2001-10-13,jainpahal@example.org,9255067212,Bahraich,Rajasthan,India,2026-06-12,Bronze,False
2955,Baljiwan,Sura,Female,1960-05-06,banjeetmutti@example.org,7433497491,Jalandhar,Delhi,India,2025-02-09,Bronze,True
2956,Dayamai,Salvi,Female,1979-09-01,chalder@example.com,00426195873,Saharsa,Karnataka,India,2024-03-20,Silver,True
2957,Owen,Dutta,Female,1990-12-30,vinayasibal@example.org,7255337323,Bhilwara,Tamil Nadu,India,2024-02-20,Bronze,False
2958,Upkaar,Baral,Female,1991-02-06,vanyasankar@example.net,02071299831,Ongole,Karnataka,India,2025-06-26,Silver,True
2959,Gauri,Sangha,Female,1967-12-27,saumya96@example.com,+918101475359,Coimbatore,Karnataka,India,2022-03-20,Silver,False
2960,Yatan,Palla,Male,1965-12-10,takfaras@example.com,9566812935,Rampur,Tamil Nadu,India,2025-09-05,Bronze,False
2961,Triveni,Master,Male,1993-07-02,adwetamitra@example.net,09325533083,Bhagalpur,Karnataka,India,2021-10-18,Silver,True
2962,Gopal,Padmanabhan,Male,1989-02-13,wriddhishshankar@example.net,+919747249826,Kharagpur,Rajasthan,India,2022-08-11,Bronze,False
2963,Vanya,Brahmbhatt,Male,1999-03-22,perirayaan@example.com,06350615502,Srikakulam,Tamil Nadu,India,2023-10-14,Bronze,True
2964,Jasmit,Sinha,Male,2004-01-17,qmandal@example.net,04042971335,Mumbai,Delhi,India,2024-10-19,Silver,True
2965,Yashodhara,Brar,Female,2005-10-05,tsaran@example.com,1210159265,Ludhiana,Tamil Nadu,India,2023-01-17,Silver,True
2966,Jairaj,Ray,Female,1999-12-12,harshil40@example.org,+918723231703,Karimnagar,Delhi,India,2025-08-01,Silver,True
2967,Waida,D’Alia,Female,1983-12-12,ekta81@example.org,05525161679,Bhubaneswar,Tamil Nadu,India,2021-11-10,Bronze,True
2968,Wriddhish,Chaudhuri,Male,1961-07-13,ijaya86@example.com,+913212667170,Gwalior,Tamil Nadu,India,2024-02-16,Silver,False
2969,Mitesh,Nigam,Male,1971-09-13,sakshamdhaliwal@example.org,07563020815,Secunderabad,Gujarat,India,2024-09-15,Bronze,False
2970,Pratyush,Nagi,Female,2001-07-07,jagvi71@example.com,+918458325713,Satna,West Bengal,India,2024-09-04,Gold,False
2971,Girik,Chowdhury,Female,1961-03-12,ztaneja@example.net,01829814380,Jorhat,Uttar Pradesh,India,2023-07-29,Bronze,True
2972,Raagini,Dani,Male,1970-12-05,kamyabahri@example.com,7880015090,Unnao,Karnataka,India,2023-12-17,Bronze,True
2973,Bhavika,Ahuja,Male,1984-09-06,garakavya@example.com,+914411726483,Proddatur,Karnataka,India,2022-07-03,Bronze,False
2974,Tarak,Acharya,Male,1974-02-01,david72@example.com,9850276088,Bikaner,Tamil Nadu,India,2023-02-03,Bronze,True
2975,Panini,Prabhakar,Male,1963-07-25,thakkarchaitaly@example.com,03374953981,Tirunelveli,West Bengal,India,2022-05-04,Silver,False
2976,Quincy,Shetty,Female,2006-02-28,nakul45@example.net,8267293585,Phusro,Delhi,India,2025-02-05,Bronze,True
2977,Sanya,Venkataraman,Male,1991-07-22,qarin62@example.com,0475793587,Tiruppur,Delhi,India,2022-02-19,Platinum,True
2978,George,Bala,Male,1956-09-27,somjeremiah@example.org,04662991921,Saharanpur,West Bengal,India,2022-07-15,Bronze,True
2979,Balhaar,Mishra,Male,2004-05-18,abhirambatra@example.com,07516987675,Raichur,Uttar Pradesh,India,2025-05-03,Bronze,True
2980,Charvi,Minhas,Female,1959-11-16,oni23@example.com,3526258695,New Delhi,Maharashtra,India,2024-09-13,Silver,True
2981,Bishakha,Prakash,Male,2002-03-18,vrittidalal@example.net,0215176767,Jamshedpur,Uttar Pradesh,India,2026-01-27,Bronze,False
2982,Krish,Gandhi,Female,1958-11-03,noriekapad@example.org,06687728024,Mysore,Karnataka,India,2025-05-07,Silver,False
2983,Akshay,Devi,Male,1998-12-28,dugalkaran@example.net,05002022663,Panvel,Karnataka,India,2021-12-16,Gold,True
2984,Idika,Gupta,Female,2000-06-13,csingh@example.net,+911607956006,Vadodara,Maharashtra,India,2025-04-11,Bronze,True
2985,Jackson,Acharya,Male,2002-08-02,sarrafmichael@example.com,4233513485,Surat,Uttar Pradesh,India,2025-04-30,Bronze,True
2986,Champak,Kala,Female,1982-07-19,sarafyug@example.org,0528230545,Ozhukarai,Gujarat,India,2025-10-21,Bronze,True
2987,Yashawini,Ramanathan,Male,1958-08-22,manan46@example.com,1099384921,Buxar,Rajasthan,India,2023-03-12,Bronze,False
2988,Ati,Walia,Female,1986-06-03,kala48@example.net,+911571877068,Anand,West Bengal,India,2023-01-06,Bronze,True
2989,Sathvik,Chahal,Female,1994-08-28,ubail@example.org,9957993843,Nadiad,Gujarat,India,2024-01-30,Gold,True
2990,Pallavi,Nath,Female,2004-12-25,farhanjani@example.net,03580532142,Hindupur,Gujarat,India,2024-08-18,Platinum,True
2991,Ubika,Chaudhuri,Male,1976-08-07,ekanidhar@example.net,+919488717596,Bikaner,Karnataka,India,2025-08-03,Silver,False
2992,Logan,Kari,Male,1976-01-25,obora@example.com,0886551271,Bangalore,Uttar Pradesh,India,2022-05-10,Bronze,False
2993,Ekta,Som,Female,1978-12-18,vartyishaan@example.net,9638448219,Sirsa,Karnataka,India,2024-05-23,Platinum,False
2994,Qushi,Salvi,Female,2008-05-10,anikabarad@example.net,01366609014,Anand,West Bengal,India,2024-06-15,Bronze,True
2995,Zayyan,Chatterjee,Male,1988-08-21,dayamaidhingra@example.org,00336318993,Gorakhpur,Karnataka,India,2025-12-04,Bronze,True
2996,Harshil,Srivastava,Female,1994-01-02,priyarandhawa@example.org,+910625458647,Udupi,West Bengal,India,2022-06-27,Gold,True
2997,Baghyawati,Kade,Female,1973-09-21,rchawla@example.org,+912483654832,Jodhpur,Uttar Pradesh,India,2023-05-06,Gold,True
2998,Abhiram,Puri,Female,1972-09-10,nisha45@example.com,8511185425,Dehri,West Bengal,India,2025-04-05,Silver,True
2999,Frado,Atwal,Male,1997-08-02,avi89@example.com,03198763119,Uluberia,Tamil Nadu,India,2024-08-03,Bronze,True
3000,Luke,Minhas,Male,1986-01-20,eloyal@example.net,01020794684,Kolkata,Gujarat,India,2022-04-05,Gold,True
3001,Wazir,Sha,Female,1973-12-17,epant@example.com,+917486847591,Jhansi,Gujarat,India,2024-08-15,Bronze,True
3002,Girik,Kuruvilla,Female,1987-08-10,samarthsha@example.com,04326073189,Pimpri-Chinchwad,Delhi,India,2026-05-31,Bronze,True
3003,Champak,Kala,Female,1995-08-04,nsachdev@example.org,09697412701,Khandwa,Uttar Pradesh,India,2025-05-17,Silver,True
3004,Isaiah,Agrawal,Male,1991-10-22,oni81@example.org,02174241622,Moradabad,Delhi,India,2025-10-17,Silver,True
3005,Sai,Lad,Female,1987-11-10,usawhney@example.net,06595024496,Dibrugarh,Rajasthan,India,2023-11-24,Silver,True
3006,Warhi,Badami,Female,2006-09-24,banjeetpadmanabhan@example.org,+913258902314,Gangtok,Karnataka,India,2022-09-16,Bronze,True
3007,Ekalinga,Trivedi,Female,1992-07-29,khannaxavier@example.net,+914310163003,Bhind,Gujarat,India,2023-08-16,Bronze,True
3008,Triya,Zacharia,Female,1996-07-19,jchada@example.com,0332519545,Khammam,Rajasthan,India,2022-11-10,Silver,True
3009,Onkar,Bhattacharyya,Female,1989-01-20,qramachandran@example.org,+918099747447,Chapra,Delhi,India,2026-02-26,Bronze,False
3010,Ekiya,Butala,Female,2007-01-06,shaurya51@example.net,01953590632,Solapur,Rajasthan,India,2025-01-08,Gold,True
3011,Jason,Chhabra,Male,2004-04-13,warjas84@example.com,07558296553,Madanapalle,Tamil Nadu,India,2024-02-13,Bronze,True
3012,Abeer,Lal,Male,1972-04-06,harishdhar@example.net,5538936435,Avadi,Gujarat,India,2022-07-24,Gold,True
3013,Gautami,Zacharia,Male,1983-09-30,nihal75@example.org,0451623538,Ambattur,West Bengal,India,2022-06-13,Silver,True
3014,Hardik,Narayan,Male,1979-12-27,baljiwantak@example.net,9202368237,Begusarai,Karnataka,India,2021-08-07,Bronze,False
3015,Faqid,Prashad,Female,2007-04-30,borameera@example.org,02170592346,Panihati,Tamil Nadu,India,2022-12-22,Silver,True
3016,Chandran,De,Female,1977-11-12,nayakurmi@example.com,06576040377,Giridih,Tamil Nadu,India,2022-11-26,Gold,True
3017,Laksh,Shroff,Female,1997-12-26,uppalrajeshri@example.net,+912711487218,Shimoga,Karnataka,India,2022-08-25,Bronze,True
3018,Dakshesh,Mangat,Female,2004-01-19,devixavier@example.net,6437930033,Hapur,Maharashtra,India,2025-12-29,Bronze,True
3019,Warda,Rastogi,Female,1963-03-21,pushti14@example.net,+911794421900,Siliguri,Maharashtra,India,2023-08-26,Bronze,True
3020,Chakradhar,Ghose,Male,2006-05-24,urvashi80@example.org,07277179081,Kadapa,Delhi,India,2021-08-02,Bronze,True
3021,Ekavir,Kant,Male,1982-09-14,lakshsharaf@example.net,+912003506910,Arrah,Maharashtra,India,2024-10-20,Bronze,True
3022,Isha,Cherian,Female,1974-05-10,rsalvi@example.net,8664627329,Satara,Uttar Pradesh,India,2021-08-11,Bronze,True
3023,Yug,Upadhyay,Female,2001-10-07,mrastogi@example.com,00058923132,Gulbarga,Tamil Nadu,India,2024-10-04,Gold,False
3024,Veda,Keer,Female,1986-12-06,aryannarasimhan@example.com,+914760951295,Rajkot,Gujarat,India,2022-02-23,Silver,True
3025,Madhavi,Hayer,Female,1978-04-07,ltaneja@example.net,2228875739,Sasaram,West Bengal,India,2025-06-05,Bronze,True
3026,Ojasvi,Patla,Female,1960-05-18,kdeshmukh@example.com,2529215927,Howrah,Rajasthan,India,2026-03-02,Bronze,True
3027,Jairaj,Anne,Female,2008-05-05,zsen@example.org,2497713573,Akola,Delhi,India,2021-11-20,Silver,True
3028,Amrita,Kala,Male,1963-12-24,pallayauvani@example.com,+919867075701,Allahabad,Uttar Pradesh,India,2025-06-28,Silver,True
3029,Aarini,Palan,Male,1997-02-10,aarinikibe@example.org,01772940225,Adoni,Rajasthan,India,2024-05-22,Silver,True
3030,Chandresh,Kapadia,Female,1970-03-14,farhanbobal@example.com,+919812502589,Nagpur,Gujarat,India,2021-10-20,Silver,True
3031,Girish,Bir,Female,1992-09-18,singhalmitali@example.com,6886538600,Kottayam,Uttar Pradesh,India,2024-02-15,Bronze,False
3032,Warinder,Mutti,Male,2002-05-09,rameshanay@example.org,2498290593,Guna,Tamil Nadu,India,2025-01-19,Bronze,False
3033,Aashi,Wagle,Male,1964-11-07,eshanagopal@example.net,+911391451143,Solapur,Rajasthan,India,2025-08-20,Bronze,True
3034,Tarak,Dalal,Male,1969-10-14,gillzilmil@example.com,1113567674,Durgapur,Rajasthan,India,2022-11-01,Bronze,True
3035,Tarak,Saraf,Female,1967-03-12,max68@example.net,02512296243,Patna,Maharashtra,India,2023-03-12,Silver,False
3036,Faraj,Balay,Female,1992-07-23,rajatasidhu@example.com,1189975060,Sambhal,Tamil Nadu,India,2024-12-11,Platinum,True
3037,Xiti,Randhawa,Female,2003-08-22,mananbalakrishnan@example.org,+918082361704,Rewa,Gujarat,India,2023-09-29,Silver,True
3038,Aadi,Kohli,Female,1991-11-22,chatura90@example.org,2843270603,Nandyal,Delhi,India,2023-02-06,Silver,False
3039,Onkar,Yogi,Male,1992-11-15,jagdishpalla@example.net,+919976502627,Raurkela Industrial Township,Rajasthan,India,2021-09-03,Gold,True
3040,Abhiram,Dyal,Female,1969-12-18,rrai@example.com,08251802175,Dibrugarh,Karnataka,India,2023-12-16,Silver,True
3041,Riya,Brar,Male,1984-12-22,nirjamorar@example.com,+918528507834,Bhiwani,West Bengal,India,2026-03-13,Silver,True
3042,Bimala,Deshmukh,Male,1963-06-07,sankarvivaan@example.net,+913988752197,Srinagar,Tamil Nadu,India,2023-07-26,Gold,True
3043,Ira,Anne,Female,1974-01-12,arunimalata@example.org,5970826012,Sirsa,Karnataka,India,2023-12-27,Bronze,True
3044,Zashil,Raja,Female,1959-06-21,bosemeera@example.org,07958584522,Kishanganj,West Bengal,India,2026-02-08,Gold,False
3045,Gauri,Lall,Female,1969-11-29,mangatadvay@example.com,9637763144,Ghaziabad,Tamil Nadu,India,2023-09-29,Gold,True
3046,Fiyaz,Bawa,Male,1971-04-20,daminibalan@example.com,02281636478,Cuttack,Gujarat,India,2026-06-30,Bronze,False
3047,Hritik,Rajagopal,Female,2000-09-20,dayita83@example.com,03384772908,Guntakal,Uttar Pradesh,India,2024-08-21,Bronze,True
3048,Dayita,Joshi,Female,2005-06-09,soniyasti@example.org,+911507558974,Adoni,Delhi,India,2023-02-25,Bronze,True
3049,Barkha,Cheema,Female,1990-03-29,ibatta@example.com,09955938750,Moradabad,Uttar Pradesh,India,2024-04-16,Silver,True
3050,Fiyaz,Saran,Male,1988-01-08,umang88@example.com,06272403153,Gandhidham,Maharashtra,India,2025-01-13,Platinum,True
3051,Bhavani,Sinha,Female,2002-02-25,isaacsinghal@example.net,9002321742,Bharatpur,Karnataka,India,2022-12-18,Bronze,True
3052,Xiti,Sura,Male,1956-07-31,dnair@example.net,6112366937,Vijayawada,Rajasthan,India,2025-07-30,Bronze,True
3053,Rehaan,Mander,Female,1993-10-11,cchoudhury@example.net,3349462295,Raiganj,Karnataka,India,2022-10-20,Platinum,True
3054,Yochana,Parmar,Female,1991-07-11,jack19@example.org,+914138291420,Sirsa,Tamil Nadu,India,2026-01-10,Silver,True
3055,Yuvraj,Subramaniam,Male,1965-07-09,barmanekaja@example.net,06202918849,Kochi,Tamil Nadu,India,2022-04-17,Silver,True
3056,Yashawini,Singhal,Female,1981-03-24,pparmar@example.org,3489874484,Secunderabad,Tamil Nadu,India,2022-05-05,Silver,False
3057,Nidra,Walla,Male,1974-05-09,abeer11@example.org,05272310274,Akola,Maharashtra,India,2024-04-01,Gold,True
3058,Divya,Dhawan,Female,2001-08-14,finnviswanathan@example.com,2354185160,Jammu,Gujarat,India,2022-08-20,Bronze,True
3059,Irya,Bajaj,Male,2007-01-09,hravi@example.net,5340102187,Deoghar,Karnataka,India,2025-09-26,Bronze,True
3060,Janani,Bora,Female,1970-09-26,ndave@example.com,+918174391717,Jorhat,Uttar Pradesh,India,2026-05-25,Gold,False
3061,Vinaya,Raval,Female,1964-08-08,krishnamurthyrushil@example.com,+912417367413,Alappuzha,Karnataka,India,2022-07-09,Silver,True
3062,Bhavani,Pandey,Female,1989-12-16,aarna68@example.net,08414768530,Ghaziabad,Delhi,India,2025-04-16,Bronze,True
3063,Pooja,Sahni,Female,1984-04-22,nadigcharles@example.com,2845672753,Karnal,Delhi,India,2024-12-21,Silver,True
3064,Wahab,Ghose,Female,2003-10-04,ishadara@example.net,01924887636,Erode,Maharashtra,India,2021-09-15,Gold,False
3065,Nathan,Kala,Male,1985-01-11,auppal@example.org,1416651728,Sangli-Miraj & Kupwad,Karnataka,India,2022-12-15,Silver,True
3066,Christopher,Palan,Female,1979-11-15,kauraradhana@example.net,1948899173,Adoni,Delhi,India,2024-02-18,Bronze,True
3067,Ladli,Keer,Female,1993-06-15,qnarain@example.net,08146429295,Bellary,Delhi,India,2025-10-15,Bronze,False
3068,Ishwar,Khurana,Female,2007-08-19,ojasvidhar@example.com,9375460368,Kirari Suleman Nagar,West Bengal,India,2026-04-17,Bronze,False
3069,Jatin,Murthy,Male,1972-05-25,owen80@example.com,1176500487,Patna,Uttar Pradesh,India,2023-02-04,Bronze,False
3070,Gaurangi,Gopal,Female,1990-05-23,aadhyamenon@example.com,00873778663,Proddatur,Gujarat,India,2024-07-16,Bronze,True
3071,Yagnesh,Yogi,Male,1971-07-02,fdatta@example.com,0980718563,Buxar,Maharashtra,India,2022-01-16,Bronze,True
3072,Madhavi,Nayak,Female,1987-05-22,banjeet08@example.net,04694728772,Bihar Sharif,Tamil Nadu,India,2024-04-26,Silver,True
3073,Oni,Radhakrishnan,Male,1977-07-05,oben@example.org,08288863254,Udupi,Maharashtra,India,2023-11-13,Platinum,False
3074,Peter,Raj,Male,2006-05-02,rchoudhury@example.net,+918009549817,Bardhaman,Rajasthan,India,2021-10-26,Platinum,True
3075,Balvan,Thakur,Female,1990-12-04,raynidhi@example.com,8946635493,Mathura,Tamil Nadu,India,2024-04-12,Silver,True
3076,Vedhika,Kari,Male,1972-07-19,idikavarkey@example.net,7874555916,Thoothukudi,Karnataka,India,2021-09-26,Bronze,True
3077,Idika,Venkatesh,Male,1973-04-07,kotatanveer@example.net,02463248346,Maheshtala,Rajasthan,India,2023-04-07,Bronze,True
3078,Rachit,Kapur,Female,1980-05-12,ikshita73@example.net,05285073938,Saharanpur,Delhi,India,2022-03-09,Silver,True
3079,Darsh,Pau,Male,1957-08-08,bahadurjit28@example.net,8825438279,Tadepalligudem,West Bengal,India,2024-04-04,Bronze,True
3080,Tamanna,Prashad,Female,1979-02-15,upma11@example.com,7558334259,Vijayawada,Maharashtra,India,2022-09-13,Gold,True
3081,Osha,Kohli,Male,1970-12-10,kurianchatura@example.com,8185660835,Guna,West Bengal,India,2024-08-05,Gold,True
3082,Zaitra,Buch,Female,1994-04-09,petersahota@example.net,02953559574,Mango,Maharashtra,India,2024-05-20,Bronze,True
3083,Vaishnavi,Amble,Female,1978-07-15,rgoswami@example.net,5771668454,Ludhiana,West Bengal,India,2022-03-24,Silver,True
3084,Pavani,Deshpande,Male,1981-09-21,katadeepa@example.net,+912002797367,Gulbarga,Gujarat,India,2025-04-16,Bronze,True
3085,Falan,Jaggi,Female,1958-01-16,svirk@example.com,2607976737,Kozhikode,West Bengal,India,2023-06-29,Bronze,True
3086,Fariq,Goyal,Female,1956-06-24,vasatika53@example.com,+912825742521,Bhatpara,Gujarat,India,2025-03-27,Silver,False
3087,Sara,Bhattacharyya,Male,1980-05-03,abhimanyumorar@example.net,+910691324176,Hindupur,Uttar Pradesh,India,2022-05-09,Bronze,True
3088,Charita,Goswami,Male,1961-01-24,madanfaras@example.com,02022223445,Bhiwandi,Karnataka,India,2022-04-26,Bronze,False
3089,Alexander,Mukherjee,Male,1978-04-25,kpandey@example.org,+917776828681,Mathura,Tamil Nadu,India,2023-10-18,Silver,True
3090,Advika,Dayal,Female,1992-04-21,shivani89@example.org,4595847547,Tinsukia,West Bengal,India,2024-06-12,Bronze,True
3091,Nidra,Goswami,Female,1955-12-28,mahika63@example.com,+919903899291,Raurkela Industrial Township,Gujarat,India,2025-05-31,Bronze,True
3092,Brijesh,Munshi,Female,1978-04-14,harish23@example.org,5228915798,Bhavnagar,Delhi,India,2026-01-31,Platinum,False
3093,Ayaan,Bera,Male,1968-12-23,wablejagdish@example.com,3966653339,Pune,Tamil Nadu,India,2026-07-24,Silver,True
3094,Ronith,Sampath,Female,1957-01-18,yashoda27@example.net,8431940334,Ahmednagar,Uttar Pradesh,India,2025-10-11,Bronze,True
3095,Girik,Kaur,Male,1963-09-16,tanaydutt@example.net,+916605277163,Purnia,West Bengal,India,2021-09-01,Bronze,True
3096,Dhruv,Seshadri,Male,1961-01-30,anirudh50@example.com,1482199467,Sasaram,West Bengal,India,2026-02-09,Silver,False
3097,Aarnav,Palla,Male,1965-02-13,lalabdul@example.net,04405213483,Bhusawal,Uttar Pradesh,India,2025-10-23,Silver,True
3098,Nidhi,Gaba,Male,1957-06-04,bina88@example.net,1888620234,Nagpur,Delhi,India,2022-12-13,Silver,True
3099,Bina,More,Male,1992-09-10,kkibe@example.com,8867970609,Panchkula,Tamil Nadu,India,2024-01-16,Bronze,True
3100,Charles,Bhagat,Male,1964-08-20,eprabhu@example.org,00939683710,Eluru,Rajasthan,India,2025-02-20,Bronze,True
3101,Advika,Agrawal,Female,2005-04-15,dayalronith@example.com,+910109675532,Khandwa,West Bengal,India,2024-01-08,Bronze,True
3102,Nikita,Comar,Male,1976-04-26,warhi71@example.org,08870999213,Kanpur,Delhi,India,2026-06-12,Bronze,True
3103,Anjali,Sarraf,Female,1971-08-24,jsrinivasan@example.com,+910013483088,Thiruvananthapuram,Uttar Pradesh,India,2024-04-06,Bronze,False
3104,Sneha,Krishnamurthy,Male,1971-04-23,wsarna@example.net,5445181943,Aurangabad,Delhi,India,2022-12-25,Silver,True
3105,Ekansh,Rama,Male,1973-07-18,anjali42@example.com,07678888915,Erode,Tamil Nadu,India,2024-11-07,Silver,True
3106,Eiravati,Sandal,Male,1991-01-21,mahalkiaan@example.org,+917100145140,Ramagundam,Karnataka,India,2025-05-05,Silver,False
3107,Chakrika,Om,Male,1981-02-27,osampath@example.net,09344482219,Moradabad,Tamil Nadu,India,2023-06-02,Silver,True
3108,Unnati,Parmar,Female,1956-11-05,sahanilima@example.org,8697776263,Mehsana,Maharashtra,India,2023-12-15,Bronze,True
3109,Aashi,Hora,Male,1992-04-01,sundaramteerth@example.org,06848845319,Vellore,Maharashtra,India,2023-04-15,Bronze,True
3110,Harsh,Baral,Female,1966-09-26,aadikeer@example.org,09883110220,Shimoga,Karnataka,India,2024-03-12,Gold,True
3111,Unni,Sha,Male,2001-02-05,mahajananika@example.org,+916689369112,Dehradun,Maharashtra,India,2025-11-10,Silver,False
3112,Eshana,Taneja,Female,1975-12-12,thamanwyatt@example.org,+918269035347,Siwan,Gujarat,India,2022-07-08,Silver,False
3113,Liam,Thakur,Female,1981-03-01,orinder79@example.com,7479563501,Anantapuram,Delhi,India,2022-07-10,Silver,True
3114,Neelima,Jain,Female,1988-05-04,bajwabalveer@example.net,2560718710,Jodhpur,Uttar Pradesh,India,2023-07-28,Bronze,True
3115,Harini,Biswas,Female,2000-12-27,gkrishnan@example.com,03116973603,Kumbakonam,Rajasthan,India,2025-02-01,Bronze,True
3116,Xalak,Deshmukh,Male,2003-08-07,champakdate@example.com,+918706126417,Gorakhpur,West Bengal,India,2022-03-09,Platinum,True
3117,Eta,Jha,Female,1960-05-02,hgaba@example.com,+916146824832,Ghaziabad,Maharashtra,India,2022-06-11,Bronze,True
3118,Nicholas,Sanghvi,Male,1975-12-20,hramaswamy@example.net,+918815631062,Muzaffarpur,Maharashtra,India,2025-09-11,Bronze,True
3119,Yamini,Nigam,Female,1981-09-08,ishanvi52@example.com,03729854735,Satara,Tamil Nadu,India,2022-11-11,Gold,True
3120,Chandani,Kale,Male,1978-04-26,nitarakrish@example.com,+917050688118,Kalyan-Dombivli,West Bengal,India,2024-07-02,Bronze,False
3121,Utkarsh,Contractor,Female,1985-02-20,pranav38@example.com,+912255306960,Naihati,Uttar Pradesh,India,2023-02-10,Bronze,False
3122,Azaan,Golla,Female,1989-04-03,alexandertara@example.org,1334546957,Mango,Rajasthan,India,2025-12-16,Bronze,False
3123,Manya,Aurora,Male,1991-11-02,frado51@example.com,09206144718,Farrukhabad,Delhi,India,2026-04-17,Bronze,True
3124,Bishakha,Mani,Male,1964-12-23,bobalbhavna@example.org,00724724067,Solapur,Rajasthan,India,2026-04-23,Gold,False
3125,Hamsini,Kaur,Female,1955-08-24,devanvaishnavi@example.net,07228151736,Tezpur,Gujarat,India,2021-10-17,Bronze,True
3126,Aashi,Sheth,Female,1978-05-28,fgulati@example.net,03538985421,Rewa,Karnataka,India,2026-05-31,Silver,False
3127,Pooja,Char,Female,1979-05-17,lilaaggarwal@example.net,+917060322400,Mango,West Bengal,India,2024-01-25,Bronze,True
3128,Chakrika,Deshmukh,Female,1998-08-02,tgole@example.com,8820120000,Madurai,Tamil Nadu,India,2023-06-18,Silver,False
3129,Abhimanyu,Dhillon,Male,1981-01-17,logande@example.net,+911923733215,Kishanganj,Uttar Pradesh,India,2026-07-03,Bronze,True
3130,Chandresh,Manne,Female,1965-06-13,mohammedvala@example.com,05987576452,Bongaigaon,Tamil Nadu,India,2025-03-21,Bronze,True
3131,Janya,Din,Female,1991-12-08,bramachandran@example.net,04588430017,Tezpur,Delhi,India,2024-03-10,Bronze,True
3132,Nisha,Boase,Female,1997-08-20,prasadbhavani@example.com,01687431632,Kolkata,Delhi,India,2025-08-25,Gold,True
3133,Lekha,Pandit,Female,1982-06-18,dayitaahuja@example.com,+915547205149,Chennai,Rajasthan,India,2026-02-19,Silver,True
3134,Widisha,Natt,Male,2006-03-02,keerdhriti@example.com,+912436130740,Surendranagar Dudhrej,Karnataka,India,2025-05-03,Bronze,True
3135,Tripti,Nair,Male,1993-01-12,siddharthlad@example.com,01832149374,Malegaon,Rajasthan,India,2025-02-14,Gold,True
3136,Guneet,Ratta,Female,1989-04-04,balendrapatla@example.com,05352062314,Proddatur,Delhi,India,2025-02-14,Silver,True
3137,Samaksh,Mallick,Female,1994-08-15,luckychaudhari@example.com,6203290032,Alwar,Karnataka,India,2023-05-28,Bronze,True
3138,Radha,Sidhu,Female,1997-07-22,mradhakrishnan@example.org,+915887322855,Gopalpur,Uttar Pradesh,India,2022-04-03,Bronze,True
3139,Vrinda,Mukherjee,Female,1989-12-22,mmukhopadhyay@example.com,+917189342268,Nandyal,Gujarat,India,2021-09-06,Bronze,True
3140,Hardik,Bala,Male,1980-10-19,vasatikadevi@example.org,2849234681,Navi Mumbai,Tamil Nadu,India,2026-06-23,Bronze,False
3141,Ojasvi,Bobal,Male,1979-02-20,teerthbrar@example.net,6884138568,Vellore,Uttar Pradesh,India,2023-10-19,Silver,True
3142,Warda,Khare,Male,1967-03-20,ati88@example.net,00548886582,Aizawl,Karnataka,India,2026-07-08,Silver,True
3143,Krishna,Dewan,Female,1966-05-10,nakshkulkarni@example.net,00788403349,Hubli–Dharwad,Karnataka,India,2025-03-08,Silver,True
3144,Kalpit,Varty,Female,1972-10-08,xitisem@example.org,+911829078026,Buxar,Uttar Pradesh,India,2022-04-23,Bronze,True
3145,Sarthak,Manne,Male,1971-05-07,watikachaudry@example.net,+915671939416,Mumbai,Rajasthan,India,2026-03-06,Gold,True
3146,Chaitaly,Zachariah,Female,1960-01-09,abhiram86@example.org,03194778542,Nangloi Jat,Maharashtra,India,2021-10-13,Platinum,True
3147,Girish,Thakur,Female,2000-12-20,vyanjananaidu@example.org,07389780636,Proddatur,Karnataka,India,2022-10-08,Gold,True
3148,Bachittar,Walla,Male,1985-03-31,anthonybadal@example.net,09540004923,Patiala,Tamil Nadu,India,2025-05-19,Silver,False
3149,Ansh,Lad,Male,1971-02-18,ekbalkuruvilla@example.com,6805422805,Hajipur,Karnataka,India,2024-03-14,Platinum,True
3150,Ayaan,Mohan,Female,1980-04-19,dharleela@example.org,0425186755,Bhopal,Gujarat,India,2025-09-13,Silver,True
3151,Jagat,Nayak,Female,2004-04-13,chackobanjeet@example.org,04429401583,Nadiad,Uttar Pradesh,India,2023-03-01,Bronze,False
3152,Deepa,Mahal,Male,1966-12-09,agarwaltristan@example.org,+913238075705,Satna,Rajasthan,India,2022-10-22,Gold,True
3153,Nitara,Tandon,Female,1980-05-21,aganesan@example.com,09985420579,New Delhi,Maharashtra,India,2023-03-15,Bronze,True
3154,Mekhala,Srinivas,Male,1961-06-06,qdevan@example.org,+911749832465,Gurgaon,Delhi,India,2023-10-13,Silver,True
3155,Sai,Hayre,Female,1956-05-28,frederick77@example.org,+912960273079,Kamarhati,West Bengal,India,2022-09-02,Bronze,True
3156,Yug,Taneja,Female,1971-03-22,prasadchandresh@example.org,08838177753,Raurkela Industrial Township,Karnataka,India,2023-10-05,Bronze,True
3157,Omisha,Ratti,Male,1976-01-06,gopalraju@example.net,1689993611,Bhiwandi,Maharashtra,India,2026-06-14,Silver,True
3158,Mohammed,Bobal,Female,1986-08-16,jmane@example.com,+912384203560,Dehradun,West Bengal,India,2021-12-24,Bronze,False
3159,Luke,Devi,Female,2002-09-24,dyalindira@example.net,+913798716309,Rohtak,West Bengal,India,2022-09-24,Bronze,True
3160,Balendra,Borra,Female,1994-01-04,ishita36@example.org,+916129241491,Ajmer,Rajasthan,India,2025-06-15,Bronze,False
3161,Jairaj,Chauhan,Female,1960-10-28,bdar@example.org,08644178140,Bhalswa Jahangir Pur,Rajasthan,India,2022-06-17,Bronze,True
3162,Xalak,Kaur,Female,1973-06-13,hiral09@example.net,+912777925182,Thanjavur,Delhi,India,2023-06-13,Bronze,True
3163,Chandran,Dua,Male,1965-06-10,nchaudhuri@example.com,+918805126542,Karaikudi,Uttar Pradesh,India,2023-11-23,Gold,True
3164,Ekaraj,Vasa,Female,1986-05-27,sanaya22@example.org,5616827083,North Dumdum,Karnataka,India,2024-07-22,Bronze,True
3165,Zansi,Patla,Male,2002-12-17,yamini87@example.org,6751213599,Gudivada,Delhi,India,2022-09-15,Bronze,True
3166,Lopa,Palla,Male,1971-12-16,ekalinga57@example.org,5865783358,Tirunelveli,Tamil Nadu,India,2024-10-02,Silver,True
3167,Jasmit,Rattan,Male,2005-04-01,urmi56@example.com,7252830069,Jalandhar,Karnataka,India,2024-06-08,Bronze,True
3168,Ucchal,Buch,Female,1967-03-05,mandubika@example.org,3017884707,Mysore,Karnataka,India,2023-07-26,Bronze,False
3169,Anthony,Sankar,Female,1990-09-13,jairajjaggi@example.org,2609391863,Berhampore,Karnataka,India,2023-11-13,Silver,True
3170,Guneet,Bains,Male,1979-03-07,cherianqushi@example.com,8010860370,Aizawl,Delhi,India,2026-03-05,Gold,True
3171,Shivansh,Mane,Male,1987-06-04,damininarayan@example.com,05425912134,Patna,Karnataka,India,2024-02-18,Silver,True
3172,Karan,Subramaniam,Male,1972-02-24,sarinsimon@example.org,07139516213,Kakinada,West Bengal,India,2023-05-08,Silver,True
3173,Lakshit,Thakur,Male,1961-02-24,ambleakshay@example.com,3098659480,Kolkata,Maharashtra,India,2024-05-16,Silver,False
3174,Xiti,Chaudhary,Female,1981-06-04,aishaninayak@example.net,0132744018,Madurai,Delhi,India,2024-04-03,Bronze,True
3175,Lavanya,Joshi,Female,1986-05-08,lankawilliam@example.org,2160729310,Siliguri,Tamil Nadu,India,2023-04-17,Bronze,True
3176,Harrison,Bhakta,Female,1959-09-25,indali97@example.net,+911140245871,Anantapur,Tamil Nadu,India,2026-05-17,Silver,True
3177,Anusha,Khare,Male,2007-09-16,amol52@example.org,+910348842427,Karimnagar,Delhi,India,2024-05-25,Bronze,True
3178,Ekantika,Subramanian,Male,1968-03-04,masterpranav@example.org,0715528629,Hazaribagh,Karnataka,India,2025-01-25,Bronze,True
3179,Jagat,Chacko,Male,1964-02-25,diyabahri@example.com,09440416511,Ahmednagar,Tamil Nadu,India,2022-03-21,Bronze,True
3180,Ishita,Kala,Female,1974-08-09,vartyucchal@example.com,8448095998,Thoothukudi,Gujarat,India,2022-06-30,Bronze,True
3181,Devika,Palla,Female,2008-03-07,nigamqarin@example.com,+911602108044,Moradabad,Delhi,India,2022-06-07,Silver,True
3182,Chameli,Sawhney,Female,1972-02-20,memonzansi@example.com,+910031338682,Gudivada,Tamil Nadu,India,2022-09-08,Bronze,True
3183,Hema,Wable,Female,1975-10-21,mwason@example.com,+918241136384,Bhind,Rajasthan,India,2022-03-20,Gold,True
3184,Oliver,Sridhar,Female,1994-02-28,faraswalia@example.org,5730878314,Nashik,Karnataka,India,2024-06-05,Silver,False
3185,Ayush,Lal,Male,1997-06-27,ekrishnan@example.org,05915336458,Ambarnath,Karnataka,India,2025-04-27,Bronze,True
3186,Upkaar,Mallick,Male,1975-03-13,aarnavmitra@example.net,+919495534825,Hajipur,Gujarat,India,2021-11-16,Silver,True
3187,Sai,Sanghvi,Female,1956-05-09,nagyjyoti@example.org,+919654654825,Arrah,Rajasthan,India,2026-07-23,Silver,False
3188,Bina,Misra,Female,1957-03-25,kbhagat@example.com,1732031632,Amroha,Uttar Pradesh,India,2022-11-20,Bronze,False
3189,Udant,Nori,Female,1985-05-03,pahalloyal@example.com,09669914731,Raurkela Industrial Township,Delhi,India,2022-10-19,Bronze,True
3190,Dalaja,Kapadia,Male,1978-11-02,anya46@example.org,4238130151,Malda,Rajasthan,India,2025-10-07,Bronze,False
3191,Aarav,Sethi,Female,1961-01-17,baghyawati02@example.org,3900202205,Karaikudi,West Bengal,India,2023-09-14,Bronze,False
3192,Aarush,Kade,Female,2002-02-19,galalaban@example.com,6187816854,Pudukkottai,Tamil Nadu,India,2022-06-19,Bronze,False
3193,Indali,Dube,Female,1960-06-02,gopal91@example.com,3949082818,Jaipur,Maharashtra,India,2021-10-23,Gold,True
3194,Lajita,Mukhopadhyay,Female,1993-08-18,abhachaudhry@example.com,1870213485,Satna,Tamil Nadu,India,2026-04-02,Bronze,True
3195,Chaitaly,Sandal,Female,1983-02-24,vincent31@example.org,+913793603008,Panvel,Tamil Nadu,India,2021-12-21,Bronze,True
3196,Chavvi,Lata,Male,1974-02-08,bvarkey@example.org,04370311934,Mangalore,Karnataka,India,2025-05-23,Bronze,False
3197,Kamala,Kar,Male,2001-11-30,misravaishnavi@example.net,0800914209,Bharatpur,Gujarat,India,2025-09-24,Bronze,True
3198,Viraj,Sidhu,Female,1963-07-24,jbuch@example.net,8939483751,Anand,West Bengal,India,2023-03-25,Bronze,True
3199,Jhalak,Sharaf,Male,2007-06-08,fiyazpurohit@example.net,06020946319,Purnia,Delhi,India,2024-10-15,Bronze,False
3200,Anmol,Joshi,Female,1956-09-06,siyabose@example.net,04911021448,Warangal,West Bengal,India,2022-03-01,Gold,True
3201,Nicholas,Rau,Female,1961-09-29,varenyamenon@example.com,00098160898,Muzaffarnagar,Maharashtra,India,2022-07-03,Bronze,True
3202,Vedika,Wagle,Male,1955-09-14,munimichael@example.net,01698780010,Durg,Rajasthan,India,2025-12-10,Silver,True
3203,Chandresh,Lalla,Male,2006-12-24,udyatiganesan@example.com,9400644685,Howrah,Delhi,India,2025-06-01,Silver,False
3204,Irya,Ghose,Male,1972-07-12,zilmil12@example.com,1582820774,Jaipur,West Bengal,India,2023-11-14,Bronze,True
3205,Siya,Dhingra,Male,1987-10-28,rajata30@example.com,0064430002,Machilipatnam,Rajasthan,India,2024-04-03,Silver,False
3206,Zehaan,Muni,Male,1962-09-18,gopalsampath@example.org,+916469046294,Hosur,Tamil Nadu,India,2024-06-23,Silver,True
3207,Mugdha,Bedi,Female,2007-09-19,hmistry@example.net,05787015365,Thoothukudi,Tamil Nadu,India,2021-09-18,Bronze,False
3208,Yahvi,Goswami,Male,1988-05-14,memonalexander@example.com,+910124842601,Visakhapatnam,Maharashtra,India,2025-06-24,Bronze,False
3209,Urmi,Ganguly,Male,1966-10-23,moredayita@example.org,09227575927,Mau,Delhi,India,2023-12-23,Gold,True
3210,Nisha,Hegde,Female,1999-07-24,maya07@example.org,07408290306,Ghaziabad,Uttar Pradesh,India,2024-01-10,Silver,True
3211,Amol,Karan,Female,2006-07-13,mahalraghav@example.com,08132329146,Silchar,Delhi,India,2025-11-15,Gold,True
3212,Tejas,Pall,Male,1984-10-10,ytaneja@example.org,+910540568838,Udaipur,Delhi,India,2025-09-12,Gold,True
3213,Upasna,Raj,Female,1992-08-06,jananiramachandran@example.com,5784727038,Mumbai,Uttar Pradesh,India,2022-05-04,Gold,True
3214,Balhaar,Batta,Male,1985-10-18,zvarma@example.org,8761929149,Narasaraopet,West Bengal,India,2021-12-25,Silver,True
3215,Baljiwan,Dass,Male,1989-07-28,deshmukhcharles@example.net,03432300342,Panihati,Uttar Pradesh,India,2025-01-19,Bronze,True
3216,Ekansh,Kant,Male,2007-12-16,purijagvi@example.org,03607743802,Ahmednagar,Uttar Pradesh,India,2025-09-05,Bronze,True
3217,Qasim,Vyas,Female,1998-01-19,riyauppal@example.net,+912357461967,Guntur,Tamil Nadu,India,2023-02-22,Bronze,True
3218,Guneet,Kalla,Female,1966-03-24,krishnagara@example.net,01631934088,Guntakal,Delhi,India,2026-01-28,Bronze,True
3219,Andrew,Parsa,Female,1971-01-10,gourchakradhar@example.org,+910793427055,Kalyan-Dombivli,Rajasthan,India,2024-07-19,Gold,False
3220,Warda,Panchal,Male,1999-07-01,tanishbhagat@example.com,6473065429,Jorhat,Gujarat,India,2023-01-23,Platinum,False
3221,Nitara,Doshi,Female,1996-11-25,dinomkaar@example.com,2769923406,Buxar,Delhi,India,2025-11-28,Gold,True
3222,Rushil,Dash,Male,1985-07-06,urishilla65@example.com,8982472049,Udupi,Gujarat,India,2023-04-02,Silver,True
3223,Rajata,Korpal,Female,1987-02-28,kondairya@example.org,01527617490,Gopalpur,Delhi,India,2022-12-18,Silver,False
3224,Maya,Kale,Male,1996-02-15,ukulkarni@example.net,7054100614,Karawal Nagar,Gujarat,India,2023-11-14,Bronze,True
3225,Aarini,Mittal,Female,1999-05-24,pdar@example.org,04241969699,Hindupur,Maharashtra,India,2024-10-16,Bronze,False
3226,Samesh,Kanda,Male,1993-07-24,mallicksathvik@example.com,1013065451,Jalandhar,Rajasthan,India,2024-12-29,Bronze,True
3227,Hema,Raghavan,Female,1992-11-02,pdash@example.com,06673979098,Tadepalligudem,West Bengal,India,2025-05-07,Silver,False
3228,Nathaniel,Buch,Female,1987-04-18,araval@example.com,02058998376,Coimbatore,Karnataka,India,2024-05-12,Gold,False
3229,Dayamai,Master,Female,1986-02-28,janani89@example.org,05274631600,Panvel,Delhi,India,2023-05-20,Silver,False
3230,Vanya,Iyengar,Female,1956-07-15,imangat@example.net,0081411482,Gurgaon,Tamil Nadu,India,2023-06-18,Silver,True
3231,Unnati,Shah,Male,1962-06-18,bdeol@example.org,+917981514762,Kharagpur,Karnataka,India,2022-10-17,Bronze,True
3232,Mahika,Sastry,Female,2006-10-23,echawla@example.net,3868620887,Alappuzha,Rajasthan,India,2023-10-24,Bronze,False
3233,Raagini,Keer,Male,1967-02-21,ria18@example.net,00299410785,Durgapur,West Bengal,India,2021-12-30,Silver,False
3234,Charles,Purohit,Male,1986-12-18,joshieesha@example.org,+916441573550,New Delhi,Rajasthan,India,2024-01-23,Silver,True
3235,Dhruv,Dyal,Female,1982-05-08,bnatarajan@example.org,06161090910,Arrah,Rajasthan,India,2024-08-12,Silver,True
3236,Lipika,Warrior,Male,1958-10-22,nachiketkothari@example.org,1020391852,Bidhannagar,Tamil Nadu,India,2023-01-29,Bronze,True
3237,Daksh,Nayar,Male,1959-11-20,omaadi@example.org,8169338100,Firozabad,Tamil Nadu,India,2023-11-11,Bronze,True
3238,Isaac,Agrawal,Male,1994-02-27,hemanichand@example.net,5666439416,Nangloi Jat,Karnataka,India,2024-08-08,Silver,True
3239,Chasmum,Divan,Female,1963-05-18,loyalvasudha@example.net,+919587116898,Deoghar,Karnataka,India,2023-01-08,Bronze,True
3240,Arya,Kata,Female,1962-04-01,echaudhary@example.net,+910534636087,Buxar,West Bengal,India,2023-08-27,Silver,False
3241,Christopher,Tara,Female,1974-03-04,gbhardwaj@example.com,+914413331401,Darbhanga,Tamil Nadu,India,2025-09-06,Silver,True
3242,Diya,Gopal,Male,1955-12-22,priya16@example.org,+913781129513,Kozhikode,Uttar Pradesh,India,2022-02-02,Bronze,True
3243,Rishi,Kakar,Male,2006-01-21,krishna05@example.com,0282902456,Gaya,Delhi,India,2024-02-23,Bronze,True
3244,Qarin,Biswas,Male,1961-02-09,vamakshi93@example.com,+910759864025,Kirari Suleman Nagar,Delhi,India,2023-04-10,Bronze,True
3245,Yadavi,Manda,Male,1994-11-11,mmallick@example.com,1960892474,Nagaon,Delhi,India,2025-04-02,Gold,True
3246,Qasim,Chokshi,Female,1968-07-12,chatura82@example.net,00348109875,Ambala,Rajasthan,India,2023-05-24,Bronze,False
3247,Keya,Sane,Male,1972-06-01,owensarraf@example.org,7035582685,Proddatur,Gujarat,India,2026-03-08,Bronze,False
3248,Jeremiah,Sharma,Male,1996-02-06,prao@example.net,06919305922,Nangloi Jat,Maharashtra,India,2022-08-10,Bronze,True
3249,Yatin,Hora,Male,1999-02-05,krishnamaharaj@example.com,09985348279,Ghaziabad,Delhi,India,2025-02-26,Silver,True
3250,Aarna,Rana,Female,1996-08-13,ansh28@example.com,+916856914360,Satna,Karnataka,India,2021-11-01,Silver,True
3251,Zilmil,Gola,Male,1996-11-12,gopal07@example.net,2189140779,Dibrugarh,West Bengal,India,2024-07-31,Bronze,True
3252,Chaaya,Batta,Female,1998-07-02,chandani76@example.net,+916890085903,Patiala,Gujarat,India,2021-09-11,Silver,False
3253,Madhav,Shetty,Male,1987-05-17,pavanirama@example.com,+917391735119,Erode,Delhi,India,2022-09-06,Silver,True
3254,Udyati,Bala,Female,1996-05-01,vdevi@example.com,+918619265547,Kollam,Delhi,India,2024-11-18,Bronze,True
3255,Bhavna,Barman,Female,2008-02-28,aarnabala@example.net,+911352307166,Panchkula,Karnataka,India,2025-08-25,Silver,False
3256,Darika,Dalal,Male,1962-03-03,kamdarlaban@example.net,07416119048,Sangli-Miraj & Kupwad,Uttar Pradesh,India,2023-07-05,Silver,False
3257,Ladli,Anand,Male,1976-07-29,arin33@example.org,02185110732,Chandrapur,Tamil Nadu,India,2022-06-10,Bronze,False
3258,Urishilla,Vaidya,Male,1973-12-18,ubika18@example.com,05983554365,Panihati,Delhi,India,2025-09-21,Bronze,True
3259,Reyansh,Devan,Male,1979-07-06,chatura45@example.com,08520190932,Rampur,Gujarat,India,2023-01-17,Bronze,True
3260,Advay,Borde,Male,2003-08-08,mgade@example.net,+919747731832,Sirsa,Gujarat,India,2023-08-24,Bronze,True
3261,Raksha,Narula,Female,1978-10-30,kamyakhurana@example.net,+911491355709,Bijapur,Maharashtra,India,2022-01-18,Bronze,True
3262,Harrison,Cheema,Female,1962-01-28,krisha13@example.net,08685622232,Karawal Nagar,Delhi,India,2024-06-26,Bronze,False
3263,Robert,Varghese,Female,1960-12-20,dasguptalajita@example.org,07415336226,Tiruvottiyur,Uttar Pradesh,India,2023-07-18,Platinum,True
3264,Bhavini,Gade,Female,1977-10-31,boranoah@example.org,1746301139,Visakhapatnam,Uttar Pradesh,India,2025-05-21,Silver,True
3265,Fiyaz,Shukla,Male,1962-10-11,hegdesara@example.org,+919473843395,Machilipatnam,Karnataka,India,2026-03-11,Silver,True
3266,Bhavya,Handa,Male,1985-05-08,divanqabil@example.net,+914787517884,Berhampore,Maharashtra,India,2021-11-01,Gold,True
3267,Wriddhish,Kaur,Male,2006-09-16,isha84@example.net,+911795877913,Gopalpur,Gujarat,India,2024-08-20,Bronze,True
3268,Elijah,Palla,Male,1957-06-15,sandaljairaj@example.org,1337800505,Chinsurah,Maharashtra,India,2025-03-22,Bronze,True
3269,Varenya,Manne,Female,1975-07-11,ashan@example.net,03386446325,Surat,Rajasthan,India,2022-12-08,Bronze,False
3270,Guneet,Mohanty,Male,1973-08-21,ghans@example.org,0779457050,Gudivada,Gujarat,India,2023-10-28,Silver,True
3271,Jyoti,Ramaswamy,Female,1963-03-02,jatindeo@example.com,+910633273796,Tirupati,Tamil Nadu,India,2024-06-19,Bronze,True
3272,Watika,Sundaram,Male,1991-03-14,shankarkavya@example.org,5761049087,Jaipur,Maharashtra,India,2024-05-21,Gold,False
3273,Sneha,Savant,Male,1961-03-17,yjha@example.org,+917241057992,Muzaffarpur,Maharashtra,India,2026-01-02,Bronze,True
3274,Wakeeta,Biswas,Female,1995-10-17,hemal09@example.net,02034315537,Ambala,Gujarat,India,2026-03-08,Bronze,False
3275,Agastya,Chana,Male,2007-02-27,mugdha85@example.net,2814099024,Allahabad,Tamil Nadu,India,2024-04-23,Bronze,False
3276,Hiral,Thakkar,Female,2000-04-23,prabhumegha@example.com,+910373762203,Nangloi Jat,Maharashtra,India,2021-11-02,Bronze,False
3277,Mahika,Bera,Female,1996-01-20,hswamy@example.net,07817637746,Mathura,West Bengal,India,2022-11-05,Bronze,True
3278,Yash,Pillai,Male,1994-05-21,bailchaitanya@example.com,4773146809,Khammam,Karnataka,India,2023-06-08,Platinum,True
3279,Aashi,Suri,Female,2000-09-29,tchaudry@example.com,2349914047,Agartala,Uttar Pradesh,India,2022-08-27,Bronze,True
3280,Chandani,Lad,Male,2006-01-29,purohittripti@example.org,4029306777,Jammu,Gujarat,India,2021-09-01,Platinum,True
3281,Hemangini,Bandi,Male,2006-06-17,sagarchanchal@example.org,+912757442332,Parbhani,Uttar Pradesh,India,2024-05-26,Gold,True
3282,Simon,Thakur,Female,1974-01-18,baradfaris@example.net,3520946779,Purnia,Uttar Pradesh,India,2025-07-08,Silver,True
3283,Dakshesh,Sachdev,Female,2006-01-25,xpathak@example.net,+913294415296,Tenali,Rajasthan,India,2023-09-23,Bronze,True
3284,Jagrati,Chaudhry,Female,1984-11-08,rsundaram@example.org,+911802185001,Kumbakonam,Uttar Pradesh,India,2024-05-18,Silver,True
3285,Janani,Dhawan,Female,1999-05-02,guneet54@example.org,9889586969,Hospet,Tamil Nadu,India,2025-03-14,Bronze,True
3286,Lavanya,Chaudhuri,Female,1997-03-03,yhalder@example.net,+915582432974,Eluru,Tamil Nadu,India,2023-09-24,Silver,True
3287,Samuel,Sunder,Female,1963-11-30,ekalinga95@example.com,8247583121,Rampur,Rajasthan,India,2024-01-30,Silver,True
3288,Fiyaz,Gill,Female,2002-08-20,deepa48@example.net,7181321569,Kakinada,West Bengal,India,2022-06-15,Bronze,False
3289,Pushti,Dhar,Male,1964-05-11,kparekh@example.net,09118229450,Khora ,Gujarat,India,2025-12-20,Gold,True
3290,Niharika,Bal,Female,1958-01-25,abhiramloyal@example.net,02280503144,Barasat,Uttar Pradesh,India,2024-09-28,Bronze,True
3291,Chakradev,Dalal,Male,2003-06-25,borazaid@example.com,+919402832784,Bhiwandi,Rajasthan,India,2025-02-04,Silver,True
3292,Ubika,Yogi,Female,1973-05-20,anamika94@example.org,8991398724,Ongole,Tamil Nadu,India,2025-06-04,Gold,True
3293,Sara,Bahri,Male,1985-09-24,bbansal@example.com,3864072862,Hyderabad,West Bengal,India,2024-09-28,Bronze,False
3294,Yashoda,Oommen,Male,1975-10-29,ryanchaudry@example.org,08478241430,Vadodara,Maharashtra,India,2026-04-28,Silver,True
3295,Anamika,Vyas,Female,2004-08-24,klata@example.net,2254740510,Unnao,Tamil Nadu,India,2023-09-03,Silver,True
3296,Amruta,Ramesh,Female,1971-01-07,fkrishnan@example.org,04562576992,Gaya,Karnataka,India,2026-06-15,Bronze,True
3297,Alka,Nadig,Female,1978-06-01,venkataramanaarush@example.org,+912532046273,Noida,West Bengal,India,2022-06-13,Bronze,True
3298,Aahana,Krishnan,Female,1974-05-17,eiravati85@example.com,04882360761,Durg,Karnataka,India,2023-11-28,Bronze,False
3299,Irya,Narain,Male,1960-03-12,tristanchakrabarti@example.org,3323318760,Medininagar,Delhi,India,2022-03-13,Silver,True
3300,Isha,Kota,Female,1961-09-07,chakradev77@example.net,04751389216,Nagaon,Tamil Nadu,India,2023-07-31,Gold,True
3301,Gayathri,Kakar,Male,1967-12-04,wmunshi@example.com,8784445847,Phusro,West Bengal,India,2022-01-19,Bronze,True
3302,Ria,Khatri,Male,1973-05-21,yasti25@example.net,4294824142,Aurangabad,Delhi,India,2026-03-07,Bronze,True
3303,Faqid,Sinha,Female,1987-01-07,shravya83@example.org,+918441188874,Delhi,Karnataka,India,2024-12-03,Bronze,True
3304,Ekantika,Deep,Male,1961-03-29,wsami@example.org,03129665547,Mango,Gujarat,India,2026-04-03,Bronze,True
3305,Bishakha,Rattan,Female,1969-07-09,ubika69@example.org,01663894468,Avadi,Rajasthan,India,2023-07-19,Silver,True
3306,Vihaan,Jhaveri,Female,1983-09-17,falgunirao@example.net,6204404438,Bhilwara,Rajasthan,India,2022-05-14,Bronze,True
3307,Harita,Srinivas,Female,1981-04-09,vdubey@example.org,+913833353423,Dewas,West Bengal,India,2021-11-23,Silver,False
3308,Anmol,Chawla,Male,1976-10-13,hegdepooja@example.net,+913570243851,Jalandhar,Uttar Pradesh,India,2025-08-09,Platinum,False
3309,Yasti,Sangha,Female,1970-07-18,jharehaan@example.com,4831354314,Dehri,Rajasthan,India,2025-01-14,Bronze,False
3310,Meghana,Walia,Female,1997-06-09,ppanchal@example.com,02582691059,Mirzapur,Karnataka,India,2026-03-14,Bronze,True
3311,Pratyush,Prashad,Female,1956-09-08,nbatta@example.net,+918687233025,Tiruchirappalli,Maharashtra,India,2026-07-19,Bronze,False
3312,Gautami,Om,Male,1982-07-31,hemang87@example.org,05567645293,Jodhpur,Uttar Pradesh,India,2026-07-05,Bronze,True
3313,Anvi,Hans,Male,1966-05-22,irapingle@example.net,8568275278,Vijayanagaram,Delhi,India,2021-09-08,Silver,True
3314,Hritik,Basak,Female,1957-07-05,libnichoudhury@example.net,05591485134,Unnao,West Bengal,India,2022-03-07,Silver,True
3315,Hiral,Kadakia,Female,2006-10-08,lucky64@example.net,3252609264,Mathura,Maharashtra,India,2022-06-30,Bronze,False
3316,Ekalinga,Jhaveri,Male,1995-09-01,kauranjali@example.net,8241119012,Sambhal,West Bengal,India,2022-02-12,Bronze,True
3317,Simon,Choudhry,Male,1994-12-06,shereedhitha@example.com,2169060420,Rajahmundry,Uttar Pradesh,India,2025-09-17,Bronze,True
3318,Hitesh,Kala,Female,1971-08-28,bsankar@example.org,7261776544,Davanagere,Gujarat,India,2025-09-24,Silver,False
3319,Manthan,Prabhu,Male,1995-12-16,jrau@example.com,3888292722,Siwan,Gujarat,India,2024-06-01,Silver,False
3320,Azad,Mahajan,Male,1996-05-24,nitesh60@example.com,07524446867,Guntakal,Uttar Pradesh,India,2023-08-11,Bronze,True
3321,Sarthak,Shukla,Male,1978-12-17,kabir51@example.net,3347030781,Srikakulam,Gujarat,India,2025-09-25,Silver,False
3322,Unni,Dhingra,Male,1956-12-06,chhabrafariq@example.net,+911018357604,Avadi,Tamil Nadu,India,2025-03-29,Platinum,True
3323,Janya,Nair,Male,1961-07-12,daksh03@example.net,02897078666,Singrauli,Uttar Pradesh,India,2026-05-12,Bronze,True
3324,Samarth,Golla,Female,1983-04-01,yatinchana@example.net,00923353417,Naihati,Tamil Nadu,India,2022-03-19,Silver,True
3325,Daniel,Seth,Female,1983-07-19,rattanijaya@example.org,3277791990,Haridwar,Tamil Nadu,India,2025-05-01,Bronze,False
3326,Aditya,Mukhopadhyay,Male,1974-10-09,bishakhagrewal@example.org,8925841510,Danapur,Uttar Pradesh,India,2022-03-25,Gold,True
3327,Brinda,Kanda,Male,1964-02-17,nishapurohit@example.org,04639088193,Nizamabad,Tamil Nadu,India,2025-05-03,Bronze,True
3328,Lajita,Kurian,Female,1974-12-18,chasmum81@example.com,0145582194,Giridih,Uttar Pradesh,India,2021-10-17,Bronze,False
3329,Vedant,Bhasin,Male,1998-11-01,voraati@example.com,+915585285646,Ludhiana,Rajasthan,India,2025-03-16,Silver,True
3330,Jacob,Karpe,Female,2001-08-20,farhanbava@example.org,+918443066614,Pallavaram,Uttar Pradesh,India,2023-04-25,Bronze,False
3331,Ishanvi,Narayanan,Female,1956-05-23,pingleneel@example.org,+915948228441,Jodhpur,Karnataka,India,2022-04-14,Bronze,True
3332,Ishani,Dhar,Female,1970-05-20,quincychana@example.com,+915550563892,Guntakal,Uttar Pradesh,India,2022-03-27,Bronze,True
3333,Zaitra,Rau,Male,1962-10-24,esavant@example.com,08674251239,Serampore,Karnataka,India,2023-05-10,Bronze,True
3334,Vansha,Gole,Male,2008-07-24,shankarishani@example.net,+915988567397,Kollam,Delhi,India,2024-06-24,Bronze,True
3335,Bina,Golla,Female,1963-09-16,chanderakshay@example.org,4493895975,Gulbarga,Uttar Pradesh,India,2025-04-09,Bronze,True
3336,Abha,Tata,Female,1989-03-09,meera56@example.org,9611371809,Jamnagar,Karnataka,India,2024-05-12,Silver,True
3337,Yug,Bandi,Male,1966-03-25,shaurya18@example.org,3053858121,Gudivada,Tamil Nadu,India,2022-07-05,Bronze,False
3338,Kritika,Varughese,Male,1996-11-22,duanathan@example.net,07722714579,Faridabad,Rajasthan,India,2024-10-24,Bronze,True
3339,Ojasvi,Dube,Male,1965-06-19,liam51@example.org,3250736546,Latur,Gujarat,India,2023-06-03,Silver,True
3340,Wriddhish,Dass,Female,1983-09-20,triptitrivedi@example.org,4687952642,Latur,Tamil Nadu,India,2024-08-03,Bronze,True
3341,Jeremiah,Chaudhuri,Female,1967-07-16,jeremiah05@example.net,9140568571,Bikaner,Delhi,India,2022-07-29,Bronze,False
3342,Gavin,Narula,Female,2002-07-17,boaseomisha@example.com,03444092780,Kishanganj,Uttar Pradesh,India,2025-06-04,Bronze,True
3343,Liam,Chokshi,Female,1980-11-17,balveersaxena@example.com,+912587840610,Jamnagar,Karnataka,India,2022-07-08,Bronze,True
3344,Zansi,Krish,Male,1988-08-19,oscar93@example.net,02201949735,Ballia,Karnataka,India,2023-03-24,Bronze,True
3345,Unnati,Rout,Male,1990-11-30,nrama@example.net,+910815601286,Amaravati,Delhi,India,2024-02-10,Silver,False
3346,Vasatika,Basak,Female,1969-04-29,birpanini@example.net,0157206702,Srikakulam,Delhi,India,2024-02-16,Gold,False
3347,Wridesh,Ramesh,Male,1994-10-31,sganesh@example.com,+914327545604,Dibrugarh,West Bengal,India,2023-10-08,Bronze,True
3348,Sara,Soman,Female,1997-02-26,mravi@example.net,7992106382,Katihar,Maharashtra,India,2024-08-09,Bronze,True
3349,Chatura,Shere,Female,1957-08-01,barya@example.org,+912494439190,Dibrugarh,Uttar Pradesh,India,2021-08-26,Silver,True
3350,Caleb,Baria,Male,1980-03-06,grai@example.net,04255900363,Yamunanagar,Uttar Pradesh,India,2022-10-30,Silver,False
3351,Tanay,Majumdar,Male,2000-08-19,roberttandon@example.org,0613073066,Darbhanga,Delhi,India,2023-02-19,Silver,True
3352,Sanya,Ram,Female,1975-10-19,vboase@example.com,+919601103956,Bikaner,Karnataka,India,2022-11-09,Bronze,True
3353,Wyatt,Mohanty,Female,1977-06-16,ykorpal@example.com,02682390782,Bidar,Karnataka,India,2025-12-24,Silver,True
3354,Vedant,Borah,Male,1986-03-08,revagarde@example.net,0009882830,Jhansi,Rajasthan,India,2022-03-24,Bronze,True
3355,Tamanna,Ramaswamy,Female,1957-10-08,bhallabarkha@example.org,3946405139,Pallavaram,Rajasthan,India,2023-06-01,Bronze,True
3356,Pranav,Chopra,Female,1959-05-27,mohanjatin@example.com,02458750793,Nizamabad,Uttar Pradesh,India,2023-10-06,Silver,False
3357,Neel,Shere,Male,1965-09-04,ksaraf@example.net,+915379121662,Saharanpur,Uttar Pradesh,India,2025-11-19,Bronze,False
3358,Chaitanya,Tandon,Female,1956-06-28,raonitara@example.net,9919720424,Muzaffarnagar,Karnataka,India,2026-06-17,Bronze,True
3359,Upma,Anand,Female,1965-10-13,irya17@example.com,+919781827630,Vijayanagaram,Gujarat,India,2024-12-12,Silver,True
3360,Mason,Mane,Female,2006-08-24,panini94@example.net,+915109972166,Mangalore,Rajasthan,India,2025-10-01,Gold,True
3361,Dhriti,Oommen,Female,1965-06-15,darvamakshi@example.org,+917537032576,Baranagar,Gujarat,India,2023-04-03,Bronze,True
3362,Dakshesh,Chhabra,Female,1988-08-16,manya17@example.net,2588655911,Silchar,Gujarat,India,2026-03-10,Bronze,False
3363,Meera,Ray,Male,1981-04-10,wuppal@example.com,+916075060764,Durgapur,Tamil Nadu,India,2025-03-29,Gold,True
3364,Jacob,Sen,Male,1995-10-10,avimody@example.org,+917206680432,Baranagar,Rajasthan,India,2024-10-28,Silver,True
3365,Darpan,Talwar,Male,1973-09-04,chandani61@example.com,00604064254,Mango,Uttar Pradesh,India,2021-12-24,Silver,True
3366,Sai,Kannan,Male,1963-12-08,garimasoni@example.net,4655752558,Bhubaneswar,Gujarat,India,2023-07-07,Silver,True
3367,Yug,Shanker,Female,1957-02-23,rmohanty@example.org,09929104225,Amravati,Tamil Nadu,India,2021-08-03,Gold,False
3368,Matthew,Dave,Female,1966-08-18,keerdalbir@example.org,+917770253007,Jabalpur,Delhi,India,2021-11-19,Bronze,True
3369,Krishna,Rastogi,Female,1967-07-19,loyalfinn@example.org,+915334665019,Begusarai,Rajasthan,India,2021-10-17,Bronze,True
3370,Fitan,Hegde,Female,1961-11-30,balendramorar@example.net,+913057047583,Serampore,Karnataka,India,2026-04-23,Platinum,False
3371,Girish,Narasimhan,Male,2003-07-07,mshan@example.net,0509990825,Rewa,Karnataka,India,2022-06-06,Bronze,True
3372,Yochana,Pillai,Female,1960-01-28,msetty@example.com,+914035276520,Bharatpur,Uttar Pradesh,India,2024-03-15,Gold,True
3373,Aarini,Sha,Female,1961-03-22,maniaadi@example.net,+911931842726,Rohtak,Delhi,India,2026-04-18,Bronze,False
3374,Advika,Bobal,Female,2004-07-05,zachariahyachana@example.net,6424048828,Bhopal,Karnataka,India,2021-09-11,Bronze,False
3375,Abeer,Hans,Female,2003-08-22,dhawanfaqid@example.com,7813231358,Indore,Karnataka,India,2022-06-01,Bronze,True
3376,Jagdish,De,Female,1993-03-09,ria95@example.org,+915203709622,Nellore,Maharashtra,India,2024-09-18,Bronze,True
3377,Tejas,Sharma,Female,1980-07-23,bhavikanadkarni@example.net,05947981017,Narasaraopet,Karnataka,India,2024-06-09,Silver,True
3378,Gaurav,Dhar,Male,1976-01-13,comarria@example.com,04902853638,Mahbubnagar,Karnataka,India,2022-09-17,Gold,False
3379,Januja,Lal,Male,1961-06-02,ranveerdhawan@example.org,08659925319,Bettiah,Maharashtra,India,2025-09-10,Gold,True
3380,Tamanna,Mand,Male,2003-09-10,bimala12@example.com,+918981196187,Buxar,Karnataka,India,2023-03-06,Bronze,True
3381,Anya,Bal,Female,1975-11-04,tgoyal@example.com,+913489512245,Hosur,West Bengal,India,2023-06-18,Bronze,True
3382,Krisha,Roy,Female,1980-01-17,byohannan@example.org,04014889835,Chittoor,Rajasthan,India,2024-10-05,Gold,True
3383,Rishi,Agarwal,Male,1986-04-20,muttibrijesh@example.net,03703430165,Aligarh,Rajasthan,India,2023-05-05,Silver,True
3384,Bahadurjit,Kalla,Female,1964-01-20,aarav13@example.net,+916230203163,Dehri,Delhi,India,2022-07-22,Silver,True
3385,Lavanya,Krishna,Male,1990-01-14,danielpradhan@example.net,7789246204,Nangloi Jat,Karnataka,India,2025-09-25,Silver,True
3386,Guneet,Iyengar,Female,2001-01-19,mitesh23@example.com,9453667307,Jamshedpur,Karnataka,India,2022-03-18,Bronze,False
3387,Lakshmi,Upadhyay,Male,1977-10-06,gaurangimore@example.net,+910067175454,Ranchi,Delhi,India,2024-03-01,Bronze,True
3388,Samaksh,Sarin,Male,1995-07-14,ibumb@example.com,0465398305,Kanpur,Delhi,India,2022-12-14,Bronze,True
3389,Hemani,Pal,Male,1973-01-11,kadeekantika@example.com,+917073726066,New Delhi,Gujarat,India,2024-03-12,Bronze,False
3390,Wishi,Madan,Female,1988-11-13,rehaan99@example.net,+919744834956,Nellore,Delhi,India,2021-09-30,Bronze,True
3391,Gavin,Srivastava,Female,1970-12-05,ishwar43@example.com,4402878636,Muzaffarpur,Uttar Pradesh,India,2022-10-11,Bronze,False
3392,Sai,Bhagat,Female,1981-06-05,iviswanathan@example.org,07263888910,Vellore,Maharashtra,India,2023-10-30,Silver,True
3393,Deepa,Baral,Male,1991-07-27,igrover@example.com,+918387995036,Gurgaon,Uttar Pradesh,India,2024-11-24,Bronze,True
3394,Raksha,Soman,Female,1987-03-03,amaharaj@example.com,0240724522,Hindupur,Maharashtra,India,2022-08-06,Bronze,False
3395,Ijaya,More,Female,1978-04-21,smohan@example.net,+913971811002,Vijayawada,Delhi,India,2022-11-19,Bronze,True
3396,Yahvi,Brar,Female,1999-05-16,smital@example.net,+913584746659,Nagercoil,Tamil Nadu,India,2026-02-25,Silver,True
3397,Noah,De,Male,1998-11-05,qlad@example.com,07058324433,Jamalpur,Rajasthan,India,2025-10-01,Bronze,True
3398,Diya,Kadakia,Male,2001-05-21,mbhasin@example.net,6092288699,Pune,Gujarat,India,2025-10-22,Gold,False
3399,Raksha,Vora,Female,1981-09-24,divya84@example.org,+915795522328,Kota,Maharashtra,India,2024-08-06,Silver,True
3400,Arunima,Chowdhury,Male,2001-06-01,krishnamurthyturvi@example.net,0497501363,Katihar,Uttar Pradesh,India,2022-07-22,Silver,True
3401,Avni,Yogi,Female,1985-01-31,bakhshi37@example.com,+915982978763,Nanded,Rajasthan,India,2023-08-20,Bronze,True
3402,Azad,Mohanty,Female,1980-06-06,isaackarnik@example.com,4332394146,Nanded,West Bengal,India,2023-11-24,Silver,False
3403,Lajita,Chana,Male,1994-07-31,balvannarayanan@example.net,+913320181388,Jaunpur,West Bengal,India,2025-11-26,Bronze,True
3404,Amaira,Ganesan,Female,1979-03-24,gopalbalasubramanian@example.org,2226584223,Bhilwara,Rajasthan,India,2025-04-23,Gold,True
3405,Onkar,Raghavan,Female,2000-08-21,agastyakuruvilla@example.org,05810375818,Shahjahanpur,Tamil Nadu,India,2021-08-25,Bronze,True
3406,Ranveer,Thakur,Male,1971-05-29,idikahari@example.org,8622827104,Amravati,West Bengal,India,2025-02-14,Bronze,True
3407,Shaurya,Brahmbhatt,Male,2001-05-20,ikbal50@example.net,5378995879,Patna,Tamil Nadu,India,2025-05-05,Bronze,True
3408,Triveni,Rana,Female,1967-11-09,kurianyasti@example.com,00597361991,Alappuzha,Karnataka,India,2023-04-07,Silver,True
3409,Yashoda,Mahal,Female,2007-06-05,karpejairaj@example.com,+910082946955,Maheshtala,Tamil Nadu,India,2025-12-20,Bronze,False
3410,Charles,Choudhary,Female,1963-11-05,adityakrishna@example.org,3903092357,Bellary,Tamil Nadu,India,2026-03-13,Bronze,True
3411,Girik,Bawa,Male,1970-06-26,henry08@example.org,02044101898,Eluru,Karnataka,India,2025-12-22,Bronze,True
3412,Ridhi,Sood,Male,1983-07-10,ramaswamydarsh@example.org,09039260133,Guntur,Tamil Nadu,India,2022-03-22,Bronze,False
3413,Dakshesh,Badami,Female,1980-05-13,palanharita@example.org,05727912705,Bangalore,Tamil Nadu,India,2022-06-04,Bronze,True
3414,Ishwar,Mannan,Male,1974-10-10,ahluwaliahardik@example.org,1429730188,Durg,Karnataka,India,2023-08-03,Silver,True
3415,Parth,Gola,Male,1989-10-31,gaganbaria@example.com,09164082278,Khandwa,Karnataka,India,2023-01-21,Silver,True
3416,Tripti,Morar,Male,1978-05-10,liam48@example.org,06580519347,Ambattur,Tamil Nadu,India,2025-08-26,Silver,True
3417,Guneet,Tripathi,Male,1979-04-25,chandwidisha@example.org,07266500489,Mango,Maharashtra,India,2024-05-16,Bronze,True
3418,Gopal,Saran,Female,1961-08-12,devdhaliwal@example.net,+911590843400,Jamnagar,Maharashtra,India,2021-08-14,Silver,True
3419,Samesh,Amble,Female,2007-03-20,nidhibora@example.com,5490428854,Hyderabad,Tamil Nadu,India,2025-03-17,Bronze,False
3420,Shivani,Taneja,Male,1978-10-18,bahadurjitkashyap@example.net,04049194664,Khammam,Tamil Nadu,India,2022-03-30,Bronze,True
3421,Maanav,Sankaran,Female,1956-11-11,avni64@example.com,+914420639626,Tiruchirappalli,Uttar Pradesh,India,2023-07-15,Bronze,True
3422,Azaan,Kari,Male,1965-02-28,darshrattan@example.org,+911286053624,Ajmer,Delhi,India,2026-06-10,Bronze,True
3423,Mitesh,Balan,Male,1986-10-03,niharika79@example.net,+910882415881,Machilipatnam,West Bengal,India,2025-06-21,Bronze,True
3424,Geetika,Brar,Female,1987-03-09,gabagagan@example.org,+919207713650,Jammu,Uttar Pradesh,India,2023-03-23,Silver,False
3425,Ekiya,Datta,Female,1966-03-14,advik99@example.org,2755692087,Morbi,Uttar Pradesh,India,2023-01-15,Platinum,True
3426,Nikita,Menon,Female,1986-05-23,nsolanki@example.net,02449091207,South Dumdum,Gujarat,India,2025-08-09,Silver,False
3427,Dominic,Naik,Male,2005-07-01,pranit99@example.com,+917209098644,Pimpri-Chinchwad,Uttar Pradesh,India,2022-01-09,Bronze,True
3428,Bachittar,Ranganathan,Male,1980-10-29,wbalay@example.org,08007311167,Coimbatore,Karnataka,India,2024-08-02,Silver,True
3429,Chaitanya,Dey,Female,2000-02-19,tanvi79@example.net,1652541591,Parbhani,Karnataka,India,2022-11-10,Silver,False
3430,Nikita,Issac,Female,1997-04-21,rehaanchada@example.org,06108394924,Fatehpur,West Bengal,India,2026-03-13,Bronze,True
3431,Urishilla,Kunda,Female,1979-05-08,asastry@example.net,1277236910,Ludhiana,Uttar Pradesh,India,2023-04-09,Bronze,True
3432,Jalsa,Apte,Male,2004-08-17,natarajanoviya@example.org,01571157943,Hosur,West Bengal,India,2022-02-23,Silver,True
3433,Shivansh,Nayar,Female,1959-01-22,upasnasibal@example.net,05277662154,Gulbarga,Tamil Nadu,India,2023-08-31,Silver,True
3434,Yatan,Rajagopal,Female,1990-12-29,smandal@example.com,+911936399824,Dhanbad,Delhi,India,2025-10-04,Bronze,True
3435,Sai,Keer,Female,1991-05-05,januja81@example.net,+916873383955,Jaunpur,Gujarat,India,2026-03-13,Bronze,False
3436,Nikita,Agrawal,Female,2006-02-15,mitterviraj@example.org,+912395377418,Bhopal,Rajasthan,India,2024-03-30,Gold,False
3437,Aarush,Shere,Male,2007-08-06,vraju@example.com,+916612167444,Raurkela Industrial Township,West Bengal,India,2021-08-04,Platinum,True
3438,Harini,Chaudhari,Male,2002-03-19,wsodhi@example.org,00902632046,Berhampore,Karnataka,India,2022-06-29,Bronze,True
3439,Tristan,Bhavsar,Female,1980-09-06,ijaya36@example.com,9038126234,Mumbai,Uttar Pradesh,India,2023-10-16,Gold,False
3440,Ekansh,Yohannan,Male,1989-12-18,joshidiya@example.org,06536053174,Tadipatri,Gujarat,India,2025-03-25,Bronze,False
3441,Saksham,Manne,Male,1998-10-28,rarya@example.com,00613634756,Munger,Uttar Pradesh,India,2025-05-10,Bronze,True
3442,Bahadurjit,Hayre,Male,1996-03-29,rattavyanjana@example.com,02867194088,Surendranagar Dudhrej,Gujarat,India,2022-01-23,Gold,True
3443,Advik,Tripathi,Male,1959-03-23,abeer63@example.org,+915384005088,Faridabad,Karnataka,India,2024-03-27,Bronze,True
3444,Ladli,Chand,Male,1993-09-14,wadhwahredhaan@example.net,5019274898,Bhilai,Maharashtra,India,2024-06-07,Silver,True
3445,Kai,Dixit,Male,1968-10-25,noahkhare@example.net,+910218226688,Singrauli,Uttar Pradesh,India,2022-06-24,Bronze,False
3446,Samar,Dube,Female,1980-08-06,tanmayi86@example.com,5963299086,Pondicherry,Rajasthan,India,2022-10-01,Bronze,True
3447,Ekansh,Dixit,Male,2006-12-25,tanmayipillai@example.net,+919410220331,Meerut,Uttar Pradesh,India,2022-05-31,Silver,False
3448,Rachana,Iyer,Male,1964-12-07,sanghvifalguni@example.net,07219207698,Erode,Karnataka,India,2024-05-14,Platinum,True
3449,Jason,Khatri,Female,1963-08-08,abduldasgupta@example.net,+918293749665,Kadapa,Rajasthan,India,2022-05-02,Silver,False
3450,Sai,Nath,Female,1970-04-19,nilimasarma@example.com,00847625029,Ranchi,Tamil Nadu,India,2024-05-28,Bronze,True
3451,Mohini,Karan,Male,1960-05-08,praneel44@example.com,9100490901,Unnao,West Bengal,India,2025-06-04,Bronze,True
3452,Ekanta,Tripathi,Male,1994-02-20,obhalla@example.net,+914414190542,New Delhi,Maharashtra,India,2023-05-09,Bronze,True
3453,Baghyawati,Kapur,Male,1962-05-24,varenyabuch@example.com,9115826189,Cuttack,West Bengal,India,2023-08-13,Silver,False
3454,Yashvi,Solanki,Male,1979-09-21,farhanmangal@example.net,06294041622,Hyderabad,West Bengal,India,2024-03-22,Silver,True
3455,Bhavika,Raja,Male,2003-01-02,anya67@example.net,07190863171,Begusarai,Maharashtra,India,2023-02-28,Platinum,True
3456,Chameli,Deep,Male,2005-11-19,guhaijaya@example.org,1786203323,Bhatpara,Gujarat,India,2025-11-17,Silver,True
3457,Qadim,Raju,Male,1997-11-19,unaik@example.net,0923377705,Anand,Uttar Pradesh,India,2023-01-22,Gold,True
3458,Baljiwan,Savant,Female,1975-01-05,gapte@example.com,07929504992,Siliguri,Karnataka,India,2023-05-12,Bronze,False
3459,Gayathri,Biswas,Female,1998-08-27,gopal89@example.org,03550625252,Patiala,Rajasthan,India,2022-09-06,Gold,True
3460,Jhalak,Mohan,Female,1976-07-03,tanveerahluwalia@example.net,9559401296,Gurgaon,Rajasthan,India,2023-04-05,Silver,True
3461,Jagvi,Krishnamurthy,Male,1985-07-07,vdeshpande@example.org,9766198846,Kadapa,Delhi,India,2023-12-13,Gold,False
3462,Rachita,Cheema,Female,1961-04-07,varora@example.net,+918144175425,Bally,Gujarat,India,2022-08-23,Bronze,True
3463,Qadim,Sane,Female,1956-03-01,rloyal@example.org,+911625623296,Udaipur,West Bengal,India,2022-01-17,Bronze,True
3464,Champak,Dewan,Female,1964-07-12,choudhryadya@example.com,0467716891,Bathinda,Karnataka,India,2022-09-18,Gold,True
3465,Vansha,Varty,Male,1955-08-04,svaidya@example.net,04644405068,Bhagalpur,Delhi,India,2025-10-14,Bronze,True
3466,Amaira,Suri,Male,2006-04-26,dramakrishnan@example.org,+918001431546,Bareilly,Rajasthan,India,2021-11-07,Bronze,False
3467,Harish,Mishra,Female,1981-05-10,osolanki@example.net,5563220395,Bikaner,Rajasthan,India,2022-09-11,Bronze,True
3468,Prisha,Suresh,Male,2005-06-24,krish89@example.com,08074616946,Jalandhar,Uttar Pradesh,India,2025-12-27,Gold,True
3469,Henry,Gulati,Female,1959-04-07,krish42@example.net,+916412080798,Suryapet,Maharashtra,India,2026-07-01,Bronze,False
3470,Arya,Tak,Male,1962-07-29,dhingrarajata@example.com,8695428719,Tenali,West Bengal,India,2022-11-22,Bronze,True
3471,Zayyan,Jayaraman,Female,1978-11-10,balasubramaniankiaan@example.org,7895262766,Buxar,Rajasthan,India,2025-06-10,Bronze,True
3472,Matthew,Bhat,Female,1992-09-09,harishshetty@example.com,0165150679,Tadipatri,Uttar Pradesh,India,2024-05-03,Gold,False
3473,Raagini,Shetty,Male,1998-01-08,wriddhish79@example.com,+911481214945,Haldia,West Bengal,India,2026-04-12,Bronze,True
3474,Logan,Mitter,Female,1983-08-31,rajanijaya@example.net,06799441436,Thoothukudi,Delhi,India,2025-03-06,Silver,True
3475,Edhitha,Krishnamurthy,Female,1960-06-05,rachanakapoor@example.org,+910892604657,Chennai,Tamil Nadu,India,2025-02-18,Silver,False
3476,Gaurangi,Tailor,Male,1967-05-03,banjeet39@example.net,+912922906269,Hapur,Karnataka,India,2025-07-02,Bronze,True
3477,Vaishnavi,Bora,Male,2007-02-19,upandya@example.com,9588813911,Noida,West Bengal,India,2022-05-22,Bronze,True
3478,Avni,Zachariah,Male,1977-06-28,pranganathan@example.com,+910360961399,Ujjain,Maharashtra,India,2025-01-09,Bronze,True
3479,Neha,Tata,Male,1969-01-02,naveendivan@example.org,09127181559,Bharatpur,Tamil Nadu,India,2022-04-16,Bronze,True
3480,Edhitha,Bhagat,Female,1976-05-26,shenoyayush@example.org,+916344207247,Faridabad,Karnataka,India,2024-09-21,Bronze,True
3481,Ranbir,Hayre,Female,1979-01-10,sarinfaqid@example.org,07925220286,Kumbakonam,Karnataka,India,2024-09-01,Bronze,True
3482,Ethan,Acharya,Male,2005-01-12,jeevikaoak@example.org,08437360332,Sambhal,Maharashtra,India,2022-07-12,Gold,True
3483,Ikshita,Dasgupta,Male,1961-01-14,mukhopadhyayyachana@example.com,6037180239,Dharmavaram,West Bengal,India,2024-05-27,Gold,False
3484,Ekalinga,Mangal,Male,1960-07-17,kritika85@example.net,4094013637,Katihar,Gujarat,India,2025-06-19,Silver,True
3485,Osha,Apte,Female,1994-10-10,qarinpanchal@example.org,7452078201,Bellary,Tamil Nadu,India,2026-02-19,Bronze,True
3486,Kalpit,Menon,Male,1982-07-31,abhaanand@example.com,07764600132,Dehri,Karnataka,India,2025-12-24,Bronze,True
3487,Wishi,Joshi,Female,1987-10-06,idugar@example.net,+916840166043,Nizamabad,Maharashtra,India,2026-02-23,Bronze,True
3488,Umang,Wali,Male,1985-03-18,skrishna@example.net,04510469510,Malegaon,Uttar Pradesh,India,2022-10-09,Gold,True
3489,Chaman,Bedi,Female,1956-09-17,ochokshi@example.org,+918386458339,Srikakulam,Gujarat,India,2024-06-22,Silver,False
3490,Robert,Dhawan,Female,1962-01-17,nehasubramaniam@example.net,06324634973,Jamnagar,Delhi,India,2022-06-25,Silver,True
3491,Yauvani,Pillay,Female,2002-03-30,iravarkey@example.org,+919490614570,Jammu,Delhi,India,2021-11-24,Bronze,True
3492,Dalbir,Nagarajan,Male,1963-12-14,wchauhan@example.com,03090880293,Surat,Maharashtra,India,2024-07-22,Bronze,True
3493,Inaya,Venkatesh,Male,1963-10-24,bhandariharinakshi@example.org,+916838072441,Bellary,Karnataka,India,2022-09-02,Platinum,True
3494,Eiravati,Dyal,Male,1993-08-15,sandhuurishilla@example.net,03331318453,Tiruppur,Karnataka,India,2023-08-19,Bronze,True
3495,Netra,Sunder,Female,1995-06-11,chadhaekiya@example.com,01656707677,Bathinda,Delhi,India,2023-12-23,Silver,False
3496,Akshay,Kothari,Female,2008-03-14,nimratsoni@example.org,+918610216583,Jamnagar,Karnataka,India,2025-02-20,Gold,True
3497,Yamini,Madan,Male,1991-01-13,bshah@example.com,7613430715,Mumbai,Uttar Pradesh,India,2024-06-04,Silver,True
3498,Oeshi,Saini,Male,1966-10-15,umann@example.org,+919720505793,Alappuzha,West Bengal,India,2023-03-09,Bronze,True
3499,Aradhana,Pathak,Male,1971-03-03,ymanda@example.com,3526144891,Farrukhabad,Maharashtra,India,2024-05-16,Gold,True
3500,Baljiwan,Pall,Female,1971-04-25,balamitali@example.org,7131270943,Jalandhar,Tamil Nadu,India,2025-09-23,Gold,False
3501,Yashasvi,Natarajan,Female,1957-03-24,vihaan18@example.net,05093917576,Bongaigaon,Rajasthan,India,2024-01-09,Bronze,True
3502,Nihal,Murty,Female,1992-10-30,paigopal@example.com,+910267550265,Panchkula,Rajasthan,India,2025-01-13,Platinum,True
3503,Chakrika,Kannan,Male,2000-03-16,ishwarhayre@example.com,04012475271,Salem,Tamil Nadu,India,2023-05-09,Platinum,False
3504,William,Chatterjee,Male,1959-05-08,chaayagill@example.net,+916789352848,Amravati,Uttar Pradesh,India,2025-12-09,Gold,True
3505,Mitali,Devan,Male,2000-03-20,jhayre@example.net,+919175436294,Panihati,Maharashtra,India,2026-02-06,Gold,True
3506,Patrick,Baral,Female,1999-05-05,mkalla@example.net,01197416137,Gandhidham,Gujarat,India,2026-05-04,Gold,True
3507,Harsh,Shenoy,Female,1966-11-06,nandaabha@example.net,00841807472,Aurangabad,Maharashtra,India,2024-03-10,Silver,True
3508,Oscar,Zacharia,Female,1978-07-03,ntak@example.net,+918211067192,Mau,Rajasthan,India,2023-07-06,Bronze,True
3509,Theodore,Tata,Female,1969-01-25,rehaan71@example.org,01640078961,Ghaziabad,Delhi,India,2022-09-29,Bronze,True
3510,Maanas,Srivastava,Female,1978-03-13,fpatil@example.net,+918416475124,Silchar,West Bengal,India,2025-05-07,Gold,True
3511,Matthew,Kulkarni,Female,1984-12-31,chavvi37@example.net,2422913225,Kurnool,Maharashtra,India,2023-12-26,Bronze,True
3512,Udyati,Bajaj,Female,1970-04-16,anay89@example.net,00630718188,Meerut,Maharashtra,India,2023-04-09,Bronze,True
3513,Imaran,Mukherjee,Female,1960-03-20,anyasha@example.com,09158071691,Chittoor,Karnataka,India,2024-08-14,Bronze,False
3514,Lavanya,Lanka,Female,2006-06-23,onichoudhry@example.org,00522219079,Akola,Delhi,India,2024-07-16,Gold,True
3515,Ganga,Oak,Female,1968-05-09,yogitejas@example.net,04629653570,Dehri,Gujarat,India,2024-12-03,Bronze,True
3516,Zinal,Dhillon,Male,1980-04-08,harini83@example.com,+915542559088,Rampur,Gujarat,India,2022-03-20,Bronze,True
3517,Chaaya,Krish,Male,1992-06-13,vedikachanda@example.net,0970626593,Purnia,Maharashtra,India,2025-11-29,Bronze,False
3518,Qarin,Konda,Male,1985-01-14,bhatnagarishaan@example.com,8884024886,Arrah,West Bengal,India,2022-10-26,Bronze,True
3519,Udant,Dubey,Male,1970-12-20,praneelbadal@example.net,03622960480,Rourkela,Gujarat,India,2023-01-23,Silver,False
3520,Ryan,Bhavsar,Male,1974-10-25,mgopal@example.net,07757873564,Raebareli,Gujarat,India,2022-02-14,Silver,True
3521,Yutika,Ahuja,Female,2002-04-23,vsachar@example.com,07970046745,Muzaffarpur,Delhi,India,2026-05-26,Silver,True
3522,Chandani,Jain,Male,1961-10-06,xaviersaini@example.org,2646907597,Siwan,Delhi,India,2021-12-20,Gold,False
3523,Wahab,Doctor,Female,1992-07-10,yoshitashetty@example.net,+913019221747,Burhanpur,Tamil Nadu,India,2024-11-30,Silver,True
3524,Vivaan,Kapur,Male,1966-04-11,aaurora@example.org,00207444745,Ozhukarai,West Bengal,India,2024-01-07,Bronze,True
3525,Sarthak,Sarin,Female,1978-12-11,yauvani98@example.net,2539929713,Noida,Maharashtra,India,2026-06-21,Bronze,True
3526,Siya,Kanda,Male,1960-05-08,nidhisetty@example.org,04024051023,North Dumdum,Gujarat,India,2023-05-26,Silver,False
3527,Alexander,Khare,Male,2001-10-18,vanshaedwin@example.net,3356639906,Nizamabad,West Bengal,India,2022-11-25,Bronze,True
3528,Harita,Biswas,Female,1962-06-01,yramakrishnan@example.org,+917067203570,Chittoor,Karnataka,India,2023-06-07,Silver,True
3529,George,Golla,Female,1986-03-31,balvantailor@example.net,+911561558623,Udaipur,Karnataka,India,2024-10-18,Bronze,True
3530,Ranbir,Kalla,Male,2007-01-27,geetika74@example.net,+912541355971,Hosur,Maharashtra,India,2024-05-24,Platinum,True
3531,Frederick,Chowdhury,Female,1981-02-04,varenyasaraf@example.com,05523037431,Panipat,Tamil Nadu,India,2022-11-20,Bronze,False
3532,Yash,Rau,Female,1982-10-23,jasmitcherian@example.com,09862292883,Munger,Karnataka,India,2025-12-07,Silver,False
3533,Nidhi,Rau,Male,1958-10-29,baghyawatimody@example.com,+914012246326,Kharagpur,Uttar Pradesh,India,2025-01-30,Silver,True
3534,Urmi,Prakash,Male,1967-08-15,bedipatrick@example.net,09264080985,Serampore,Rajasthan,India,2024-08-07,Silver,True
3535,Vansha,Nanda,Male,1974-11-20,bhattiunni@example.org,5019961195,Bilaspur,West Bengal,India,2025-05-22,Gold,True
3536,Jagdish,Barman,Male,1989-05-17,janani01@example.net,05211055699,Dehri,Karnataka,India,2026-03-07,Platinum,True
3537,Anay,Thakur,Male,1980-10-25,dkaran@example.net,05237451934,Unnao,Rajasthan,India,2022-01-10,Bronze,True
3538,Ucchal,Sachdev,Female,1974-03-31,pallavisrinivas@example.com,00005466242,Patiala,Rajasthan,India,2023-07-28,Bronze,False
3539,Girish,Devan,Female,1970-04-16,cmukhopadhyay@example.net,+915337889232,Bhagalpur,Karnataka,India,2024-03-18,Gold,False
3540,Jhalak,Varma,Male,1957-07-22,bhandaribhavini@example.net,+914466309299,Vadodara,Tamil Nadu,India,2024-09-24,Bronze,False
3541,Ganga,Mital,Male,1999-09-21,soniati@example.net,+915516220014,Bhavnagar,Delhi,India,2023-06-30,Gold,False
3542,Gautami,Prasad,Female,1982-03-26,girishchahal@example.org,9313751959,Suryapet,West Bengal,India,2021-10-23,Bronze,True
3543,Rehaan,Bali,Male,1989-02-27,ranbirkrishnamurthy@example.net,01294712780,South Dumdum,Maharashtra,India,2022-09-14,Bronze,True
3544,Vincent,Roy,Male,1964-06-04,hema51@example.org,+910940463493,Tezpur,Rajasthan,India,2022-11-09,Bronze,True
3545,Yuvraj,Wagle,Female,1985-10-20,guhaindrajit@example.org,3960723499,Vadodara,West Bengal,India,2022-03-09,Silver,True
3546,Kritika,Choudhury,Female,2005-02-19,nkarnik@example.org,+918242842830,Bangalore,Uttar Pradesh,India,2023-04-27,Bronze,True
3547,Dalaja,Barman,Male,1993-11-07,lsachar@example.com,8067334964,Aurangabad,Tamil Nadu,India,2022-06-25,Bronze,True
3548,Kalpit,Menon,Male,1983-02-26,champakmaharaj@example.net,00552946248,Kolhapur,Maharashtra,India,2021-07-28,Silver,True
3549,Zayan,Sehgal,Male,1993-01-15,yatanmody@example.com,+917871261825,Jehanabad,Gujarat,India,2021-08-13,Silver,False
3550,Arya,Pradhan,Female,1971-11-19,amruta00@example.com,04424654465,Baranagar,Maharashtra,India,2024-03-31,Gold,True
3551,Wishi,Venkatesh,Female,1976-08-14,kpau@example.org,+914985626445,Eluru,Tamil Nadu,India,2025-05-15,Silver,False
3552,Yatan,Das,Male,1959-01-06,gillira@example.com,06446298615,Kharagpur,Gujarat,India,2023-10-08,Bronze,False
3553,David,Deo,Male,1976-09-27,ansh51@example.net,01657429126,Imphal,Rajasthan,India,2023-03-16,Bronze,True
3554,Benjamin,Patla,Female,1962-12-10,msheth@example.org,08785974404,Bulandshahr,West Bengal,India,2025-06-20,Bronze,True
3555,Triveni,Ranganathan,Female,1964-12-06,poojadubey@example.net,01476940654,Jabalpur,Tamil Nadu,India,2022-05-03,Silver,True
3556,Nihal,Jha,Male,2003-12-28,dominickaul@example.org,+918164809440,Pimpri-Chinchwad,Rajasthan,India,2025-02-16,Bronze,True
3557,Waida,Ramanathan,Female,1988-09-17,guneet95@example.net,03612401854,Phagwara,Rajasthan,India,2023-01-18,Gold,True
3558,Zarna,Hayre,Male,1962-04-11,praneelmukhopadhyay@example.net,+915047065841,Jhansi,Karnataka,India,2024-02-09,Bronze,True
3559,Meghana,Borde,Female,2007-11-02,omkaar34@example.net,6511335048,Sagar,Karnataka,India,2024-08-07,Gold,True
3560,Aarna,Bhasin,Female,1973-12-07,epalla@example.net,2639273507,Raiganj,Karnataka,India,2024-06-10,Gold,True
3561,Akshay,Sachdev,Female,1991-06-17,xhegde@example.org,01350759651,Sangli-Miraj & Kupwad,West Bengal,India,2021-08-10,Bronze,True
3562,Shivani,Chaudhuri,Female,1985-01-11,varsha61@example.net,+916185405948,Vijayawada,Maharashtra,India,2026-06-01,Bronze,True
3563,Chanakya,Gulati,Male,1973-04-04,haritaarora@example.net,2902539009,Maheshtala,Karnataka,India,2022-08-17,Gold,True
3564,Krishna,Parmer,Female,1983-08-11,girindrapuri@example.net,01993177127,Jamshedpur,Rajasthan,India,2021-09-11,Bronze,True
3565,Yashawini,Thakkar,Female,2007-10-18,sachdevsaksham@example.org,00062888640,Mahbubnagar,Tamil Nadu,India,2025-03-19,Silver,True
3566,Tejas,Kohli,Male,1995-04-04,bmajumdar@example.org,00484169149,Eluru,Rajasthan,India,2022-01-17,Bronze,True
3567,Samuel,Jhaveri,Male,1984-07-17,chatreshbumb@example.net,00101265415,Sultan Pur Majra,Uttar Pradesh,India,2022-06-03,Bronze,True
3568,Vincent,Luthra,Male,1975-09-10,srivastavajatin@example.org,07328430273,Maheshtala,Delhi,India,2024-08-12,Platinum,True
3569,Ekani,Shankar,Female,1973-03-18,bhargavanisha@example.org,4610095434,Bongaigaon,Delhi,India,2025-11-04,Bronze,True
3570,Lakshmi,Kadakia,Male,1971-09-17,fbajwa@example.org,04904260008,Ghaziabad,West Bengal,India,2023-02-28,Bronze,False
3571,Balvan,Mani,Male,2004-12-24,isur@example.net,8475798177,Satara,Gujarat,India,2024-11-16,Bronze,False
3572,Ekaraj,Sastry,Female,1993-05-18,nimratkuruvilla@example.net,8335138780,Jalandhar,Gujarat,India,2023-10-30,Bronze,True
3573,Om,Gandhi,Female,2003-02-14,shari@example.org,2351984816,Bharatpur,Gujarat,India,2026-03-09,Silver,False
3574,Ekansh,Deol,Male,2000-05-20,aditya18@example.net,+914532935545,Bhilai,Karnataka,India,2023-06-23,Bronze,True
3575,Wriddhish,Peri,Female,1997-07-27,anvianand@example.org,8642018532,Proddatur,Tamil Nadu,India,2021-11-14,Silver,True
3576,Yoshita,Sant,Male,1997-05-28,ranveersur@example.com,+917816450134,Sri Ganganagar,Tamil Nadu,India,2025-10-18,Silver,True
3577,Chandani,Balasubramanian,Male,1971-12-27,omaja85@example.net,01932341567,Allahabad,Maharashtra,India,2022-12-20,Silver,False
3578,Ishita,Setty,Male,1966-09-21,bishakhakapur@example.com,05179156772,Begusarai,Delhi,India,2026-02-04,Bronze,True
3579,Chandani,Jha,Male,1983-06-13,qsachdeva@example.org,1638464057,Dewas,Delhi,India,2023-05-11,Silver,True
3580,Riya,Sridhar,Female,1971-07-06,anvikarpe@example.com,+919476120469,Bharatpur,Karnataka,India,2022-09-06,Bronze,False
3581,Leela,Sandal,Male,1957-04-10,yuvrajsarma@example.org,+919444951226,Kakinada,Tamil Nadu,India,2024-10-24,Silver,True
3582,Arin,Iyengar,Female,1960-11-08,dorasanaya@example.org,9330902853,Tumkur,Rajasthan,India,2024-03-14,Platinum,False
3583,Patrick,Radhakrishnan,Female,1996-05-03,omisharao@example.org,+914415145875,Begusarai,Uttar Pradesh,India,2026-06-26,Silver,True
3584,Hemani,More,Male,1997-12-31,udarshmuni@example.org,06931381405,Amroha,West Bengal,India,2024-10-23,Bronze,True
3585,Warda,Mann,Female,1965-01-13,sibalpriya@example.com,05440500870,Vijayawada,Uttar Pradesh,India,2022-09-13,Gold,False
3586,Patrick,Sathe,Male,1979-03-28,rehaanramesh@example.net,8867649121,Muzaffarnagar,Gujarat,India,2024-11-21,Bronze,False
3587,Anthony,Tripathi,Male,1961-12-03,thamanowen@example.org,05791290306,Firozabad,Maharashtra,India,2023-09-18,Silver,True
3588,Chatresh,Master,Female,1966-06-17,wgoel@example.net,0529415294,Kakinada,Gujarat,India,2022-03-31,Bronze,True
3589,Ekbal,Grewal,Female,1979-05-15,harshilradhakrishnan@example.org,1771086791,Alappuzha,Tamil Nadu,India,2024-10-18,Bronze,True
3590,Chatura,Borde,Female,2006-03-01,balaamol@example.com,5444132169,Dhanbad,Maharashtra,India,2023-08-06,Bronze,True
3591,Urishilla,Bains,Female,1978-02-05,jaggilaksh@example.org,02298782422,Durgapur,Rajasthan,India,2025-02-10,Bronze,True
3592,Odika,Magar,Female,1991-02-15,timothybalasubramanian@example.net,+916479931697,Bahraich,Delhi,India,2022-02-04,Silver,True
3593,Lucky,Shukla,Female,1994-04-04,agastyashetty@example.org,+911618245594,Kharagpur,West Bengal,India,2024-09-22,Bronze,False
3594,Zayan,Rau,Male,1956-04-29,bimalapanchal@example.org,02576304880,Hospet,Uttar Pradesh,India,2024-02-04,Gold,True
3595,Wishi,Gara,Male,1961-10-29,michaeldin@example.org,3612397858,Srikakulam,Uttar Pradesh,India,2023-08-29,Bronze,True
3596,Jack,Badami,Male,1961-05-20,aarnav05@example.com,+915708521829,Gangtok,Gujarat,India,2022-09-12,Silver,True
3597,Mitali,Issac,Male,2002-12-22,trivedivivaan@example.com,2648804810,Chandrapur,Gujarat,India,2026-01-15,Gold,True
3598,Ryan,Lala,Female,1966-07-30,indirasaran@example.com,+919332759712,Chapra,Maharashtra,India,2025-02-05,Bronze,True
3599,Harrison,Hari,Male,1979-02-17,chasmum76@example.net,9011138100,Phagwara,Gujarat,India,2021-08-08,Bronze,True
3600,Manthan,Ganesh,Male,1972-07-02,loyalthomas@example.org,00102356470,Gangtok,Uttar Pradesh,India,2022-07-14,Platinum,True
3601,Jalsa,Bassi,Male,1997-06-08,xjani@example.com,3530955633,Giridih,Maharashtra,India,2026-03-22,Bronze,False
3602,Imaran,Puri,Female,2006-02-13,advika98@example.net,+910856460330,Berhampore,Maharashtra,India,2024-09-16,Bronze,True
3603,Garima,Sengupta,Male,1957-03-16,nitesh58@example.com,06764650681,Berhampur,Gujarat,India,2024-06-19,Silver,False
3604,Hritik,Sani,Female,1975-11-16,sameshvenkataraman@example.net,+912085330756,Ongole,Gujarat,India,2025-04-07,Silver,False
3605,Arjun,Lala,Female,1997-01-31,vihaansharaf@example.net,03235516116,Bhopal,Karnataka,India,2025-03-11,Bronze,True
3606,Keya,Lala,Male,1964-07-29,tanvigara@example.com,03787775884,Chandrapur,Rajasthan,India,2024-07-22,Bronze,True
3607,Ria,Padmanabhan,Female,1998-06-26,nathaniel61@example.net,8087323304,Ramagundam,Uttar Pradesh,India,2022-07-19,Silver,True
3608,Veda,Johal,Female,2006-11-04,urishilla94@example.com,+914703191573,Nagaon,Delhi,India,2023-01-31,Bronze,True
3609,Laban,Swamy,Male,1985-06-25,misramadhav@example.org,0649221927,Jalgaon,Karnataka,India,2022-03-07,Silver,True
3610,Falan,Raghavan,Male,2001-03-26,qabildevi@example.com,1521664475,Mango,West Bengal,India,2026-03-13,Gold,True
3611,Vamakshi,Jain,Female,2002-04-21,urvashi72@example.com,06496598062,Rewa,West Bengal,India,2023-09-16,Silver,True
3612,Vedika,Saha,Male,1959-08-09,borahucchal@example.net,+911429380656,Siwan,Uttar Pradesh,India,2021-12-21,Silver,True
3613,Falan,Merchant,Male,2002-03-16,mvohra@example.com,+916860636162,Bhopal,Delhi,India,2022-02-18,Bronze,True
3614,Dalbir,Wagle,Female,2004-08-15,choudhrylogan@example.org,+918842960199,Jhansi,Maharashtra,India,2024-07-26,Gold,False
3615,Ekaraj,Saxena,Male,1986-07-06,janyaraghavan@example.net,+913263852930,Malda,Gujarat,India,2023-04-29,Silver,False
3616,Chaitanya,Manda,Male,1971-07-15,chavvi24@example.com,4494500855,Haldia,Karnataka,India,2026-02-03,Bronze,True
3617,Ayush,Shah,Male,1976-08-04,vkari@example.net,01245582915,Miryalaguda,Karnataka,India,2021-09-25,Gold,True
3618,Vasatika,Buch,Male,1977-08-19,mangatlibni@example.com,8019893396,Gandhidham,Uttar Pradesh,India,2022-10-01,Silver,True
3619,Shivansh,Sachdeva,Male,1992-11-22,wkaur@example.org,08545156722,Alappuzha,Uttar Pradesh,India,2021-10-13,Gold,True
3620,Abhimanyu,Kalita,Female,1995-07-27,ukant@example.org,1719140757,Salem,Rajasthan,India,2022-03-23,Bronze,True
3621,Amrita,Walia,Female,1978-11-18,tara58@example.net,06511393007,Phusro,Maharashtra,India,2022-08-26,Bronze,True
3622,Idika,Mannan,Female,1964-07-22,meghabath@example.com,9086336234,Pallavaram,Uttar Pradesh,India,2021-08-01,Silver,True
3623,Damini,Reddy,Male,1972-03-07,aadi03@example.net,3520995106,Etawah,Karnataka,India,2023-11-06,Platinum,True
3624,Oliver,Chaudhari,Female,1986-11-20,ektapathak@example.org,7657427179,Khammam,Delhi,India,2023-02-22,Bronze,True
3625,Alexander,Aggarwal,Male,1964-08-11,ghoshwaida@example.net,07811580605,Nagaon,Maharashtra,India,2023-04-23,Silver,True
3626,Devika,Bal,Male,1972-08-22,eshukla@example.org,+915864447925,Barasat,Delhi,India,2025-10-12,Bronze,False
3627,Aradhana,Divan,Male,1985-11-27,usunder@example.net,1787209557,Mirzapur,Uttar Pradesh,India,2024-11-15,Bronze,True
3628,Agastya,Sachar,Male,1960-12-23,deshmukhpratyush@example.com,+911308927358,Kanpur,Karnataka,India,2023-09-29,Silver,True
3629,Hemang,Mody,Female,1969-06-19,rajanhardik@example.com,+914138111273,Gudivada,Gujarat,India,2024-01-29,Gold,False
3630,Dalaja,Bhattacharyya,Male,1962-05-23,zgera@example.net,6687959563,Amravati,Karnataka,India,2024-05-31,Gold,True
3631,Omisha,Trivedi,Female,1973-08-15,osankaran@example.org,03449370238,Madanapalle,West Bengal,India,2022-10-27,Bronze,True
3632,Utkarsh,Vasa,Male,1973-06-08,chanderrachit@example.org,7324199927,Moradabad,Tamil Nadu,India,2022-10-08,Silver,False
3633,Dhriti,Nori,Male,1958-01-24,unni22@example.net,2898103858,Hindupur,Karnataka,India,2023-09-23,Silver,True
3634,Chaaya,Date,Male,1964-06-09,vedika50@example.com,04254872864,Aurangabad,Tamil Nadu,India,2026-04-15,Bronze,False
3635,Libni,Jayaraman,Male,2008-01-20,hritikgrover@example.net,+917164533288,Gudivada,Tamil Nadu,India,2025-01-29,Bronze,True
3636,Nachiket,Dalal,Female,1973-06-11,oliver24@example.com,0114745943,Malda,Tamil Nadu,India,2024-07-07,Gold,True
3637,Pratyush,Agarwal,Female,1991-11-19,harsh39@example.org,5524163723,Medininagar,West Bengal,India,2022-06-01,Bronze,False
3638,Caleb,Chanda,Female,1960-03-18,lahluwalia@example.org,5915013314,Thrissur,Rajasthan,India,2024-11-27,Bronze,True
3639,Vaishnavi,Sarin,Male,1988-04-02,tanvimalhotra@example.org,+919620286086,Nashik,Delhi,India,2025-12-06,Bronze,False
3640,Neelima,De,Female,2008-01-31,riyawagle@example.net,6616653605,Munger,Karnataka,India,2023-02-05,Gold,True
3641,Ekta,Kara,Male,2001-11-18,bhargavasachi@example.org,+918080051931,Amravati,Maharashtra,India,2024-04-09,Bronze,True
3642,Faqid,Grover,Female,1960-02-01,yaminirout@example.net,+911553101717,Kumbakonam,West Bengal,India,2023-08-22,Gold,True
3643,Vanya,Kaur,Male,1957-06-27,annecaleb@example.org,04784345884,Khandwa,Tamil Nadu,India,2022-09-17,Silver,True
3644,Ekanta,Dalal,Male,1984-02-27,alexander84@example.com,09260768477,Maheshtala,Delhi,India,2025-01-01,Gold,True
3645,Faris,Chaudhry,Male,1999-06-03,dayamaisheth@example.net,07456728695,Siwan,Karnataka,India,2026-02-08,Bronze,True
3646,Mitesh,Srivastava,Female,1987-03-20,nyogi@example.net,09346953549,Malda,Gujarat,India,2024-09-13,Bronze,True
3647,Bachittar,Natarajan,Male,1968-06-16,amaira96@example.com,+911527633020,Jamalpur,Maharashtra,India,2026-01-17,Bronze,True
3648,Faras,Sule,Male,1972-09-14,mohantyelijah@example.net,+915022104625,Parbhani,Delhi,India,2021-09-17,Silver,True
3649,Ethan,Menon,Male,1975-03-22,upkaarbahri@example.net,2266236232,Muzaffarpur,Uttar Pradesh,India,2025-09-17,Bronze,True
3650,Liam,Bhandari,Female,1965-04-29,ygrover@example.net,+918647973465,Aizawl,Uttar Pradesh,India,2021-12-25,Bronze,True
3651,Meera,Sarna,Female,2001-02-13,anya17@example.org,1494593957,Ambattur,Maharashtra,India,2024-05-17,Bronze,True
3652,Kala,Samra,Male,1982-02-22,thakkaranita@example.com,00712368014,Mau,Maharashtra,India,2023-11-08,Gold,True
3653,Forum,Nayak,Male,2006-11-24,bkamdar@example.com,6467401965,Guntakal,Rajasthan,India,2022-09-07,Bronze,True
3654,Dalaja,Kale,Male,1961-01-03,samaksh39@example.com,0904164842,Pimpri-Chinchwad,Delhi,India,2023-12-13,Bronze,True
3655,Madhav,D’Alia,Female,1977-11-27,apteanirudh@example.net,07063125736,Udaipur,Rajasthan,India,2025-08-08,Bronze,True
3656,Rachana,Kota,Male,1980-04-17,fsaraf@example.com,+913071062957,Hindupur,Rajasthan,India,2026-01-04,Bronze,True
3657,Tamanna,Parekh,Female,1955-10-11,dominic45@example.com,5097046101,Surendranagar Dudhrej,Gujarat,India,2025-03-30,Bronze,True
3658,Chanchal,Kakar,Male,1985-06-18,adityapau@example.net,07102798413,Bhagalpur,Uttar Pradesh,India,2025-09-08,Bronze,True
3659,Rachita,Rastogi,Male,1975-08-16,baralvihaan@example.com,+919193649582,Rajahmundry,Tamil Nadu,India,2025-04-13,Gold,True
3660,Advaith,Dube,Male,1996-08-25,hemasachar@example.com,+918427985475,Kanpur,Rajasthan,India,2023-05-25,Bronze,True
3661,Andrew,Ranganathan,Female,1958-08-21,gthakkar@example.net,+916118310686,Akola,Uttar Pradesh,India,2024-05-17,Bronze,True
3662,Rishi,Dyal,Male,2007-06-29,vincentchauhan@example.net,05042769213,Gangtok,Gujarat,India,2021-09-18,Gold,False
3663,Maanas,Apte,Female,2005-01-14,msarin@example.net,02033884921,Kottayam,Rajasthan,India,2024-01-02,Bronze,True
3664,Krishna,Nair,Male,1982-05-04,aarinigade@example.net,09540593654,Kumbakonam,West Bengal,India,2022-01-13,Bronze,True
3665,Jagdish,Handa,Male,1997-03-25,fmanda@example.net,+911937248330,Sonipat,West Bengal,India,2024-05-25,Bronze,True
3666,Harrison,Pandya,Male,2003-05-17,guneetsethi@example.org,1693047495,Darbhanga,Rajasthan,India,2025-11-02,Bronze,True
3667,Ayushman,Sami,Female,2006-02-01,munigirindra@example.net,1410332599,Guntakal,Gujarat,India,2023-01-12,Gold,False
3668,Ria,Suri,Male,2002-07-06,upma69@example.com,01203731006,Navi Mumbai,Maharashtra,India,2023-05-01,Silver,True
3669,Janya,Bera,Female,1969-10-29,imann@example.net,04198541002,Hajipur,Delhi,India,2026-02-02,Bronze,False
3670,Pranav,Comar,Female,1976-10-21,gaurang82@example.com,07364177007,Ambattur,Maharashtra,India,2024-07-04,Silver,True
3671,Bhavya,Minhas,Male,1989-05-02,rkeer@example.net,05117234858,Narasaraopet,Karnataka,India,2022-10-15,Bronze,True
3672,Jai,Kapoor,Male,1994-03-27,merchantbalvan@example.net,+913154703266,Bhalswa Jahangir Pur,West Bengal,India,2025-12-24,Bronze,True
3673,Chatresh,Malhotra,Male,1978-11-12,narasimhantanish@example.org,+915318181833,Naihati,Gujarat,India,2025-06-11,Silver,True
3674,Kamya,Deshmukh,Male,2006-09-09,bmurty@example.com,9916656235,Hazaribagh,Uttar Pradesh,India,2025-03-19,Bronze,True
3675,Wyatt,Saran,Male,1964-12-13,jayaramanekaraj@example.com,00969436086,Pune,West Bengal,India,2023-01-06,Silver,True
3676,Frederick,Sami,Male,1977-06-06,krishnatrivedi@example.net,0845978456,Adoni,West Bengal,India,2023-09-12,Bronze,True
3677,Mekhala,Bail,Male,1969-04-25,simonkanda@example.com,4443089506,Sri Ganganagar,Tamil Nadu,India,2024-09-01,Silver,True
3678,Meera,Dada,Male,1991-09-25,npalla@example.org,8267551664,Ramgarh,Gujarat,India,2022-07-20,Bronze,True
3679,Agastya,Mahal,Male,1993-04-03,ethan93@example.org,+917573828034,Madurai,Delhi,India,2026-02-20,Gold,True
3680,Qasim,Ramachandran,Female,2002-10-10,shuklakashish@example.com,06587296183,Anand,West Bengal,India,2024-01-16,Bronze,True
3681,Jasmit,Swaminathan,Female,2005-04-30,sakshamsami@example.org,04753438712,Suryapet,Karnataka,India,2023-03-11,Bronze,True
3682,Zarna,Swamy,Female,1980-10-23,tshere@example.org,05973650694,Delhi,Gujarat,India,2022-05-04,Gold,False
3683,Advik,Nadig,Male,1977-07-24,wyattzacharia@example.net,+914921298813,Tiruppur,Rajasthan,India,2026-04-01,Gold,True
3684,Tanish,Agrawal,Female,1995-03-20,waidasandhu@example.com,05189139219,Bellary,Maharashtra,India,2023-07-08,Bronze,True
3685,Kiaan,Deshpande,Female,1975-03-06,tanishdas@example.org,5780196461,Patiala,Rajasthan,India,2023-08-06,Silver,True
3686,Zashil,Gour,Female,1987-06-13,yashasviviswanathan@example.net,4637730870,Sri Ganganagar,Delhi,India,2025-02-28,Platinum,True
3687,Sanaya,Chandra,Male,1979-02-20,gnaidu@example.net,+918446191682,Bidhannagar,Uttar Pradesh,India,2023-02-27,Bronze,False
3688,Jasmit,Dubey,Female,1994-04-02,gaurangi21@example.com,6215367903,Silchar,Gujarat,India,2026-03-23,Silver,True
3689,Jagrati,Dass,Male,1976-11-13,lakshmimaharaj@example.net,09286546484,Ongole,Karnataka,India,2025-04-06,Bronze,True
3690,Manan,Saxena,Female,1969-04-26,panditomaja@example.net,+911927581849,Jalandhar,Rajasthan,India,2021-12-06,Silver,True
3691,Panini,Dara,Female,1973-09-02,ramaswamybalhaar@example.org,06364155086,Udaipur,Maharashtra,India,2024-11-30,Silver,True
3692,Sarthak,Varkey,Male,2002-10-24,umangkar@example.org,3865103146,Noida,Gujarat,India,2024-11-02,Silver,True
3693,Zilmil,Mishra,Female,1962-08-06,gmajumdar@example.com,08632587875,Bongaigaon,Delhi,India,2024-12-27,Bronze,True
3694,Vasudha,Luthra,Male,2006-12-14,iryazacharia@example.org,7722742350,Chinsurah,Rajasthan,India,2023-01-04,Bronze,True
3695,Chaaya,Mishra,Female,1995-09-16,abhiramgrover@example.net,+915114749279,Lucknow,Karnataka,India,2022-11-01,Bronze,True
3696,Wridesh,Buch,Male,1995-04-07,sabharwalsara@example.org,+918692352131,Mehsana,Karnataka,India,2022-11-10,Bronze,False
3697,Rohan,Viswanathan,Female,1956-02-19,chandresh89@example.net,+913468770266,Kirari Suleman Nagar,Karnataka,India,2025-12-30,Silver,True
3698,Pranit,Balay,Male,1977-07-27,oscar30@example.net,02142877187,Yamunanagar,Karnataka,India,2024-04-28,Silver,True
3699,Ekiya,Rai,Female,1973-02-14,nbatra@example.org,07014595321,Sirsa,Delhi,India,2022-11-20,Bronze,True
3700,Ishwar,Balakrishnan,Male,1977-07-18,saxenalucky@example.com,1639080528,Medininagar,Maharashtra,India,2023-11-03,Gold,True
3701,Nathan,Dave,Male,1985-12-18,ikshitabaral@example.org,9473223835,Jammu,Karnataka,India,2025-02-20,Gold,False
3702,Isha,Ravel,Female,1993-09-24,tiwariharish@example.com,+919892420693,Srikakulam,West Bengal,India,2022-06-27,Bronze,False
3703,Ronith,Jayaraman,Male,1968-04-03,anamikakalita@example.net,07533880812,Jamnagar,Maharashtra,India,2024-11-04,Gold,True
3704,Darsh,Vyas,Male,1958-09-17,ekani37@example.com,03001045990,Raurkela Industrial Township,Maharashtra,India,2023-07-20,Silver,True
3705,Champak,Behl,Female,2001-11-06,watika40@example.com,5773127232,Bhatpara,Karnataka,India,2024-02-19,Silver,True
3706,Akshay,Aggarwal,Male,1966-02-08,hemani33@example.com,05529822110,Rajahmundry,West Bengal,India,2023-03-26,Bronze,False
3707,Damini,Iyengar,Female,1976-09-10,khanda@example.com,7074761242,Mathura,Gujarat,India,2025-09-19,Gold,True
3708,Yoshita,Vala,Female,1962-07-11,shankerchaitaly@example.org,9184867998,Bhilwara,Maharashtra,India,2024-03-15,Gold,True
3709,Dominic,Buch,Female,1984-06-18,lbahl@example.com,9251438455,Salem,Rajasthan,India,2025-04-26,Silver,True
3710,Jeremiah,Mangat,Male,2005-04-18,ayaan49@example.com,06439131355,Karaikudi,Maharashtra,India,2023-05-24,Bronze,True
3711,Logan,Kanda,Male,1993-02-24,baghyawatishenoy@example.com,00313450235,Latur,Gujarat,India,2026-02-04,Bronze,True
3712,Nathaniel,Wadhwa,Male,1961-01-30,singhalsara@example.com,09609559572,Jaipur,Delhi,India,2023-11-01,Bronze,False
3713,Kamya,Patla,Female,1964-07-21,kashish49@example.net,+914787957244,Agartala,Maharashtra,India,2025-11-07,Silver,False
3714,Nitara,Nanda,Male,1981-01-03,qsom@example.com,2002000076,Rewa,Tamil Nadu,India,2022-11-23,Gold,True
3715,Zehaan,Dora,Male,1970-08-31,lankashaurya@example.org,+912829619082,Coimbatore,Tamil Nadu,India,2023-09-05,Bronze,False
3716,Mekhala,Mahal,Female,1966-02-11,wchad@example.net,04007451394,Satara,Rajasthan,India,2026-02-06,Bronze,True
3717,Gaurang,Bhakta,Male,2006-08-08,sharafchavvi@example.com,+917102643573,Parbhani,Gujarat,India,2026-03-03,Gold,True
3718,Chandran,Kumer,Male,1975-08-09,triveni50@example.net,02411585897,Kirari Suleman Nagar,West Bengal,India,2021-09-29,Gold,True
3719,Janani,Kar,Female,1977-10-02,ncomar@example.com,00312268230,Madurai,Maharashtra,India,2024-08-23,Silver,True
3720,Harinakshi,Dutt,Male,1994-06-09,hsastry@example.net,00244515028,Hubli–Dharwad,Uttar Pradesh,India,2022-11-18,Gold,False
3721,Luke,Raman,Female,1991-09-18,hayerlibni@example.net,02229024689,Junagadh,Maharashtra,India,2022-12-08,Silver,True
3722,David,Sur,Male,1976-05-02,fshere@example.org,05002490033,Bhopal,Tamil Nadu,India,2022-02-21,Bronze,True
3723,Sai,Dada,Male,1998-08-27,xmore@example.com,+913292266782,Bhiwandi,Delhi,India,2024-11-21,Gold,True
3724,Bina,Bumb,Male,1969-10-17,ysahni@example.org,04340212349,Karawal Nagar,Rajasthan,India,2023-03-24,Bronze,True
3725,Pushti,Bhatnagar,Male,2002-12-23,chandreshkrishna@example.com,+917462548701,Nizamabad,West Bengal,India,2024-01-07,Bronze,False
3726,Jagvi,Patla,Male,1998-02-08,ramrudra@example.com,6989056747,Guwahati,Rajasthan,India,2023-08-27,Gold,True
3727,Upasna,Karnik,Male,1994-09-08,dugalvedant@example.net,08481027264,Surat,Tamil Nadu,India,2024-11-28,Silver,True
3728,William,Sachdev,Female,1965-02-18,hmanda@example.net,09276619764,Nellore,Rajasthan,India,2023-12-24,Bronze,False
3729,Kritika,Mangal,Male,1998-08-18,rajata31@example.org,07085921134,Khammam,West Bengal,India,2023-02-13,Silver,False
3730,Vasudha,Warrior,Female,1991-11-13,zaid10@example.net,+914578440120,Katihar,West Bengal,India,2025-10-20,Silver,True
3731,Gopal,Halder,Male,1987-07-14,yasti43@example.net,+916757227538,Bulandshahr,Gujarat,India,2023-04-04,Bronze,True
3732,Wahab,Yohannan,Male,1957-01-28,harsh93@example.net,+918136351946,Guntur,Delhi,India,2025-05-29,Bronze,True
3733,Abhiram,Hayre,Female,1961-03-17,jeetsani@example.com,+918585149588,Aligarh,Delhi,India,2022-06-24,Bronze,True
3734,Onveer,Menon,Female,1957-01-20,hemanibehl@example.net,04954543069,Rajahmundry,Tamil Nadu,India,2022-11-26,Bronze,True
3735,Rajata,Shan,Male,1980-04-14,iryapadmanabhan@example.com,05383308604,Kanpur,Rajasthan,India,2022-08-07,Silver,True
3736,Deepa,Saraf,Male,1969-01-13,abdul76@example.com,+916001255407,Bhubaneswar,Karnataka,India,2022-09-18,Silver,False
3737,Niharika,Mander,Male,1992-03-28,wakeeta33@example.net,+916633611162,Chapra,Maharashtra,India,2024-08-30,Silver,True
3738,Yachana,Tara,Female,1994-03-14,shravyakhurana@example.com,06477670896,Hapur,Gujarat,India,2026-06-09,Silver,True
3739,Manbir,Som,Female,1997-05-14,bassimahika@example.com,09174130322,Akola,Gujarat,India,2025-09-11,Silver,True
3740,Irya,Bassi,Female,1984-05-30,oliver44@example.org,4842797422,Sirsa,West Bengal,India,2023-06-02,Silver,False
3741,Jairaj,Swaminathan,Female,2003-03-10,hsachdeva@example.net,06592908185,Shimoga,Uttar Pradesh,India,2024-05-20,Bronze,True
3742,Yashoda,Contractor,Male,1972-02-28,netra01@example.net,01997105384,Singrauli,Rajasthan,India,2025-08-22,Silver,True
3743,Anya,Rau,Male,1959-03-07,salviazad@example.com,7262192039,Mahbubnagar,Rajasthan,India,2026-01-18,Silver,True
3744,Warinder,Pathak,Male,1964-07-05,girindrahans@example.com,03182100291,Navi Mumbai,Gujarat,India,2026-03-29,Silver,True
3745,Yashawini,Palla,Male,1995-04-29,ekantadhawan@example.org,09855694194,Hajipur,Delhi,India,2024-09-25,Bronze,True
3746,Aarnav,Barman,Female,1998-10-21,kram@example.org,+913470853212,Shimoga,Tamil Nadu,India,2021-11-24,Silver,False
3747,Tejas,Dutta,Female,1965-09-23,pmand@example.com,+913854552246,Shivpuri,Maharashtra,India,2021-12-01,Bronze,True
3748,Chaitaly,Devan,Female,1986-09-15,abhiram14@example.org,4625803059,Danapur,Tamil Nadu,India,2021-09-08,Bronze,True
3749,Girindra,Sridhar,Female,2005-08-08,npatla@example.com,+913168285504,Sagar,West Bengal,India,2024-05-11,Platinum,True
3750,Thomas,Gulati,Female,1957-07-09,lsaha@example.com,00666869585,Bijapur,Tamil Nadu,India,2023-07-24,Silver,True
3751,Harini,Oak,Male,1970-12-09,xaurora@example.com,03662624721,Siliguri,Delhi,India,2021-09-22,Bronze,True
3752,Max,Agate,Male,2008-05-04,frai@example.com,07345682756,Uluberia,Tamil Nadu,India,2026-01-26,Silver,True
3753,Ekanta,Rama,Female,1995-12-14,gangakant@example.net,08308686390,Secunderabad,Maharashtra,India,2022-08-31,Gold,False
3754,Chatura,Parikh,Male,1966-05-15,koshyzilmil@example.net,08962945098,Barasat,Tamil Nadu,India,2022-04-08,Gold,False
3755,Mohammed,Edwin,Female,1973-06-01,pranitseth@example.org,+917807780938,Srinagar,Maharashtra,India,2024-07-19,Silver,True
3756,Aarush,Nagy,Female,1997-12-23,ekavir83@example.net,0596272708,Kolhapur,Rajasthan,India,2025-03-19,Silver,True
3757,Oni,Bandi,Female,1962-01-11,sankarlajita@example.com,04514826630,Mangalore,Gujarat,India,2025-03-01,Bronze,False
3758,Anvi,Sarkar,Female,1992-12-23,qarin12@example.org,3580226323,North Dumdum,Rajasthan,India,2024-04-01,Bronze,True
3759,Neel,Sant,Male,1958-09-29,bzachariah@example.org,03586674460,Junagadh,Maharashtra,India,2024-04-24,Silver,False
3760,Robert,Pant,Male,1975-06-29,banjeetvirk@example.org,+919349920759,Kishanganj,Tamil Nadu,India,2022-01-17,Silver,True
3761,Krisha,Shah,Female,1971-11-22,kohlicharita@example.org,+913274792996,Jamnagar,Karnataka,India,2023-06-05,Bronze,True
3762,Geetika,Gour,Female,2002-07-03,raaginikari@example.net,04719754374,Aurangabad,West Bengal,India,2022-12-08,Silver,True
3763,Zaid,Sabharwal,Female,1982-03-23,padmanabhanneha@example.org,0154536446,Thrissur,Gujarat,India,2024-01-07,Silver,True
3764,Varenya,Dhar,Male,2005-10-05,watika25@example.com,03404822450,Baranagar,Tamil Nadu,India,2025-11-03,Bronze,True
3765,Ishwar,Ramanathan,Male,2003-03-20,khannamahika@example.com,04565766956,Rourkela,Maharashtra,India,2025-09-18,Silver,False
3766,Aadhya,Hans,Female,1972-03-07,arjuniyer@example.com,05293177737,Bikaner,West Bengal,India,2025-03-30,Bronze,True
3767,Meghana,Buch,Male,1982-02-12,jaggiyashoda@example.org,00434738807,Tumkur,West Bengal,India,2026-06-22,Silver,True
3768,Qushi,Wason,Male,1956-08-02,sarrafanjali@example.com,6128602167,Aurangabad,Delhi,India,2024-09-08,Gold,True
3769,Rehaan,Thakkar,Male,1968-11-09,falan67@example.com,03956368125,Raebareli,Maharashtra,India,2024-08-02,Gold,False
3770,Tejas,Mahajan,Male,1984-10-20,ishani22@example.org,+912559316109,Indore,Gujarat,India,2022-08-05,Bronze,True
3771,Yahvi,Arya,Female,1997-04-05,krisha22@example.net,2292833142,Mirzapur,Maharashtra,India,2024-05-05,Bronze,True
3772,Pallavi,Chaudry,Male,1987-02-10,ekantapadmanabhan@example.net,6829679419,Sultan Pur Majra,Uttar Pradesh,India,2024-10-11,Silver,True
3773,Ucchal,Wadhwa,Male,2003-02-26,abeerbhasin@example.net,7659229014,Bhimavaram,Rajasthan,India,2026-01-30,Bronze,True
3774,Fiyaz,Anne,Female,1975-01-28,chakradharramesh@example.net,+915715258949,Munger,Maharashtra,India,2023-09-28,Gold,False
3775,Ucchal,Chad,Female,1962-01-23,jhalaknayar@example.net,2867495557,Vadodara,Gujarat,India,2026-03-31,Bronze,True
3776,Turvi,Sandal,Female,1957-10-28,nagynimrat@example.net,0834594656,Kharagpur,Tamil Nadu,India,2023-05-25,Silver,False
3777,Lavanya,Palan,Male,1966-03-31,bishakhagade@example.org,+915762049083,Siliguri,Tamil Nadu,India,2022-06-11,Bronze,True
3778,Theodore,Tailor,Female,1974-04-22,qkoshy@example.net,+914002937183,Shahjahanpur,Uttar Pradesh,India,2022-08-26,Gold,True
3779,Unni,Divan,Male,1958-04-08,ekiya62@example.com,+911803817605,Shahjahanpur,Karnataka,India,2024-02-07,Silver,True
3780,Karan,Kar,Male,1979-01-10,forum62@example.net,7868709722,Arrah,West Bengal,India,2026-04-23,Gold,True
3781,Ekiya,Upadhyay,Male,1959-12-02,zayan97@example.org,1748648520,Haldia,Delhi,India,2025-03-26,Bronze,False
3782,Radhika,Brar,Male,2005-10-19,darikasami@example.net,4334712880,Jodhpur,Karnataka,India,2022-05-25,Gold,True
3783,Omisha,Parikh,Female,2003-02-07,mandaindrajit@example.com,02807925705,Sirsa,Tamil Nadu,India,2022-01-16,Bronze,False
3784,Victor,Sethi,Male,1993-06-04,geetika63@example.com,01982053755,Ghaziabad,Uttar Pradesh,India,2025-06-21,Silver,True
3785,Nitara,Bhargava,Female,2004-07-15,jonathanshetty@example.net,03511899578,Secunderabad,Maharashtra,India,2025-03-02,Bronze,True
3786,Tarak,Ramakrishnan,Male,1975-04-18,shivani44@example.com,5659082345,Bhatpara,Karnataka,India,2021-12-06,Silver,True
3787,Vyanjana,Nori,Female,1964-01-11,bathjeremiah@example.net,4429487461,Gangtok,Karnataka,India,2025-03-24,Bronze,False
3788,Gaurika,Sahota,Male,1964-02-18,hbabu@example.com,+911130228684,Ludhiana,Rajasthan,India,2025-10-19,Bronze,False
3789,Sathvik,Sengupta,Female,1957-05-31,chackoomaja@example.com,+918871792346,Bongaigaon,West Bengal,India,2025-05-07,Bronze,True
3790,Janaki,Pall,Female,1963-07-02,ugopal@example.net,+914759293230,Meerut,Karnataka,India,2024-07-03,Gold,True
3791,Forum,Venkataraman,Female,1961-06-19,deepchaman@example.com,4752372382,Ulhasnagar,Gujarat,India,2023-05-03,Silver,True
3792,Jagrati,Zacharia,Female,1962-09-11,tailorfaraj@example.com,+913682301298,Nashik,Maharashtra,India,2022-12-23,Bronze,False
3793,Sneha,Dubey,Female,1994-10-13,baradyashoda@example.net,+911732293731,Gopalpur,Maharashtra,India,2022-11-28,Platinum,True
3794,Warhi,Tak,Female,1976-06-27,samuelbrar@example.org,+917643221034,Tumkur,Gujarat,India,2022-03-31,Bronze,True
3795,Janya,Ravel,Male,1988-10-06,uhora@example.net,+913652549613,Gaya,Uttar Pradesh,India,2025-09-09,Bronze,True
3796,Tara,Rege,Male,1966-05-15,fariqshankar@example.com,00411444062,Karawal Nagar,West Bengal,India,2024-06-08,Bronze,True
3797,Ethan,Pall,Male,1958-02-19,zsama@example.net,06196455379,Indore,Uttar Pradesh,India,2023-11-23,Silver,False
3798,Wakeeta,Mital,Male,1961-01-16,neelshetty@example.com,05106813892,Sikar,Tamil Nadu,India,2026-07-23,Bronze,True
3799,Irya,Bobal,Male,1973-05-21,acharyagabriel@example.net,7588879389,Bilaspur,Uttar Pradesh,India,2026-02-03,Gold,True
3800,Chameli,Goda,Male,1999-10-07,parth65@example.com,+912693959577,Kolkata,Delhi,India,2024-12-12,Bronze,False
3801,Vincent,Solanki,Male,1958-05-06,ayushmanmaster@example.com,1539334641,Kamarhati,Rajasthan,India,2022-04-06,Silver,False
3802,Ria,Khatri,Female,1980-06-21,vamakshisarin@example.com,+910662598699,Ajmer,Delhi,India,2022-01-14,Silver,True
3803,Hritik,Deshpande,Male,1976-11-26,mrai@example.com,+915625850250,Adoni,Karnataka,India,2026-07-17,Gold,True
3804,Laksh,Garg,Female,1996-01-18,darpan17@example.org,02601395191,Etawah,West Bengal,India,2026-01-11,Bronze,True
3805,Advik,Vohra,Female,1985-10-04,ekbaltripathi@example.com,+911994559500,Kozhikode,Maharashtra,India,2022-10-04,Bronze,False
3806,Geetika,Memon,Female,2004-05-17,ydhawan@example.org,05314780249,Visakhapatnam,Karnataka,India,2023-10-06,Bronze,True
3807,Oeshi,Varughese,Female,1989-05-15,hmukhopadhyay@example.com,1160782881,Karimnagar,Uttar Pradesh,India,2022-08-13,Bronze,False
3808,Urishilla,Srivastava,Male,1985-11-12,ubika75@example.org,3457986889,Pudukkottai,Maharashtra,India,2022-04-08,Bronze,True
3809,Vritti,Baral,Female,2003-09-07,jairaj83@example.org,04346017661,Bangalore,Tamil Nadu,India,2023-10-16,Bronze,True
3810,Onkar,Shanker,Male,1975-04-13,sahotaharita@example.com,6234118908,Bellary,Delhi,India,2025-07-18,Silver,True
3811,Jagat,Ben,Male,1956-06-14,krishnarachana@example.com,+916619420392,Srikakulam,Karnataka,India,2022-03-16,Platinum,True
3812,Wridesh,Kadakia,Male,1961-06-20,kavyakamdar@example.org,+911666701269,Khandwa,Rajasthan,India,2025-09-04,Silver,False
3813,Xavier,Khosla,Male,1965-02-17,sdhaliwal@example.net,08461442170,Meerut,Gujarat,India,2023-11-01,Bronze,True
3814,Gauri,Krishna,Male,1991-10-07,chavviwarrior@example.org,+916671115398,Haldia,Tamil Nadu,India,2022-06-20,Bronze,True
3815,Oni,Soman,Female,1975-07-06,balaisaiah@example.com,01755894581,Bhiwandi,West Bengal,India,2023-05-30,Platinum,True
3816,Lakshmi,Taneja,Female,1977-02-16,yashodharamukherjee@example.com,1541676618,Miryalaguda,Delhi,India,2025-06-11,Bronze,True
3817,Maanav,Mani,Male,1994-12-08,kiaansharma@example.net,05504970058,Pondicherry,Tamil Nadu,India,2021-11-23,Bronze,True
3818,Zehaan,Sethi,Female,1968-05-03,vasudhagoel@example.org,04688359618,Bangalore,Maharashtra,India,2025-03-13,Platinum,True
3819,Vincent,Prabhakar,Female,1964-05-30,ira09@example.net,1057132896,Darbhanga,Gujarat,India,2026-04-11,Silver,True
3820,Jack,Walia,Male,2005-11-15,ukohli@example.net,+916109452437,Khandwa,Gujarat,India,2022-05-01,Gold,True
3821,Radhika,Sangha,Male,1982-04-28,sastryayushman@example.net,+913167454539,Rajkot,Karnataka,India,2023-12-02,Bronze,False
3822,Suhani,Pant,Female,1966-06-29,ekapad75@example.org,06861416965,Bijapur,Maharashtra,India,2025-11-20,Silver,False
3823,Ekansh,Balay,Male,1971-08-20,revaravel@example.org,5730241310,Saharanpur,Rajasthan,India,2021-10-27,Gold,True
3824,Nachiket,Dhawan,Female,1999-04-09,yatintara@example.com,02461888122,Jaipur,Uttar Pradesh,India,2021-08-24,Bronze,True
3825,Megha,Viswanathan,Male,1984-07-22,tataadvik@example.org,6773610955,Begusarai,Maharashtra,India,2023-11-17,Gold,False
3826,Manbir,Behl,Female,1961-03-24,max38@example.com,02163563849,Ambarnath,West Bengal,India,2024-04-29,Silver,True
3827,Idika,Bora,Female,1973-06-28,falan68@example.org,3778371370,Madanapalle,Uttar Pradesh,India,2023-12-18,Silver,False
3828,Advay,Ahuja,Female,2002-05-18,ganeshbhavika@example.org,+912290237818,Hapur,Tamil Nadu,India,2023-02-28,Gold,False
3829,Christopher,Khare,Female,1996-04-10,ektadeshpande@example.net,1838076926,Akola,Tamil Nadu,India,2025-04-03,Gold,True
3830,Gunbir,Nair,Female,1972-03-22,osaha@example.com,2425204528,Panihati,Delhi,India,2022-10-09,Bronze,True
3831,Arin,Tara,Female,1982-04-30,simon02@example.org,+914238205268,Jaunpur,Maharashtra,India,2022-09-04,Bronze,True
3832,Nikita,Koshy,Male,2003-06-11,soodomisha@example.com,+919908895172,Nagaon,Rajasthan,India,2023-03-12,Bronze,True
3833,Balvan,Kamdar,Male,1976-09-08,aarnavbhagat@example.com,5184634077,Bhimavaram,Rajasthan,India,2021-09-25,Silver,False
3834,Bhavna,Sura,Female,1980-03-26,jhalaktandon@example.com,+917112496792,Jaipur,Rajasthan,India,2021-09-18,Silver,True
3835,Jack,Shanker,Male,1955-11-14,xkala@example.com,04325889862,Bhiwandi,Karnataka,India,2022-02-10,Bronze,True
3836,Abeer,Borde,Female,1957-12-10,turvichacko@example.com,+916700522085,Panchkula,Rajasthan,India,2024-12-08,Bronze,True
3837,Omya,Jaggi,Female,1959-10-29,cranganathan@example.net,1246673118,Kollam,Uttar Pradesh,India,2023-10-07,Silver,True
3838,Wyatt,Bhatt,Male,1984-08-30,ishaan98@example.com,5138624627,Jamnagar,Rajasthan,India,2022-11-14,Gold,True
3839,Orinder,Bahl,Male,1959-01-17,sathvikkapadia@example.net,+915212762174,Pudukkottai,Delhi,India,2024-09-29,Silver,True
3840,Yashvi,Chatterjee,Female,1986-05-21,nagarajaninaya@example.net,2486540537,Dewas,West Bengal,India,2022-11-11,Gold,True
3841,Maya,Sastry,Male,1962-12-03,rohannagar@example.com,04340727035,Imphal,Karnataka,India,2022-01-19,Bronze,True
3842,Warhi,Bumb,Female,1981-02-05,wprabhu@example.org,+911528073051,Ramagundam,Karnataka,India,2022-11-24,Silver,True
3843,Garima,Koshy,Male,2002-07-27,anamika37@example.com,+914970600537,Siliguri,Rajasthan,India,2026-05-29,Silver,False
3844,Jalsa,Bobal,Male,1999-08-15,shravya44@example.net,+910713164362,Raurkela Industrial Township,Rajasthan,India,2022-11-05,Bronze,True
3845,Tanveer,Srivastava,Female,1967-09-09,zansi34@example.com,+912991376128,Madurai,Delhi,India,2025-08-23,Gold,True
3846,Alka,Barman,Female,2001-04-05,kritikabal@example.net,+912203294028,Pudukkottai,Rajasthan,India,2022-01-17,Bronze,True
3847,Ekantika,Madan,Female,1966-01-13,korpalrobert@example.net,+913697424495,Asansol,Rajasthan,India,2023-12-04,Bronze,False
3848,Naveen,Balakrishnan,Female,1986-12-09,pranav97@example.net,7801421908,Nanded,West Bengal,India,2025-09-16,Gold,True
3849,Brinda,Sant,Male,1990-04-09,magarayaan@example.org,06300342181,Anantapur,Rajasthan,India,2022-12-17,Silver,True
3850,Chandresh,Ben,Female,2006-09-21,venkateshmeera@example.com,+911046858076,Chinsurah,Delhi,India,2025-09-04,Bronze,True
3851,Harinakshi,Chanda,Male,1983-05-13,advaithsharaf@example.com,7939673024,Solapur,Karnataka,India,2026-05-12,Gold,True
3852,Sara,Chaudhuri,Female,1999-01-17,eratta@example.com,+913642718211,Nagaon,Uttar Pradesh,India,2023-03-08,Bronze,True
3853,Saumya,Kala,Female,1978-08-27,qsaxena@example.com,05909875861,Singrauli,Delhi,India,2025-03-25,Bronze,True
3854,Avni,Prakash,Male,1971-02-09,sarrafowen@example.org,4417536243,Bhavnagar,Rajasthan,India,2022-03-03,Bronze,True
3855,Vedant,Bobal,Male,1966-08-08,upkaarwalia@example.org,5668003293,Panihati,Rajasthan,India,2026-06-27,Bronze,True
3856,Reva,Gole,Female,1999-06-03,oakaarini@example.com,2795441601,Kota,Rajasthan,India,2022-03-03,Bronze,True
3857,Ronith,Bali,Male,1970-05-11,draja@example.net,+913945644937,Bharatpur,Rajasthan,India,2023-06-14,Silver,True
3858,Faras,Virk,Female,1970-07-13,mohinikalla@example.org,01679695737,Gwalior,Uttar Pradesh,India,2025-02-24,Silver,True
3859,Unnati,Lala,Male,2005-11-05,veda62@example.org,01216946538,Allahabad,West Bengal,India,2022-06-25,Bronze,True
3860,Chatura,Din,Male,1965-04-21,tanejakrish@example.com,+911484007088,Khandwa,Maharashtra,India,2022-02-19,Platinum,True
3861,Jatin,Bora,Male,1983-07-09,azaansubramaniam@example.org,0587681568,Muzaffarpur,Karnataka,India,2025-06-27,Bronze,True
3862,Zaid,Lata,Male,1957-10-13,daksh59@example.net,09029972865,Cuttack,Rajasthan,India,2024-11-15,Bronze,False
3863,Zayan,Kaur,Male,1987-12-05,liam41@example.org,9107023407,Cuttack,Uttar Pradesh,India,2025-11-14,Silver,True
3864,Yatin,Sankaran,Female,1988-08-01,harinakshiseth@example.net,+919140120789,Kozhikode,Maharashtra,India,2025-05-11,Bronze,True
3865,Charan,Yogi,Male,1965-04-29,sagarjyoti@example.com,01656262220,Rewa,Rajasthan,India,2025-08-27,Bronze,True
3866,Lajita,Sathe,Female,1983-08-13,dutthardik@example.com,+916746087121,Jamalpur,West Bengal,India,2023-04-30,Bronze,True
3867,Ekanta,Ratti,Female,2002-06-04,bedigaurang@example.net,+915956539518,Bahraich,Uttar Pradesh,India,2025-03-09,Silver,True
3868,Aarnav,Deep,Female,1967-08-16,zehaanchaudhuri@example.net,+918356440441,Rajkot,Tamil Nadu,India,2024-04-15,Bronze,True
3869,Joshua,Narayanan,Female,1988-09-23,netra63@example.org,3739819917,Dewas,Gujarat,India,2024-12-23,Silver,True
3870,Praneel,Das,Female,1963-07-06,prakashwilliam@example.org,+911253699837,Nashik,Rajasthan,India,2025-08-27,Silver,True
3871,Priya,Muni,Female,1990-12-14,gwali@example.com,07951818184,Navi Mumbai,Tamil Nadu,India,2024-06-05,Silver,True
3872,Sarthak,Choudhary,Male,1968-04-19,waglegaurika@example.org,3708965459,North Dumdum,Karnataka,India,2026-04-17,Gold,False
3873,Shravya,Behl,Female,1986-11-05,qabil91@example.net,+914035715745,Begusarai,Maharashtra,India,2022-09-19,Bronze,True
3874,Nachiket,Ahuja,Male,1976-05-06,meera63@example.org,01097219286,Mumbai,Maharashtra,India,2024-11-02,Bronze,True
3875,Tanay,Rajan,Female,2001-03-13,bhattibrijesh@example.com,06170218045,Ludhiana,Delhi,India,2024-11-02,Silver,True
3876,Anika,Bhandari,Male,2007-07-09,ctiwari@example.org,4910803081,Patna,Delhi,India,2025-06-03,Bronze,True
3877,Ekaraj,Bava,Female,1992-01-21,hchakrabarti@example.net,1085630745,Madhyamgram,Rajasthan,India,2023-03-19,Bronze,True
3878,Viraj,Brar,Female,1969-05-20,rmital@example.org,9413507064,Meerut,Rajasthan,India,2026-03-29,Bronze,True
3879,Ekiya,Grewal,Female,1985-03-14,falgunizacharia@example.net,+913778693705,Nangloi Jat,Tamil Nadu,India,2023-01-01,Silver,True
3880,Chaitanya,Deo,Female,1982-12-14,nagiindrajit@example.net,1448319615,Mathura,Gujarat,India,2022-03-04,Gold,False
3881,Balendra,Chopra,Female,2007-12-01,hredhaan41@example.org,+919041656641,Bikaner,Uttar Pradesh,India,2022-06-11,Bronze,True
3882,Janya,Dhar,Female,1957-04-21,lakshmi69@example.com,1513203432,Jhansi,Uttar Pradesh,India,2025-04-13,Gold,False
3883,Hiral,Loyal,Female,1994-11-04,gavinbahl@example.org,01588432009,Thrissur,West Bengal,India,2025-03-22,Bronze,True
3884,Nimrat,Om,Male,2000-06-07,hnagar@example.com,+918109523982,Siliguri,Rajasthan,India,2023-04-28,Gold,True
3885,Ekaraj,Mangat,Female,1970-07-02,mzacharia@example.net,00486650520,Karnal,Gujarat,India,2026-06-07,Bronze,True
3886,Warinder,Pingle,Male,1976-04-19,akshaydin@example.com,8424844015,Katihar,Tamil Nadu,India,2024-07-21,Silver,True
3887,Bhavini,Suri,Male,1988-08-23,ychahal@example.net,3467608754,Mehsana,Delhi,India,2023-02-20,Gold,True
3888,Quincy,Krishnan,Male,1963-04-25,isaiah32@example.net,05310778217,Sirsa,Tamil Nadu,India,2021-12-03,Gold,True
3889,Teerth,Tata,Female,1965-07-07,agastyamammen@example.net,1217616096,Warangal,Karnataka,India,2022-09-01,Bronze,True
3890,Varenya,Pradhan,Male,1995-05-02,sanaya30@example.com,+915515509868,Asansol,Delhi,India,2022-05-16,Bronze,False
3891,Ladli,Bawa,Male,1973-10-21,liam53@example.org,04301879892,Ajmer,Delhi,India,2022-12-23,Silver,False
3892,Shravya,Chowdhury,Female,1982-02-04,choudhrypranav@example.com,+917967803253,Durgapur,Maharashtra,India,2025-03-29,Silver,False
3893,Gautam,Tank,Female,1988-06-10,plata@example.net,+912334981275,Silchar,Karnataka,India,2022-11-29,Silver,True
3894,Robert,Sheth,Male,1982-01-07,radhakrishnanmitesh@example.com,02211815924,Akola,Rajasthan,India,2025-04-07,Bronze,True
3895,Zilmil,Shah,Female,1995-03-17,yashasvi66@example.net,04497689078,Amroha,Rajasthan,India,2023-08-25,Silver,True
3896,Nisha,Balakrishnan,Female,2006-04-15,ymukherjee@example.com,+918930511806,Surendranagar Dudhrej,Tamil Nadu,India,2024-12-14,Bronze,True
3897,Lakshmi,Keer,Female,1955-12-11,qhayer@example.org,+919544863263,Bhilwara,Tamil Nadu,India,2025-05-25,Silver,False
3898,Qadim,Mitter,Female,1981-03-03,bhavininagar@example.org,9975287509,Anantapur,Delhi,India,2024-05-23,Silver,False
3899,Anjali,Mitter,Male,1976-01-05,iswamy@example.com,2990147689,Pondicherry,Tamil Nadu,India,2023-08-26,Silver,True
3900,Lopa,Khare,Female,1970-05-28,vwali@example.org,+911331531072,Amroha,Tamil Nadu,India,2025-05-02,Bronze,True
3901,Anmol,Dewan,Male,1994-09-29,venkateshqasim@example.net,01784116006,Nagpur,Uttar Pradesh,India,2023-03-17,Silver,True
3902,Januja,Manne,Male,1969-02-11,xbhardwaj@example.net,03905756774,Faridabad,Maharashtra,India,2022-06-11,Bronze,True
3903,Charan,Kanda,Male,1974-09-20,dmand@example.net,5504430477,Panipat,Delhi,India,2022-02-26,Silver,True
3904,Jhalak,Kakar,Male,1964-09-15,sanayagera@example.com,+911575092893,Hubli–Dharwad,West Bengal,India,2024-12-03,Silver,True
3905,Janya,Shukla,Female,1966-05-09,vbuch@example.net,+919993437606,Kulti,Delhi,India,2022-10-01,Silver,True
3906,Qarin,Bedi,Male,2000-07-01,daniupasna@example.net,08039621069,Maheshtala,Tamil Nadu,India,2022-07-07,Bronze,True
3907,Udant,Korpal,Male,1960-11-05,charanpall@example.com,01921421449,Rajpur Sonarpur,Delhi,India,2024-08-04,Bronze,True
3908,Vedika,Bava,Female,2006-11-19,elijahaggarwal@example.com,7584633570,Ramagundam,West Bengal,India,2023-12-28,Bronze,False
3909,Mahika,Shankar,Female,1990-06-16,peter11@example.org,07471196246,Begusarai,Delhi,India,2024-11-14,Bronze,False
3910,Gautami,Batta,Female,1958-11-19,mohanrobert@example.org,+919440407626,Bhagalpur,Delhi,India,2025-11-11,Gold,True
3911,Warjas,Parsa,Female,1980-12-17,rachitaoza@example.net,07328593402,Bhind,Gujarat,India,2024-03-19,Silver,False
3912,Lavanya,Vaidya,Male,1955-09-19,wablegabriel@example.com,00543914616,Naihati,Tamil Nadu,India,2022-10-07,Gold,False
3913,Yashvi,Kaur,Male,1973-02-09,xmorar@example.com,6955360321,Bhavnagar,Tamil Nadu,India,2026-06-22,Silver,False
3914,Hemangini,Kalita,Male,1985-02-16,hitesh09@example.org,7785527054,Saharanpur,Tamil Nadu,India,2025-10-02,Bronze,True
3915,Keya,Dhingra,Female,1971-01-24,hiteshbuch@example.net,01975074398,Guntur,Uttar Pradesh,India,2022-07-25,Silver,True
3916,Chatresh,Vala,Female,1996-04-24,neelimaperi@example.org,2712888943,Mumbai,Rajasthan,India,2022-05-26,Bronze,True
3917,Gaurav,Pall,Male,1998-01-10,nandabrinda@example.org,05141157212,Silchar,Tamil Nadu,India,2022-03-23,Bronze,True
3918,Sarthak,Chaudhari,Male,1959-02-19,emander@example.com,06771932603,Bangalore,Rajasthan,India,2024-11-26,Bronze,True
3919,Priya,Merchant,Male,1963-10-19,qarin94@example.net,05790169336,Bardhaman,Tamil Nadu,India,2025-04-29,Bronze,True
3920,Caleb,Raju,Female,1989-12-04,sarinkritika@example.net,00857799077,Agartala,Uttar Pradesh,India,2026-02-23,Silver,False
3921,Amara,Salvi,Female,1959-08-15,srinivasom@example.com,+912894812846,Pimpri-Chinchwad,Rajasthan,India,2022-01-19,Silver,True
3922,Praneel,Sood,Female,2005-07-05,narangnilima@example.net,+913390041982,Davanagere,Tamil Nadu,India,2022-11-16,Bronze,False
3923,Faras,Sodhi,Male,1968-07-13,faqidmahajan@example.com,4760446333,Ratlam,Maharashtra,India,2026-04-11,Bronze,True
3924,Chakrika,Brar,Female,1977-06-05,adya88@example.net,+919571220582,Vijayanagaram,Delhi,India,2024-07-21,Gold,True
3925,Dipta,Banik,Female,1989-06-15,hvala@example.org,7141758267,Secunderabad,Karnataka,India,2024-07-29,Bronze,True
3926,Dhriti,Gola,Male,2006-12-04,prabhuzansi@example.org,2004727449,Bareilly,Delhi,India,2024-06-12,Gold,True
3927,Amol,Grover,Male,1989-01-16,unnati14@example.org,01416245719,Adoni,Tamil Nadu,India,2025-11-05,Silver,True
3928,Vyanjana,Jaggi,Female,1982-02-11,suhanisachdev@example.net,+919180199602,Ranchi,Maharashtra,India,2023-01-23,Bronze,True
3929,Theodore,Handa,Female,1986-08-25,borrachasmum@example.net,+918739422627,Bareilly,Gujarat,India,2024-03-16,Silver,True
3930,Jalsa,Mangat,Male,1957-06-21,anair@example.net,+911559328765,Mangalore,Delhi,India,2025-09-26,Gold,False
3931,George,Vala,Female,1982-07-29,bandivrinda@example.org,1297296129,Silchar,Karnataka,India,2022-12-25,Bronze,False
3932,Wyatt,Vasa,Male,1991-08-31,usunder@example.org,+915831582428,Kakinada,Karnataka,India,2023-11-28,Bronze,True
3933,Chakrika,Mander,Male,1967-01-10,champakdeshmukh@example.com,2047655060,New Delhi,Tamil Nadu,India,2023-04-29,Bronze,True
3934,Advay,Vig,Male,1981-03-02,kavyawason@example.org,4880734310,Pali,Uttar Pradesh,India,2025-12-31,Bronze,True
3935,Bakhshi,Chad,Male,2005-08-17,vanyakumer@example.com,6844200092,Akola,Karnataka,India,2024-03-06,Silver,True
3936,Pushti,Chaudhry,Male,2003-01-28,deshpandeyutika@example.com,06158857024,Rewa,Karnataka,India,2022-09-26,Bronze,True
3937,Falak,Bhatnagar,Male,1965-02-08,charanmurthy@example.org,+914695478170,Jalgaon,Tamil Nadu,India,2022-05-05,Bronze,True
3938,Janaki,Narula,Female,1958-08-17,tristan17@example.net,02845915069,Firozabad,Tamil Nadu,India,2023-03-21,Silver,False
3939,Dominic,Chowdhury,Male,1965-05-11,anamika26@example.com,3290129195,Bhilwara,Delhi,India,2025-04-09,Gold,True
3940,Rachana,Pathak,Male,1990-06-21,lnadig@example.net,+912702300609,Warangal,Gujarat,India,2024-10-29,Silver,False
3941,Jack,Nagarajan,Female,2007-02-19,neelsahota@example.net,00131330264,Gandhinagar,Rajasthan,India,2023-10-26,Bronze,True
3942,Yauvani,Sha,Male,2004-12-12,borahzilmil@example.net,8266143031,Jehanabad,Uttar Pradesh,India,2025-10-27,Silver,True
3943,Jeevika,Anne,Male,1990-08-31,kchopra@example.org,8895421537,Salem,Tamil Nadu,India,2024-10-24,Silver,True
3944,Bhanumati,Rai,Male,1975-05-03,omajaaurora@example.com,06131610790,Bhilwara,Karnataka,India,2025-09-13,Bronze,True
3945,Azad,Koshy,Female,1996-10-29,tanvibuch@example.net,02870667156,Rajahmundry,Tamil Nadu,India,2026-01-13,Gold,True
3946,Vyanjana,Singh,Female,1997-11-04,bhavika55@example.org,+917572480778,Purnia,Tamil Nadu,India,2025-11-13,Bronze,True
3947,Forum,Keer,Female,1960-12-07,xbains@example.org,08339309057,Tenali,Tamil Nadu,India,2022-06-21,Bronze,True
3948,Janani,Ganesan,Female,2007-04-20,ishanvichander@example.org,01706955853,Amaravati,Rajasthan,India,2022-05-05,Silver,True
3949,Ati,Sastry,Male,1977-02-11,nsarkar@example.com,0959251443,Alwar,Delhi,India,2024-02-04,Silver,True
3950,Kashvi,Kunda,Male,1997-08-26,boasevincent@example.org,5260508356,Jammu,Uttar Pradesh,India,2026-05-24,Gold,True
3951,Aarna,Balakrishnan,Male,1966-06-08,dubemaanav@example.net,+912936878997,Aizawl,Uttar Pradesh,India,2024-10-05,Bronze,True
3952,Ojasvi,Venkataraman,Male,1975-05-10,bhattijeremiah@example.net,07032756612,Maheshtala,West Bengal,India,2022-08-19,Gold,True
3953,Neha,Sarin,Female,1960-07-21,hchawla@example.com,+914086182806,Silchar,West Bengal,India,2026-03-02,Bronze,True
3954,Ekantika,Kannan,Male,1991-10-04,choudharylaban@example.net,+919392240520,Eluru,Maharashtra,India,2023-08-24,Bronze,True
3955,Vansha,Mammen,Male,1990-05-10,ksura@example.net,+916319639630,Rourkela,Maharashtra,India,2025-01-22,Bronze,False
3956,Warinder,Grover,Male,1974-09-28,wbarman@example.org,+916322959424,Darbhanga,West Bengal,India,2021-12-06,Bronze,True
3957,Madhav,D’Alia,Female,1983-12-09,kevinkumar@example.net,+919300394478,Jammu,Delhi,India,2022-02-07,Silver,True
3958,Ishanvi,Misra,Male,1968-01-16,ghanda@example.org,07339718296,Visakhapatnam,Tamil Nadu,India,2026-03-06,Silver,True
3959,Zayyan,Kakar,Female,1969-08-23,zbal@example.org,01052918466,Jamshedpur,Karnataka,India,2023-05-28,Bronze,True
3960,Raksha,Aurora,Female,1984-11-08,mastersamuel@example.com,00590728832,Ranchi,Delhi,India,2024-06-03,Bronze,True
3961,Saanvi,Kashyap,Male,1996-11-11,varmakrish@example.com,09867714462,Bulandshahr,Rajasthan,India,2023-08-27,Bronze,True
3962,Baghyawati,Parmar,Male,2002-06-04,deepyashawini@example.org,07311349024,Bokaro,Delhi,India,2026-06-22,Silver,True
3963,Lekha,Zacharia,Male,1978-07-05,sparmar@example.net,+919610180488,Bihar Sharif,Delhi,India,2025-03-06,Bronze,True
3964,Praneel,Mistry,Female,1970-08-02,auppal@example.net,9718346642,Shahjahanpur,West Bengal,India,2022-06-26,Platinum,False
3965,Bina,Hayre,Female,1967-11-07,qabil76@example.org,02005068016,Panipat,West Bengal,India,2021-12-06,Gold,True
3966,Madhav,Raja,Male,2001-05-01,usharaf@example.org,5066420925,Rewa,Rajasthan,India,2025-01-22,Bronze,True
3967,Ayushman,Gopal,Female,1995-09-30,yashsharaf@example.com,+912417045545,Ambattur,Gujarat,India,2026-01-31,Bronze,True
3968,Finn,Kakar,Male,2000-11-10,ekaraj29@example.net,+915003432734,Bellary,Gujarat,India,2025-04-20,Bronze,True
3969,Urvashi,Dada,Male,1993-04-03,sanyalalla@example.com,4929401219,Loni,Gujarat,India,2022-05-05,Bronze,True
3970,Anay,Dey,Male,2006-11-13,drout@example.com,01923588183,Imphal,Maharashtra,India,2022-12-06,Silver,True
3971,Lajita,Subramanian,Male,1988-05-06,cchawla@example.org,07011570365,Muzaffarpur,Maharashtra,India,2026-04-08,Bronze,False
3972,Upadhriti,Padmanabhan,Male,1992-08-05,chokshimugdha@example.net,09851016861,South Dumdum,Karnataka,India,2022-02-11,Bronze,True
3973,Wakeeta,Natt,Male,1958-02-07,shravya43@example.com,+912561154822,Burhanpur,Uttar Pradesh,India,2023-08-17,Bronze,True
3974,Ucchal,Chakraborty,Male,1958-05-19,garimaranganathan@example.com,00969692681,Arrah,Karnataka,India,2023-08-03,Gold,True
3975,Abhimanyu,Banik,Female,1993-10-24,chaturasem@example.org,8317582506,Mangalore,Karnataka,India,2025-11-07,Bronze,True
3976,Priya,Chandra,Male,1990-03-05,elijah86@example.com,+912077408705,Kumbakonam,Rajasthan,India,2021-09-26,Silver,False
3977,Aryan,Kulkarni,Male,1961-11-18,bkumer@example.net,9373512877,Ballia,Delhi,India,2024-11-08,Silver,False
3978,Abdul,Anne,Female,1976-12-20,wyatt66@example.com,6407046654,Sambhal,Karnataka,India,2021-08-28,Bronze,False
3979,Simon,Kohli,Male,1960-10-11,csama@example.org,+914607851319,Imphal,Rajasthan,India,2021-11-09,Bronze,True
3980,Shravya,Varty,Female,1963-12-14,manbir28@example.net,+914374522402,Mahbubnagar,Rajasthan,India,2022-10-15,Platinum,True
3981,Maanav,Bail,Female,1957-06-08,upma84@example.net,+915954293869,Kozhikode,Gujarat,India,2026-07-03,Bronze,False
3982,Upadhriti,Bakshi,Male,2000-06-01,opall@example.net,01869915432,Imphal,Karnataka,India,2023-04-02,Silver,True
3983,Agastya,Zacharia,Male,1992-10-30,uyohannan@example.org,02720926895,Jabalpur,West Bengal,India,2026-07-07,Bronze,True
3984,Qarin,Raghavan,Female,1959-05-26,abhimanyu57@example.net,7136142997,Rohtak,West Bengal,India,2023-06-27,Silver,True
3985,Zansi,Jhaveri,Female,1974-08-01,aradhanalata@example.net,+915611300366,Amritsar,Maharashtra,India,2025-06-15,Bronze,True
3986,Bhavika,Bora,Female,1987-06-05,triptimallick@example.net,6681214067,Surendranagar Dudhrej,Delhi,India,2023-05-24,Platinum,True
3987,Nandini,Contractor,Female,1989-01-01,bhavani11@example.com,6009484829,Dindigul,Tamil Nadu,India,2023-02-03,Gold,False
3988,Upkaar,Maharaj,Female,1977-02-23,chakrabortyshaurya@example.org,04919839427,Kalyan-Dombivli,West Bengal,India,2026-01-28,Gold,False
3989,Gautami,Bal,Male,1979-12-27,advay06@example.net,2726161172,Shimoga,Karnataka,India,2022-10-26,Bronze,True
3990,Zansi,Chanda,Male,1964-02-18,jhanda@example.com,4849793391,Aurangabad,Tamil Nadu,India,2023-01-23,Silver,False
3991,Sachi,Rana,Male,2007-03-02,finn51@example.net,05557811124,Ramgarh,Maharashtra,India,2024-04-05,Bronze,True
3992,Aadi,Chadha,Female,1978-05-07,tanay59@example.com,0954283657,Ramagundam,West Bengal,India,2022-03-20,Bronze,True
3993,Wridesh,Vohra,Female,2003-04-15,atharv10@example.com,+914885869205,Varanasi,Maharashtra,India,2026-01-16,Silver,True
3994,Vedant,Nazareth,Male,1979-03-22,yashvi20@example.net,7458310985,Raurkela Industrial Township,Uttar Pradesh,India,2022-08-08,Silver,False
3995,Dominic,Bansal,Male,1959-04-09,esandhu@example.com,+910233549686,Junagadh,Gujarat,India,2022-02-17,Bronze,True
3996,Geetika,Saran,Male,2001-04-18,chatreshkarnik@example.com,+915271726366,Khora ,Karnataka,India,2024-08-22,Gold,True
3997,Harita,Bhatia,Male,1978-12-13,wdube@example.com,02518799767,Bokaro,Rajasthan,India,2021-09-12,Bronze,True
3998,Baghyawati,Shah,Female,1962-05-19,tgaba@example.org,6840901109,Patiala,Tamil Nadu,India,2023-04-30,Bronze,True
3999,Samuel,Butala,Female,1992-03-16,daratripti@example.net,05259293886,Thane,Uttar Pradesh,India,2025-01-30,Gold,False
4000,Unnati,Sharaf,Female,1989-07-05,chaman50@example.net,+915126034732,Katni,Delhi,India,2025-02-06,Silver,True
4001,Shivansh,Dey,Female,1960-03-17,qarin34@example.org,02957441558,Guntur,Uttar Pradesh,India,2025-03-02,Silver,False
4002,Niharika,Char,Female,1998-04-19,ahluwaliaedhitha@example.org,6272229888,Bongaigaon,Gujarat,India,2026-06-21,Bronze,False
4003,Nakul,Raman,Male,1995-01-22,bhattacharyyajairaj@example.org,+910550320078,Nagaon,Tamil Nadu,India,2021-10-23,Bronze,True
4004,Gauri,Subramanian,Male,1970-03-03,vartywarinder@example.com,1671289572,Miryalaguda,Uttar Pradesh,India,2024-07-06,Bronze,True
4005,Jagvi,Anne,Male,2002-06-09,bhavanimisra@example.com,+919161347070,Berhampur,Delhi,India,2022-08-11,Gold,True
4006,Ayush,Krish,Female,1996-05-27,alka79@example.com,+911462489029,Tezpur,Tamil Nadu,India,2022-12-13,Bronze,True
4007,Yatan,Sarma,Male,2001-06-26,lakshpatil@example.com,+918030957045,Ambala,Uttar Pradesh,India,2025-06-16,Gold,True
4008,Megha,Sahni,Female,1974-09-26,rchaudhuri@example.com,04893732185,Bilaspur,Tamil Nadu,India,2025-12-04,Gold,True
4009,Jasmit,Mahal,Male,1957-04-18,kabirsankar@example.org,07677848807,Bardhaman,Delhi,India,2025-02-11,Bronze,False
4010,Samarth,Sanghvi,Male,1962-05-30,anirudhbalakrishnan@example.com,5341606121,Navi Mumbai,Karnataka,India,2023-10-26,Bronze,True
4011,Saumya,Mand,Male,1958-06-05,faras12@example.com,0343288446,Bhubaneswar,Maharashtra,India,2021-09-21,Silver,True
4012,Adya,Naik,Male,1976-10-03,tdivan@example.com,+916368991759,Phusro,Karnataka,India,2022-04-21,Bronze,False
4013,Yashvi,Soman,Male,1997-06-04,daksha56@example.net,+918744722911,Faridabad,Karnataka,India,2025-12-16,Bronze,False
4014,Harsh,Dass,Male,2005-11-07,egulati@example.net,9263796009,Thane,Gujarat,India,2023-01-22,Gold,True
4015,Krishna,Gill,Male,1968-06-12,rachana36@example.net,6676721283,Indore,West Bengal,India,2024-07-06,Gold,True
4016,Guneet,Devan,Male,1980-03-28,andrewsule@example.net,+911056353072,Haridwar,Tamil Nadu,India,2022-08-06,Silver,False
4017,Imaran,Sekhon,Female,1975-06-04,veda16@example.net,+916866088017,Ahmednagar,Delhi,India,2025-03-20,Silver,False
4018,Lohit,Kade,Female,1996-10-27,iyengarjatin@example.net,+918178491350,Nagaon,Uttar Pradesh,India,2025-04-20,Gold,True
4019,Ethan,Trivedi,Male,1998-08-11,sairau@example.org,00853838389,Giridih,Maharashtra,India,2025-09-02,Bronze,True
4020,Chakradev,Warrior,Female,1972-03-16,dinedhitha@example.org,04618934794,Nashik,Uttar Pradesh,India,2025-06-06,Bronze,True
4021,Udyati,Virk,Male,2006-07-20,vivaan79@example.org,+914154439416,Pali,Delhi,India,2021-10-17,Bronze,True
4022,Abdul,Subramaniam,Female,1988-12-21,chauhanyuvraj@example.com,+916291886582,Bangalore,West Bengal,India,2026-05-21,Bronze,True
4023,Adweta,Arya,Male,1999-05-29,yashodhara80@example.net,02127909253,Kolhapur,Uttar Pradesh,India,2021-12-11,Silver,True
4024,Rohan,Tata,Male,1976-11-02,ranbir15@example.net,+915114945341,Kalyan-Dombivli,West Bengal,India,2022-11-08,Silver,True
4025,Indrajit,Bava,Female,1994-10-28,liam86@example.net,03206313317,Ambarnath,West Bengal,India,2023-11-16,Silver,False
4026,Umang,Dubey,Male,1971-01-22,shivanshzachariah@example.net,4256830510,Jabalpur,Gujarat,India,2021-09-08,Bronze,True
4027,Ubika,Sankaran,Male,1995-12-23,nishakashyap@example.org,6766074640,Ahmednagar,Karnataka,India,2023-01-20,Bronze,True
4028,Saanvi,Ramaswamy,Female,1958-06-24,prisha79@example.org,08451267239,Sangli-Miraj & Kupwad,Karnataka,India,2023-04-04,Bronze,True
4029,Leena,Mukherjee,Female,2005-05-18,kaladalbir@example.net,09510971171,Indore,Delhi,India,2025-11-13,Bronze,True
4030,Guneet,Bajaj,Male,1965-10-07,ohanda@example.net,+917833735026,Davanagere,Rajasthan,India,2025-09-03,Silver,True
4031,Jackson,Thakur,Male,1966-11-12,fbassi@example.net,+911570898918,Hazaribagh,Uttar Pradesh,India,2024-06-30,Silver,False
4032,Shivani,Swamy,Male,1975-07-20,samarviswanathan@example.net,06963681674,Thanjavur,Gujarat,India,2025-08-11,Silver,False
4033,Vedant,Sarma,Female,1973-11-02,xavier11@example.net,00335980973,Aizawl,West Bengal,India,2026-02-20,Bronze,True
4034,Niharika,Palla,Female,1967-06-17,igokhale@example.org,08376533872,Miryalaguda,West Bengal,India,2024-12-09,Bronze,False
4035,Ijaya,Viswanathan,Female,1959-09-11,qshetty@example.org,+917863590552,Rajahmundry,Tamil Nadu,India,2024-06-15,Bronze,True
4036,Tripti,Patla,Male,1988-05-07,raghavpandey@example.net,00644174287,Pudukkottai,Rajasthan,India,2022-06-18,Bronze,True
4037,Daniel,Gour,Male,1956-10-21,rkarpe@example.org,+911564816537,Ranchi,Rajasthan,India,2022-02-25,Silver,True
4038,Xalak,Lanka,Female,1969-08-03,bhatkrish@example.net,06837573068,Hubli–Dharwad,Gujarat,India,2022-11-03,Silver,True
4039,Kiaan,Gaba,Male,2000-06-12,yahvi24@example.org,+911210675935,Erode,Delhi,India,2026-07-04,Bronze,False
4040,Gaurangi,Reddy,Male,1986-01-03,ramachatura@example.com,7909525192,Kirari Suleman Nagar,Maharashtra,India,2024-06-27,Gold,True
4041,Vihaan,Kala,Female,1960-06-02,gayathribath@example.com,+917945255415,Tenali,West Bengal,India,2023-11-09,Bronze,False
4042,Sathvik,Varkey,Male,1980-11-08,jhayer@example.net,2274803731,Kamarhati,West Bengal,India,2024-12-13,Bronze,True
4043,Upkaar,Bhardwaj,Male,1981-08-05,gmistry@example.com,01345976181,Katihar,Gujarat,India,2024-01-29,Bronze,True
4044,Dhriti,Soman,Male,1973-09-30,lavanyamital@example.org,5005791822,Jehanabad,Rajasthan,India,2022-04-27,Silver,True
4045,Vanya,Munshi,Male,1974-01-23,kabirtandon@example.org,00088426791,Kirari Suleman Nagar,West Bengal,India,2022-01-17,Bronze,True
4046,Abdul,Venkataraman,Female,1964-08-11,abhimanyu41@example.net,04369801925,Amravati,West Bengal,India,2026-03-04,Gold,True
4047,Darpan,Rout,Male,1955-10-03,tailorbakhshi@example.com,09382725693,Bathinda,Delhi,India,2025-08-30,Bronze,True
4048,Baljiwan,Dave,Female,2002-07-28,karpesimon@example.org,1388614953,Bharatpur,Karnataka,India,2022-02-19,Bronze,True
4049,Nikita,Din,Male,1964-09-28,aradhakrishnan@example.net,8298367910,Unnao,Rajasthan,India,2025-08-31,Gold,True
4050,Girindra,Hayer,Female,1993-03-03,rushilthaman@example.org,4010992375,Jorhat,Uttar Pradesh,India,2022-04-09,Bronze,True
4051,Yashoda,Goyal,Male,1960-06-15,warinderbali@example.net,06352776980,Gangtok,West Bengal,India,2025-01-15,Bronze,True
4052,Bishakha,Soman,Male,1981-11-04,rachana99@example.net,7589236688,Ambarnath,Gujarat,India,2023-05-29,Bronze,False
4053,Oviya,Rai,Female,1978-05-03,omleena@example.net,8623344383,Noida,Karnataka,India,2026-04-29,Bronze,False
4054,Diya,Yogi,Male,2005-09-21,nidraprasad@example.net,00815196014,Amroha,Tamil Nadu,India,2024-03-24,Silver,True
4055,Guneet,Rana,Male,2005-01-21,geetikachoudhary@example.com,8027814306,Ongole,West Bengal,India,2024-03-04,Bronze,True
4056,Madhavi,Kamdar,Male,1972-11-08,soodunni@example.net,+912100788754,Ramgarh,Gujarat,India,2022-04-05,Bronze,True
4057,Zayyan,Mukherjee,Female,1997-11-22,hayreekbal@example.com,+912166752655,Pimpri-Chinchwad,Karnataka,India,2025-10-15,Silver,True
4058,Tanish,Narain,Male,1956-04-03,wallarohan@example.org,08742367792,Buxar,West Bengal,India,2026-03-03,Silver,True
4059,Madhav,Anand,Female,1978-11-08,onveer05@example.com,9476515812,Lucknow,Delhi,India,2022-02-28,Silver,False
4060,Ayaan,Sekhon,Female,1963-10-10,damyanti62@example.com,+910493884912,Nangloi Jat,Gujarat,India,2024-06-17,Gold,False
4061,Idika,Chaudhuri,Female,1970-07-04,guneetsekhon@example.net,04250113296,Jaipur,Karnataka,India,2023-11-09,Bronze,True
4062,Laksh,Sinha,Female,2007-10-30,walijack@example.net,7320872081,Sikar,Maharashtra,India,2021-11-05,Bronze,True
4063,Aarav,Garde,Male,1997-08-31,ukari@example.org,1230743691,Sambhal,Maharashtra,India,2024-11-05,Gold,False
4064,Harish,Chowdhury,Female,1976-11-02,hema89@example.com,0269890018,Ramgarh,Delhi,India,2026-02-10,Silver,False
4065,Ishani,Madan,Male,1984-11-06,mukhopadhyaywyatt@example.net,+917228479246,Srikakulam,Rajasthan,India,2024-10-04,Bronze,False
4066,Bina,Choudhury,Male,2001-02-09,charitadar@example.com,7334888883,Belgaum,West Bengal,India,2024-06-03,Silver,True
4067,Ekiya,Pal,Male,1966-04-01,rachanabhatnagar@example.org,07906403367,Chennai,West Bengal,India,2024-04-30,Bronze,True
4068,Varsha,Nagarajan,Male,1960-06-19,damyantichaudhuri@example.org,02845313562,Sambhal,West Bengal,India,2024-08-22,Platinum,True
4069,Jhalak,Khatri,Male,2008-04-05,zvora@example.com,08728858442,Kadapa,Gujarat,India,2025-03-24,Bronze,True
4070,Yoshita,Gara,Female,1992-08-09,dalaja38@example.net,04174217876,Kishanganj,Uttar Pradesh,India,2025-02-02,Bronze,True
4071,George,Char,Female,1992-04-25,jatinmangat@example.net,+913160811537,Nagaon,Tamil Nadu,India,2024-04-09,Bronze,True
4072,Charles,Kibe,Male,1971-11-02,wdivan@example.org,7270712418,Munger,Maharashtra,India,2024-06-06,Bronze,False
4073,Wishi,Pal,Female,1999-02-16,xalak28@example.com,9986525510,Burhanpur,Gujarat,India,2024-06-14,Silver,False
4074,Saksham,Bhargava,Female,2000-12-04,hitesh91@example.net,+911463320457,Bongaigaon,Uttar Pradesh,India,2024-11-22,Bronze,True
4075,Nihal,Sabharwal,Female,1972-06-02,ranbir72@example.org,0613457191,Hindupur,Gujarat,India,2024-04-01,Bronze,True
4076,Qadim,Sarraf,Female,1960-04-01,bishakhashankar@example.org,05082309217,Khammam,West Bengal,India,2026-06-10,Gold,False
4077,Victor,Sen,Female,1972-04-07,settydarpan@example.com,3281453931,Bhubaneswar,Rajasthan,India,2024-12-25,Silver,True
4078,Aditya,Ghose,Female,1967-09-26,vsalvi@example.net,+913833919362,Hindupur,Gujarat,India,2022-08-06,Silver,True
4079,Chanakya,Manda,Male,1960-10-01,chaitaly33@example.com,+918872532875,Avadi,Maharashtra,India,2024-09-09,Bronze,True
4080,Ekansh,Setty,Female,1964-04-25,lankavaishnavi@example.org,9895710901,Ichalkaranji,Gujarat,India,2024-03-25,Silver,False
4081,Chameli,Rana,Male,2000-10-01,janakiwable@example.com,05047163389,Satna,Tamil Nadu,India,2025-04-10,Silver,True
4082,Benjamin,Das,Female,1972-09-20,sarafyatin@example.org,09934303360,Jhansi,Maharashtra,India,2024-06-12,Bronze,True
4083,Tanveer,Narayanan,Female,1967-07-12,swamyagastya@example.com,00227128766,Gandhinagar,Delhi,India,2023-04-24,Gold,True
4084,Hemangini,Nanda,Female,1967-01-12,gillchandresh@example.net,2755757079,Satna,Tamil Nadu,India,2021-09-22,Gold,True
4085,Daksha,Shere,Male,1978-08-04,menonhemang@example.com,+914078449180,New Delhi,Tamil Nadu,India,2025-09-11,Bronze,False
4086,George,Sharma,Female,1967-04-23,vamakshide@example.net,6349155749,Saharsa,Uttar Pradesh,India,2025-08-30,Silver,False
4087,Pratyush,Kapoor,Female,1999-12-01,gaurav03@example.com,+912401276510,Hospet,West Bengal,India,2022-01-10,Bronze,True
4088,Udant,Varma,Male,1972-04-24,ramakrishnannandini@example.com,04059809601,Etawah,West Bengal,India,2024-04-14,Bronze,True
4089,Patrick,Sethi,Male,1956-04-17,hardikkarnik@example.net,+917287493572,Morbi,Gujarat,India,2022-08-14,Silver,True
4090,Diya,Hora,Male,2005-10-17,harshilseshadri@example.org,00780205130,Nandyal,Rajasthan,India,2022-03-05,Gold,True
4091,Ekansh,Edwin,Female,1990-07-07,qprashad@example.com,3973408379,Ludhiana,Maharashtra,India,2023-10-04,Bronze,True
4092,Baghyawati,Shanker,Male,1958-06-03,uhayer@example.org,8802685602,Buxar,Uttar Pradesh,India,2024-09-20,Silver,False
4093,Luke,Patil,Female,1992-09-28,garima35@example.net,7669914752,Suryapet,Uttar Pradesh,India,2025-12-31,Platinum,True
4094,Avi,Rout,Male,1980-01-10,balendraluthra@example.net,05537653060,Burhanpur,Karnataka,India,2025-01-01,Bronze,True
4095,Libni,Barad,Female,1980-06-04,michaelbassi@example.net,+911543728930,Dharmavaram,Maharashtra,India,2022-12-27,Gold,True
4096,Nitesh,Sen,Female,1987-10-08,mukhopadhyayamruta@example.com,6157372481,Phusro,Tamil Nadu,India,2024-04-18,Platinum,False
4097,Oviya,Kota,Female,1996-06-04,zilmildugar@example.org,5523419571,Hubli–Dharwad,Tamil Nadu,India,2022-02-12,Silver,False
4098,Turvi,Parikh,Male,1994-11-01,libniarya@example.com,04483355679,Suryapet,Tamil Nadu,India,2023-05-16,Silver,True
4099,Nimrat,Garg,Male,1965-04-13,anori@example.org,+914011399345,Chandrapur,Delhi,India,2023-04-01,Silver,True
4100,Ishani,Bassi,Female,1988-03-28,thamananthony@example.org,3975930837,Firozabad,Rajasthan,India,2021-12-24,Bronze,True
4101,Indrajit,Pillai,Female,1973-10-08,rajeshrimall@example.org,01933128942,Madurai,Maharashtra,India,2024-09-29,Bronze,True
4102,Jhalak,Deo,Male,1999-02-28,rohansekhon@example.net,00616171190,Mira-Bhayandar,Rajasthan,India,2023-05-20,Platinum,True
4103,Forum,Kumer,Female,1986-11-20,bansalpraneel@example.net,4452798926,Chandrapur,Tamil Nadu,India,2026-06-24,Bronze,True
4104,Bakhshi,Agate,Female,1987-03-31,dgill@example.com,+910834029672,Agartala,Gujarat,India,2023-09-05,Bronze,True
4105,Aditya,Chaudry,Male,1958-01-20,dakshsagar@example.com,9365793597,Karimnagar,Maharashtra,India,2023-01-25,Silver,False
4106,Pavani,Majumdar,Female,1958-07-10,kapurzaid@example.com,+912630310016,Bhubaneswar,Gujarat,India,2026-01-06,Silver,True
4107,Harsh,Tata,Female,1971-02-08,bajwaanika@example.com,4583192113,Khandwa,Rajasthan,India,2022-04-13,Silver,True
4108,Kevin,Ramaswamy,Male,2004-02-26,keya27@example.com,+910299989468,Kolkata,Karnataka,India,2026-07-12,Bronze,True
4109,Dakshesh,Sami,Male,1974-12-03,anandayushman@example.net,3887834865,Rourkela,Uttar Pradesh,India,2025-04-18,Bronze,False
4110,Devika,Oza,Male,1960-03-28,vanshachoudhury@example.com,6338106263,Dharmavaram,Uttar Pradesh,India,2022-09-27,Bronze,False
4111,Dev,Loke,Male,1989-08-06,eshan@example.org,+910956568270,Bihar Sharif,Delhi,India,2026-06-05,Silver,True
4112,Dakshesh,Thaman,Female,1967-12-21,yash80@example.net,+917373300644,Sri Ganganagar,Tamil Nadu,India,2022-08-24,Bronze,False
4113,Kalpit,Khanna,Male,1963-01-22,cbhatt@example.com,04503205663,Morena,Karnataka,India,2025-10-25,Gold,True
4114,Wakeeta,Dass,Male,1993-03-28,aaravtank@example.net,9917129613,Madurai,Maharashtra,India,2022-03-30,Gold,True
4115,Hema,Sarna,Female,2000-09-30,qarin12@example.com,5815904787,Baranagar,Delhi,India,2025-04-16,Gold,True
4116,Adya,Gulati,Female,1992-10-17,fmittal@example.org,5173121542,Alwar,Delhi,India,2022-09-20,Bronze,True
4117,Chaitaly,Mukherjee,Female,2007-11-30,williammalhotra@example.com,+911680922785,Jalna,Tamil Nadu,India,2024-11-10,Bronze,True
4118,Nidra,Issac,Female,1958-11-18,khuranaudyati@example.org,02717724534,South Dumdum,Delhi,India,2025-04-25,Gold,True
4119,Lakshit,Dhillon,Male,1986-04-08,ygrover@example.net,4058640871,Anantapur,Karnataka,India,2025-06-22,Silver,False
4120,Falguni,Deshpande,Female,1959-06-17,gagandada@example.com,02342211308,Arrah,Uttar Pradesh,India,2022-11-29,Silver,True
4121,Aarush,Rattan,Female,1978-09-18,soniaashi@example.net,2668111553,Ghaziabad,Rajasthan,India,2025-12-24,Platinum,True
4122,Fitan,Krishna,Female,1990-04-12,kavyagade@example.com,1646201254,Ahmednagar,Gujarat,India,2026-06-06,Gold,True
4123,Manya,Kata,Female,2001-09-22,chamelivarty@example.org,01493476180,Bardhaman,Gujarat,India,2026-03-31,Bronze,True
4124,Utkarsh,Shanker,Female,1968-09-24,ganesangautami@example.org,08707069934,Nizamabad,Karnataka,India,2022-12-31,Bronze,True
4125,Benjamin,Sarraf,Female,1976-12-21,qgokhale@example.com,5425698001,Singrauli,Karnataka,India,2025-06-11,Bronze,True
4126,Upkaar,Barad,Male,1980-03-01,vasatikaluthra@example.org,4079128057,Patna,Karnataka,India,2024-01-20,Bronze,False
4127,Jagrati,Rastogi,Female,1987-04-15,jagdish61@example.com,+912235443425,Panchkula,West Bengal,India,2023-02-24,Gold,False
4128,Anusha,Nanda,Male,2002-12-19,tanay61@example.com,+911387403331,Gurgaon,Maharashtra,India,2023-09-27,Bronze,True
4129,Advik,Wason,Female,1988-05-06,prisha58@example.net,8891341049,Motihari,Tamil Nadu,India,2022-09-30,Gold,True
4130,Ayushman,Nayak,Female,1988-07-26,utiwari@example.org,04988805303,Deoghar,Uttar Pradesh,India,2021-11-21,Silver,True
4131,Samarth,Chopra,Female,1968-05-27,vasagabriel@example.com,04848713708,Bhusawal,Delhi,India,2026-04-09,Bronze,True
4132,Pratyush,Misra,Female,1978-11-08,ayush16@example.com,5634023918,Nangloi Jat,Gujarat,India,2022-09-25,Bronze,True
4133,Matthew,Talwar,Male,2008-06-28,rbala@example.com,04510844782,Nizamabad,Delhi,India,2021-08-21,Silver,True
4134,Liam,Saraf,Male,1976-08-05,jyoti12@example.com,6183261631,Solapur,Delhi,India,2024-03-24,Silver,True
4135,Oni,Chopra,Male,1965-06-11,sdara@example.net,+915978029132,Parbhani,Karnataka,India,2026-02-03,Platinum,False
4136,Logan,Tank,Male,1965-06-30,qushimane@example.org,+913379422680,Sangli-Miraj & Kupwad,West Bengal,India,2023-11-29,Gold,True
4137,Ikshita,Magar,Male,1979-08-29,mitali14@example.net,+911089367646,Srinagar,Tamil Nadu,India,2021-10-18,Silver,True
4138,Nihal,Mammen,Male,2007-08-06,chavvidesai@example.org,06409689725,Faridabad,Tamil Nadu,India,2022-01-16,Bronze,True
4139,Dayita,Kala,Male,1978-06-06,priyagarde@example.org,4178716863,Guna,Maharashtra,India,2026-01-06,Bronze,True
4140,Vanya,Tripathi,Male,1967-08-03,banerjeeliam@example.net,9168611265,Pallavaram,Maharashtra,India,2025-07-14,Bronze,False
4141,Nicholas,Bawa,Female,1970-11-24,guhaazaan@example.net,09471480414,Tirunelveli,West Bengal,India,2022-02-08,Bronze,True
4142,Warinder,Viswanathan,Male,1971-11-09,hiral20@example.org,09812391905,Barasat,Uttar Pradesh,India,2022-12-14,Silver,True
4143,Pranit,Cheema,Male,1987-01-29,manan31@example.net,5139266883,Kanpur,Karnataka,India,2024-01-28,Gold,True
4144,Madhavi,Dhaliwal,Female,2003-06-25,radhika58@example.com,5216931521,Sultan Pur Majra,West Bengal,India,2022-07-01,Silver,True
4145,Dalbir,Minhas,Male,2001-03-05,wvenkatesh@example.com,+912543269986,Munger,Delhi,India,2025-10-27,Gold,True
4146,Chandani,Bala,Female,1999-09-03,pranavdixit@example.net,09176814061,South Dumdum,Delhi,India,2021-08-23,Silver,True
4147,Faqid,Mangal,Male,1972-06-11,jananisen@example.org,08991292286,Parbhani,Uttar Pradesh,India,2025-02-22,Bronze,True
4148,Devansh,Ranganathan,Male,1982-05-29,vrindasachdev@example.org,02653602980,Maheshtala,Rajasthan,India,2025-05-31,Bronze,True
4149,Lakshit,Swaminathan,Male,1972-04-06,warindermohan@example.net,1483067032,Ambattur,Maharashtra,India,2026-07-07,Bronze,True
4150,Edhitha,Bumb,Female,1991-06-11,bkale@example.org,3355682498,Ambattur,West Bengal,India,2024-09-26,Gold,True
4151,Qasim,Dhar,Female,1960-08-11,tanmayi53@example.org,0074905541,Loni,Gujarat,India,2024-07-17,Gold,False
4152,Aahana,Edwin,Female,1955-12-25,xlall@example.com,0063006140,Noida,Karnataka,India,2023-04-28,Bronze,True
4153,Nicholas,Agarwal,Female,1968-05-13,kmagar@example.org,+911254303851,Pimpri-Chinchwad,West Bengal,India,2024-07-27,Platinum,False
4154,Samar,Sabharwal,Female,1993-10-07,ddani@example.org,9769397974,Belgaum,Gujarat,India,2024-12-22,Bronze,True
4155,Chakradev,Sathe,Female,1990-06-22,ranveerkulkarni@example.com,04312487387,Phagwara,Rajasthan,India,2022-06-16,Bronze,True
4156,Jagat,Dhaliwal,Male,1987-07-14,prisha80@example.com,+916459647333,Ramagundam,Delhi,India,2023-01-07,Platinum,True
4157,Wahab,Nigam,Female,1990-04-01,salviladli@example.com,+918428895234,Panchkula,Rajasthan,India,2026-03-03,Bronze,True
4158,Hemal,Naidu,Female,1963-01-19,onigala@example.net,+911379183477,Latur,Maharashtra,India,2024-08-05,Silver,True
4159,Zayyan,Manda,Female,1984-09-08,anamika98@example.com,0676123607,Ahmedabad,Delhi,India,2021-10-17,Bronze,True
4160,Gauri,Master,Female,1963-09-17,desaiturvi@example.net,07421083608,Morbi,Tamil Nadu,India,2025-03-05,Bronze,False
4161,Aarini,Kanda,Male,1991-09-19,mannanyashawini@example.net,3165256794,Amravati,West Bengal,India,2023-04-17,Silver,True
4162,Ekalinga,Mand,Male,1976-07-15,samiforum@example.com,7080102268,Karawal Nagar,West Bengal,India,2025-10-20,Silver,True
4163,Ladli,Kaur,Female,1972-11-04,geraaadhya@example.org,5908517407,Navi Mumbai,Uttar Pradesh,India,2025-08-25,Silver,True
4164,Nitesh,Wadhwa,Female,1981-12-10,yashica33@example.org,03517197146,Parbhani,Maharashtra,India,2023-06-08,Bronze,False
4165,Viraj,Palan,Male,1978-08-21,anaynarain@example.net,+911176344879,Bhopal,Rajasthan,India,2026-05-28,Bronze,True
4166,Bhavani,Chadha,Female,1984-03-09,chavvibhavsar@example.net,01519683483,Salem,West Bengal,India,2025-05-27,Bronze,True
4167,Sai,Oommen,Male,2005-01-31,chasmum08@example.org,0684246625,Anantapur,Maharashtra,India,2026-06-21,Gold,True
4168,Yauvani,Dhillon,Female,1956-05-14,vaidyageetika@example.org,02053457268,Rohtak,Rajasthan,India,2024-03-24,Bronze,True
4169,Harshil,Oza,Female,1981-08-08,zdhawan@example.org,06480521621,Bhimavaram,Maharashtra,India,2024-08-08,Bronze,True
4170,Advika,Lad,Male,1977-07-24,jaggividhi@example.net,0153048576,Bathinda,Rajasthan,India,2025-08-22,Gold,True
4171,Oni,Pathak,Female,1959-12-26,turvisoman@example.com,04499658315,Chinsurah,Rajasthan,India,2023-09-07,Bronze,True
4172,Eta,Viswanathan,Male,1974-10-17,zratta@example.com,02462781716,Ongole,Uttar Pradesh,India,2023-12-11,Bronze,True
4173,Praneel,Cheema,Male,1983-10-03,omodi@example.net,5828394523,Vijayanagaram,Tamil Nadu,India,2025-06-03,Bronze,False
4174,Ekiya,Sethi,Male,1960-06-04,kulkarniadvaith@example.com,8863122526,Saharsa,Karnataka,India,2022-03-12,Bronze,True
4175,Onkar,Hora,Female,1963-07-03,rudraraman@example.net,05034294072,Fatehpur,Karnataka,India,2025-12-01,Silver,False
4176,Faris,Atwal,Male,1992-10-30,xvala@example.org,8802922858,Fatehpur,West Bengal,India,2023-06-12,Bronze,True
4177,Balveer,Joshi,Male,1966-05-22,dhritimerchant@example.net,+913576881267,Narasaraopet,Uttar Pradesh,India,2022-06-13,Bronze,True
4178,Gopal,Soni,Female,1981-08-22,bhavini81@example.com,3963593257,Gangtok,Maharashtra,India,2024-04-23,Gold,True
4179,Anmol,Merchant,Female,2007-05-08,kbhandari@example.com,3497415392,Alwar,Gujarat,India,2021-08-21,Gold,True
4180,Samaksh,Tripathi,Female,1996-04-16,kiaangrewal@example.net,7595452088,Katni,Gujarat,India,2023-08-26,Bronze,True
4181,Watika,Shukla,Female,1990-02-13,qchhabra@example.com,3131659816,Mango,West Bengal,India,2024-10-08,Silver,True
4182,Agastya,Dani,Male,1981-10-22,libnichad@example.org,07774263601,Rajkot,Tamil Nadu,India,2025-04-13,Bronze,True
4183,Ekaja,Jha,Female,1999-01-08,vasatikagupta@example.org,+911826432148,Thoothukudi,Maharashtra,India,2025-07-22,Silver,True
4184,Megha,Saraf,Male,1955-08-08,kiaanshenoy@example.net,+911932450068,Tirunelveli,Karnataka,India,2022-01-24,Silver,True
4185,Reyansh,Uppal,Female,1970-11-05,dakshapradhan@example.net,08983655730,Solapur,West Bengal,India,2024-07-12,Bronze,True
4186,Yug,Mangat,Female,1970-05-09,kbakshi@example.org,+915117956532,Kumbakonam,Tamil Nadu,India,2023-05-12,Bronze,True
4187,Vasudha,Trivedi,Female,1978-10-10,aarna02@example.com,+916656857988,Jalgaon,Uttar Pradesh,India,2024-12-27,Platinum,True
4188,Sai,Bhat,Female,1996-03-09,upma87@example.com,4920387354,Aurangabad,Gujarat,India,2023-03-27,Bronze,True
4189,Janani,Lala,Female,1964-04-22,kapadiaudant@example.com,6300664826,Shivpuri,Tamil Nadu,India,2022-10-09,Bronze,True
4190,Dominic,Sagar,Female,1988-04-02,fnair@example.org,+915491162742,Phagwara,Delhi,India,2026-03-14,Bronze,False
4191,Rachana,Shankar,Male,1982-08-07,lilakala@example.org,00284470454,Berhampore,West Bengal,India,2023-04-14,Gold,True
4192,Ishani,Sastry,Male,1985-04-26,ethandara@example.org,8189918738,Jodhpur,Uttar Pradesh,India,2024-12-08,Bronze,True
4193,Samuel,Gokhale,Male,1965-05-11,hritikhayer@example.com,02450028948,Kollam,Karnataka,India,2022-07-31,Bronze,True
4194,Upkaar,Gupta,Male,2004-11-11,tanejaharita@example.com,3979932169,Shahjahanpur,Tamil Nadu,India,2022-01-27,Gold,True
4195,Dalaja,Prakash,Male,1972-05-02,mrattan@example.com,+913233786023,Allahabad,Rajasthan,India,2025-11-21,Bronze,True
4196,Sara,Tak,Male,1978-12-05,qmitra@example.net,+910623467667,Rajpur Sonarpur,Rajasthan,India,2023-12-23,Bronze,False
4197,Aadhya,Arora,Male,1977-07-14,meghanachawla@example.org,08705861565,Jamshedpur,Tamil Nadu,India,2024-03-15,Bronze,True
4198,Aarnav,Sachar,Female,1976-01-29,amrutaverma@example.com,6194817756,Ambattur,Karnataka,India,2025-01-24,Gold,True
4199,Januja,Narasimhan,Male,1961-05-26,apadmanabhan@example.org,2959442419,Danapur,Maharashtra,India,2023-04-23,Platinum,True
4200,Faras,Minhas,Male,1982-12-28,ranveer87@example.com,0032665563,Nandyal,Gujarat,India,2024-05-15,Silver,True
4201,Orinder,Nigam,Female,2004-07-11,robertramanathan@example.org,1849258547,Gandhidham,Delhi,India,2025-12-25,Gold,True
4202,Krish,Konda,Female,1956-08-26,gauravbandi@example.net,+911555722200,Berhampur,West Bengal,India,2021-12-27,Silver,True
4203,Zashil,Thakkar,Female,1977-04-20,aarnav49@example.org,2945622182,Machilipatnam,Rajasthan,India,2023-08-29,Bronze,True
4204,Liam,Mander,Female,1999-03-14,sunderkamya@example.org,00541090774,Jodhpur,Uttar Pradesh,India,2025-08-17,Silver,False
4205,Omisha,Bhandari,Male,1963-10-13,vedika72@example.com,02302858885,Coimbatore,Tamil Nadu,India,2024-01-25,Platinum,True
4206,Urmi,Chawla,Female,1967-11-26,tristanmodi@example.com,06384833307,Cuttack,Karnataka,India,2022-07-29,Bronze,True
4207,Triya,Deo,Male,1960-04-29,rushil64@example.com,5865697261,Sikar,Gujarat,India,2026-05-09,Bronze,True
4208,Maya,Tata,Female,1986-01-03,kkhanna@example.org,+918993562532,Satara,West Bengal,India,2026-05-21,Bronze,True
4209,Rachita,Sule,Male,2000-04-14,manan75@example.org,06189827139,Ambattur,Uttar Pradesh,India,2022-12-11,Gold,True
4210,Zayan,Cherian,Female,1962-10-21,ramaswamyrachita@example.net,+910309387266,Panchkula,Uttar Pradesh,India,2024-12-22,Bronze,True
4211,Laksh,Vala,Female,1977-05-10,dejai@example.net,09262312457,Bhubaneswar,Tamil Nadu,India,2021-11-16,Bronze,True
4212,Janaki,Dara,Female,1956-07-23,gavin78@example.org,+916100607101,Saharsa,Gujarat,India,2025-03-13,Platinum,False
4213,Chaman,Sen,Male,1972-06-30,parmernakul@example.net,2681404763,Dibrugarh,West Bengal,India,2022-09-27,Bronze,True
4214,Pahal,Dubey,Female,1999-02-19,qom@example.com,2965163819,Dindigul,Gujarat,India,2023-03-18,Gold,True
4215,Yashvi,Nigam,Female,1965-02-14,jsengupta@example.com,09404609471,Aizawl,Tamil Nadu,India,2021-07-30,Bronze,True
4216,Hamsini,Bains,Female,1969-07-08,qkale@example.net,4488592465,Jorhat,Gujarat,India,2022-08-29,Bronze,True
4217,Nidhi,Kothari,Male,1975-01-10,aahana27@example.org,8116742419,Kamarhati,Rajasthan,India,2025-07-01,Bronze,False
4218,Hitesh,Natt,Female,1961-03-07,janivedika@example.net,3252840887,Noida,Gujarat,India,2024-07-14,Silver,False
4219,Gabriel,Amble,Female,1956-10-03,jhalaknarayanan@example.org,03420207533,Kalyan-Dombivli,Uttar Pradesh,India,2025-01-28,Silver,True
4220,Sara,Shukla,Male,1964-09-30,aadikaran@example.com,+911706289944,Haridwar,Rajasthan,India,2022-11-14,Platinum,True
4221,Meera,Rama,Male,1972-05-21,arindewan@example.org,08867459316,Kadapa,Tamil Nadu,India,2021-12-07,Silver,True
4222,Jagrati,Garg,Male,1992-03-16,uppalreva@example.org,04379719129,Bhopal,Rajasthan,India,2025-11-22,Gold,True
4223,Rohan,Chakrabarti,Male,1964-05-04,zashildash@example.org,+917970991524,Bally,Maharashtra,India,2024-10-03,Bronze,True
4224,Urvi,Kala,Male,1960-09-28,kaibehl@example.org,07014699547,Jhansi,Karnataka,India,2023-01-19,Gold,True
4225,Aachal,Bera,Male,1974-09-21,hemangini11@example.org,+914590327848,Sri Ganganagar,Karnataka,India,2021-11-10,Bronze,False
4226,Harita,Rama,Male,1965-04-05,farhanpant@example.org,+912220112014,Nagaon,Maharashtra,India,2025-10-16,Bronze,True
4227,Amaira,Nath,Female,1962-06-29,ktripathi@example.net,01437172898,Bidar,West Bengal,India,2021-12-07,Bronze,True
4228,Ishani,Narayan,Male,1968-04-16,owen75@example.com,8806554976,Kurnool,Maharashtra,India,2026-03-15,Bronze,True
4229,Andrew,Chand,Male,2007-05-08,jagvirama@example.com,9849511011,Amritsar,Rajasthan,India,2024-07-30,Gold,True
4230,Neha,Wable,Male,1978-10-16,harshmohanty@example.net,2787577597,Ranchi,Tamil Nadu,India,2021-07-31,Platinum,True
4231,Vedhika,Vohra,Male,1988-12-11,triptimohan@example.com,01807253653,Dhule,Tamil Nadu,India,2022-12-28,Bronze,True
4232,Dalbir,Bajaj,Female,1980-02-15,kandaazad@example.net,3807813338,Hospet,Maharashtra,India,2026-01-16,Bronze,False
4233,Sathvik,Bhalla,Male,1986-07-09,turvimahajan@example.com,+911730511552,Kishanganj,Karnataka,India,2023-03-26,Bronze,True
4234,Udyati,Raman,Male,1969-12-22,harita18@example.net,00397487605,Vijayawada,Tamil Nadu,India,2022-05-13,Gold,True
4235,Leena,Devan,Female,2000-06-08,xpillai@example.net,08434590118,Gwalior,Uttar Pradesh,India,2021-11-23,Silver,True
4236,Hiral,Agarwal,Male,2008-06-12,chaitanyahora@example.net,9629044734,Gangtok,Uttar Pradesh,India,2023-09-02,Bronze,False
4237,Yasti,Walia,Male,1974-08-23,wahabkapadia@example.net,0984374889,Phusro,Uttar Pradesh,India,2021-12-29,Silver,True
4238,Aadi,Sura,Female,1989-02-22,vrishtimadan@example.org,04793469993,Parbhani,Maharashtra,India,2026-04-27,Gold,True
4239,Harshil,Dutt,Male,1965-10-26,qadim40@example.net,07028979415,Sonipat,Delhi,India,2021-10-11,Silver,True
4240,Yashodhara,Saha,Male,2006-12-05,jairajseshadri@example.com,01991609918,Asansol,Maharashtra,India,2021-12-26,Platinum,True
4241,Champak,Sachdeva,Male,1962-11-20,kray@example.com,09952927881,Karawal Nagar,Gujarat,India,2024-04-22,Silver,True
4242,Mahika,Khatri,Male,2001-08-31,gauri17@example.org,9830236112,Varanasi,Karnataka,India,2022-09-07,Bronze,True
4243,Wriddhish,Chaudhary,Male,1971-06-22,qarinmajumdar@example.org,05167442831,Serampore,Maharashtra,India,2022-11-07,Gold,False
4244,Aahana,Oak,Male,1978-08-18,cchar@example.net,2516955917,Bellary,Gujarat,India,2022-01-17,Bronze,True
4245,Jalsa,Issac,Male,1964-09-02,mekhalatripathi@example.net,05274830701,Hospet,Delhi,India,2022-09-13,Platinum,True
4246,Bhavani,Dey,Male,1971-10-03,omkaar69@example.net,+917152954246,Bhimavaram,Rajasthan,India,2023-06-10,Bronze,True
4247,Pratyush,Nayar,Female,1974-12-25,sankarekiya@example.net,+915011603786,Phagwara,Rajasthan,India,2023-01-17,Bronze,True
4248,Rishi,Wali,Female,1964-10-30,isha90@example.org,5612347351,Latur,Karnataka,India,2026-05-13,Bronze,False
4249,Anya,Pillay,Female,1962-05-07,avi62@example.org,+913114718421,Ghaziabad,Maharashtra,India,2024-09-13,Silver,False
4250,Owen,Luthra,Female,2000-02-11,tanejaveda@example.org,+913737014328,Machilipatnam,Maharashtra,India,2021-09-17,Bronze,False
4251,Yasti,Banerjee,Female,1995-03-20,sarkareesha@example.com,+919346839979,Karaikudi,Uttar Pradesh,India,2024-12-25,Bronze,True
4252,Vasatika,Palan,Female,1979-12-16,nimrat94@example.net,06823114673,Jodhpur,Gujarat,India,2023-09-23,Silver,True
4253,Harshil,Tripathi,Male,1957-06-01,revavala@example.org,08536748686,Latur,Delhi,India,2026-01-20,Silver,True
4254,Dayita,Dutta,Female,1978-10-12,anirudh71@example.net,09753087789,Lucknow,Rajasthan,India,2026-04-15,Gold,True
4255,Forum,Dash,Male,1962-12-22,choudharyurvashi@example.net,09868253678,Ramagundam,West Bengal,India,2024-01-13,Bronze,False
4256,Vamakshi,Narain,Male,1998-06-14,kashyapjoshua@example.net,4583603966,Howrah,Rajasthan,India,2025-09-25,Bronze,True
4257,Zaid,Dada,Male,1966-08-02,chakradev96@example.org,+914610574433,Srikakulam,Rajasthan,India,2022-09-21,Gold,True
4258,Harsh,Jain,Female,1993-01-30,pranav89@example.com,6839460325,Ongole,Delhi,India,2024-03-07,Platinum,True
4259,Kai,Aggarwal,Female,1958-12-11,nathaniel98@example.net,+910747700083,Tiruppur,Tamil Nadu,India,2023-08-02,Gold,True
4260,Tejas,Suresh,Female,1991-11-09,vigmax@example.net,8912709883,Sasaram,Karnataka,India,2021-11-02,Bronze,True
4261,Guneet,Nair,Male,1961-07-31,gaurangiram@example.com,2858703062,Jamalpur,Maharashtra,India,2026-07-14,Silver,True
4262,Madhavi,Deshpande,Male,1999-03-05,nicholasdhar@example.net,2574815567,Mysore,Delhi,India,2023-03-17,Bronze,True
4263,Dominic,Bansal,Male,1988-06-04,owen31@example.com,3016898699,Nellore,Maharashtra,India,2025-04-11,Silver,True
4264,Rachit,Trivedi,Male,1987-07-01,watika55@example.org,+916426257528,Ambala,West Bengal,India,2026-04-28,Gold,True
4265,Ganga,Shukla,Female,2004-06-06,niharikaiyer@example.net,0897304779,Mirzapur,Delhi,India,2026-06-15,Bronze,False
4266,Anika,Dubey,Female,1975-07-27,chameli81@example.net,0400109849,Saharanpur,Delhi,India,2022-04-08,Bronze,True
4267,Tanish,Chada,Male,2005-05-20,advaynarula@example.com,07812624584,Pallavaram,West Bengal,India,2026-06-24,Bronze,True
4268,Vidhi,Kale,Male,1976-10-21,bpadmanabhan@example.org,1620834275,Dharmavaram,Maharashtra,India,2026-05-07,Bronze,True
4269,Chandani,Varughese,Female,1963-04-04,hbhandari@example.com,+911434278571,Avadi,Rajasthan,India,2023-05-06,Silver,False
4270,Abha,Rajan,Female,1978-02-26,chandaqadim@example.org,09428158658,Kumbakonam,Tamil Nadu,India,2022-03-21,Bronze,False
4271,Neel,Sachar,Female,1977-07-01,ansh66@example.net,5469822361,Latur,Tamil Nadu,India,2026-06-04,Bronze,True
4272,Vrishti,Karpe,Male,1956-07-22,ivarma@example.net,+911247962639,Sambhal,West Bengal,India,2026-05-28,Silver,True
4273,Jason,Tailor,Male,1970-06-13,anika26@example.net,+911161623731,Bhalswa Jahangir Pur,Tamil Nadu,India,2023-02-24,Bronze,True
4274,Rehaan,Devi,Male,2000-10-07,nsarraf@example.net,+916439042479,Fatehpur,Karnataka,India,2022-02-04,Bronze,False
4275,Wahab,Sachdev,Male,1967-10-06,bajwadayita@example.org,06827019582,Madhyamgram,Tamil Nadu,India,2025-12-29,Bronze,False
4276,Vaishnavi,Bhatt,Male,1993-09-03,anita57@example.com,02076901522,Patiala,Karnataka,India,2025-12-22,Gold,True
4277,Yadavi,Sachdev,Male,2007-10-21,farissami@example.org,8061522505,Berhampur,Maharashtra,India,2024-09-07,Bronze,False
4278,Jack,Hora,Male,1969-08-21,ugole@example.com,8941504201,Tadipatri,Karnataka,India,2024-04-20,Silver,True
4279,Adweta,Shah,Male,1965-03-31,yadavutkarsh@example.net,5562197647,Jamalpur,Rajasthan,India,2024-07-01,Gold,True
4280,Kalpit,Venkatesh,Female,1995-03-16,libnisethi@example.com,03844972097,Bidhannagar,Maharashtra,India,2026-05-16,Silver,True
4281,Aahana,Nair,Female,1993-05-05,chanchal28@example.net,4172026508,Jalandhar,Karnataka,India,2023-05-10,Silver,False
4282,Ria,Grover,Male,2008-03-19,jackkamdar@example.com,08642138542,Tinsukia,Rajasthan,India,2026-07-07,Bronze,True
4283,Orinder,Tak,Female,1997-11-09,saidara@example.net,5619451215,Bihar Sharif,Uttar Pradesh,India,2024-11-04,Silver,False
4284,Krisha,Garg,Male,1998-01-12,dattatimothy@example.net,+916150146686,Hindupur,Karnataka,India,2024-01-14,Bronze,True
4285,Krisha,Babu,Male,1965-10-17,danijacob@example.com,+914407045074,Orai,Rajasthan,India,2024-04-10,Gold,False
4286,Arya,Minhas,Male,2006-12-31,hemani40@example.org,4691268859,South Dumdum,Karnataka,India,2024-08-09,Silver,False
4287,Vasana,Modi,Male,1993-03-07,soodaradhana@example.org,01926335593,Alwar,Uttar Pradesh,India,2023-02-21,Gold,True
4288,Rohan,Venkataraman,Female,1982-03-02,vasatika55@example.net,+915579109637,Imphal,Gujarat,India,2023-08-11,Gold,True
4289,Anita,Nair,Male,2003-08-01,mistrydayamai@example.com,03021841302,Guntur,Tamil Nadu,India,2021-10-09,Silver,False
4290,Ranveer,Puri,Male,1997-12-07,horabalvan@example.com,+910000581496,Moradabad,Maharashtra,India,2024-04-27,Bronze,True
4291,Manthan,Dora,Female,1960-03-12,keerdayita@example.net,4333799071,Jaipur,Tamil Nadu,India,2025-01-17,Silver,True
4292,Ekbal,Dalal,Male,1993-06-12,dsodhi@example.net,+915781478597,Suryapet,Tamil Nadu,India,2025-06-28,Bronze,True
4293,Zayyan,Mander,Female,1989-11-04,kdin@example.net,3379293302,Chinsurah,Gujarat,India,2024-04-06,Bronze,True
4294,Abdul,Patil,Male,1979-10-09,balaykritika@example.org,8430007105,Bilaspur,Tamil Nadu,India,2022-11-18,Gold,True
4295,Utkarsh,Upadhyay,Male,1992-11-01,tanishchatterjee@example.net,8756779737,Bhind,West Bengal,India,2024-04-17,Platinum,True
4296,Hemangini,Sarna,Male,1971-06-16,anaykrishnamurthy@example.com,+914866125565,Unnao,Maharashtra,India,2023-07-07,Silver,True
4297,Kai,Bobal,Male,1987-03-10,sara18@example.com,+911437568368,Danapur,Maharashtra,India,2021-09-02,Silver,True
4298,Theodore,Mohanty,Female,1984-07-12,omayushman@example.org,3857690295,Ichalkaranji,Tamil Nadu,India,2023-08-09,Bronze,True
4299,Tanay,Buch,Male,1994-08-01,shroffhredhaan@example.net,0003269185,Guwahati,Uttar Pradesh,India,2022-02-11,Bronze,True
4300,Triya,Johal,Male,2001-03-30,davidmallick@example.org,+915136372091,Navi Mumbai,Delhi,India,2023-12-06,Bronze,True
4301,Vedika,Dani,Male,1966-12-12,lakshbatta@example.com,03346276921,Katni,Tamil Nadu,India,2026-04-26,Silver,False
4302,Kai,Srinivasan,Female,2005-02-07,manthanjayaraman@example.com,2852723635,Tezpur,Maharashtra,India,2021-11-30,Bronze,False
4303,Anmol,Deshmukh,Male,1969-01-21,nicholasdhar@example.com,03723621153,Durg,Maharashtra,India,2021-11-06,Silver,True
4304,Fariq,Mann,Female,2005-12-19,pavanichaudry@example.com,+918565601889,Bhusawal,Delhi,India,2023-09-18,Gold,False
4305,Gaurika,Sanghvi,Female,1959-06-11,pallpratyush@example.org,9309426844,Ichalkaranji,Uttar Pradesh,India,2023-11-18,Bronze,True
4306,Vritti,Pal,Male,1995-11-04,kaurwatika@example.net,+911093777596,Tirupati,Tamil Nadu,India,2022-03-15,Silver,True
4307,Tripti,Khare,Male,2007-04-29,aryageetika@example.com,08864035728,Kanpur,Karnataka,India,2025-09-18,Bronze,True
4308,Irya,Dhaliwal,Female,1956-04-17,prishagulati@example.net,+918680630668,Khora ,Gujarat,India,2023-08-21,Bronze,True
4309,Nathan,Dutt,Male,1996-03-11,ybasu@example.org,1851503872,Bally,Delhi,India,2021-07-30,Bronze,True
4310,Azad,Maharaj,Female,1991-03-13,vasana02@example.com,+915592789822,Mau,Delhi,India,2023-11-27,Gold,True
4311,Lajita,Pillay,Male,1970-02-20,nihalahluwalia@example.net,04956356692,Kakinada,West Bengal,India,2025-10-23,Bronze,True
4312,Balvan,Garg,Male,1976-08-25,srinivashemang@example.net,+910805652967,Sonipat,Delhi,India,2023-04-23,Gold,False
4313,Abeer,Ravel,Female,1980-11-27,jagdish77@example.net,02495186699,Salem,Maharashtra,India,2025-10-16,Silver,True
4314,Yashica,Bali,Female,1974-06-02,naikthomas@example.net,05009007133,Secunderabad,Rajasthan,India,2025-03-09,Platinum,False
4315,Wishi,Jha,Female,2002-01-27,urmi20@example.org,4348396096,Ahmednagar,Uttar Pradesh,India,2025-04-03,Platinum,True
4316,Yashodhara,Goda,Female,1960-11-12,chanakya80@example.net,3247853424,Aligarh,Delhi,India,2023-01-18,Silver,True
4317,Anya,Pandey,Male,1992-06-01,amblejairaj@example.org,+910905383511,Ramgarh,West Bengal,India,2022-07-10,Bronze,True
4318,Anvi,Acharya,Female,1958-05-16,rajata45@example.com,01633893287,Agra,Gujarat,India,2022-09-13,Silver,True
4319,Krishna,Shanker,Female,1977-10-02,dakshesh23@example.com,0707847305,Salem,Maharashtra,India,2023-02-16,Bronze,False
4320,Jeevika,Krishna,Female,1991-06-03,arjun25@example.com,3577129454,Guntur,Delhi,India,2023-05-27,Silver,True
4321,Idika,Hora,Male,1962-04-14,aryanmani@example.org,07829589899,Kottayam,West Bengal,India,2022-02-04,Bronze,True
4322,Sachi,Issac,Female,1965-02-01,voraqadim@example.org,8758777591,Bongaigaon,Tamil Nadu,India,2022-08-11,Bronze,True
4323,Warinder,Pai,Male,1983-09-08,badamidamini@example.org,2897275091,Yamunanagar,West Bengal,India,2022-10-18,Bronze,True
4324,Lavanya,Palla,Male,2000-12-09,charita07@example.org,02485030645,Guwahati,Gujarat,India,2023-10-11,Platinum,True
4325,Charan,Ganguly,Male,1957-09-24,gavinsaraf@example.com,04960760907,Junagadh,West Bengal,India,2022-08-15,Silver,True
4326,Henry,Narula,Female,1974-03-03,falguni90@example.com,1419331726,Bhalswa Jahangir Pur,Gujarat,India,2023-11-06,Silver,True
4327,Anjali,Pandit,Male,1976-12-02,ybanik@example.org,7510322528,Mirzapur,Uttar Pradesh,India,2022-03-16,Gold,True
4328,Hardik,Yogi,Female,1956-01-09,tchada@example.net,3157581514,Pallavaram,Tamil Nadu,India,2026-05-20,Silver,True
4329,Luke,Palla,Male,1968-05-09,yashoda73@example.org,8937519828,Bhavnagar,West Bengal,India,2022-07-28,Bronze,True
4330,Brijesh,Mandal,Female,1999-05-18,kalevinaya@example.net,+911771338175,Ajmer,Delhi,India,2025-09-28,Gold,True
4331,Damini,Oak,Female,1993-06-22,qacharya@example.net,08928671256,Nagpur,Tamil Nadu,India,2022-07-22,Gold,True
4332,Jalsa,Sule,Female,1982-02-23,abhirampai@example.net,04761907258,Fatehpur,Delhi,India,2022-02-18,Bronze,True
4333,Rajata,Salvi,Male,1995-10-28,banjeetsandhu@example.com,9707923997,Dibrugarh,Maharashtra,India,2025-07-30,Gold,True
4334,Abha,Rege,Male,1998-03-13,urvashi69@example.com,+915888567257,Imphal,Karnataka,India,2022-07-15,Silver,True
4335,Arya,Palan,Female,1974-04-24,nachiketkohli@example.org,+918232575169,Nagercoil,West Bengal,India,2024-03-30,Bronze,True
4336,Nidra,Sundaram,Female,1974-06-01,ubikatiwari@example.com,08779745752,Nangloi Jat,Uttar Pradesh,India,2024-11-13,Silver,False
4337,Aarush,Khatri,Female,1982-06-18,kdatta@example.com,+915479342381,Hosur,Uttar Pradesh,India,2021-07-29,Bronze,False
4338,Ekta,Char,Female,1994-04-02,prabhakarbakhshi@example.net,8088644646,Dharmavaram,Gujarat,India,2023-06-01,Silver,True
4339,Ansh,Borde,Male,2007-04-16,panchalyash@example.net,00952020827,Katni,Rajasthan,India,2022-07-22,Platinum,False
4340,Wakeeta,Natt,Female,1976-12-03,vaishnavikhosla@example.com,8418987208,Katihar,Uttar Pradesh,India,2021-11-04,Platinum,True
4341,Wishi,Rajagopalan,Female,1992-04-09,oshabala@example.org,0689887420,Bhilai,West Bengal,India,2023-08-09,Gold,False
4342,Hiral,Parekh,Male,1957-09-19,dasvaishnavi@example.net,+916004643318,Jehanabad,West Bengal,India,2025-11-21,Bronze,True
4343,Chaitanya,Rajagopalan,Male,1979-04-11,kuruvillaishwar@example.com,5816226078,Dindigul,Karnataka,India,2023-03-28,Bronze,True
4344,Noah,Radhakrishnan,Female,1979-06-18,pallsachi@example.com,+917361265060,Nagaon,Maharashtra,India,2023-01-25,Silver,True
4345,Krisha,Tak,Female,1999-08-14,hbalakrishnan@example.com,7661961293,South Dumdum,Gujarat,India,2021-09-30,Silver,True
4346,Vasana,Vaidya,Male,1994-05-06,hiteshwalla@example.org,+910583034776,Faridabad,West Bengal,India,2023-05-09,Silver,True
4347,Samar,Lala,Female,1974-06-06,nloyal@example.com,07034153134,Dehradun,West Bengal,India,2026-03-03,Bronze,False
4348,Damini,Bera,Male,1971-11-13,narulahemal@example.org,06529216993,Mehsana,Karnataka,India,2023-06-12,Gold,True
4349,Kai,Narang,Male,1974-03-10,gabanicholas@example.net,7514664178,Katihar,Uttar Pradesh,India,2025-04-21,Gold,True
4350,Netra,Varma,Male,1996-09-07,lvaidya@example.com,+915114045188,Sagar,Delhi,India,2026-07-14,Bronze,True
4351,Idika,Chander,Female,1983-06-02,chakrabortyfaras@example.org,07189088865,Vasai-Virar,Tamil Nadu,India,2023-05-02,Bronze,True
4352,Azad,Pathak,Male,1977-12-29,praneel79@example.net,+911386815487,Ranchi,Gujarat,India,2021-11-08,Silver,True
4353,Indali,Mangat,Male,2000-11-22,ptank@example.org,+910216129191,Baranagar,Tamil Nadu,India,2022-05-27,Gold,True
4354,Tanveer,Apte,Female,1977-02-12,onkar88@example.net,+918620535310,Sambhal,Rajasthan,India,2022-09-16,Gold,True
4355,Nidhi,Sehgal,Male,1973-12-30,maya16@example.org,06865581541,Morbi,Uttar Pradesh,India,2025-07-08,Silver,True
4356,Aashi,Munshi,Female,1992-01-12,guhaliam@example.org,05384272626,Etawah,Delhi,India,2022-03-07,Bronze,True
4357,Bishakha,Sen,Male,1989-07-31,farasprakash@example.net,5817853808,Kozhikode,Karnataka,India,2026-01-05,Bronze,True
4358,Wahab,Das,Male,1994-09-22,bhaktaaryan@example.org,04807598209,Nagpur,Tamil Nadu,India,2025-05-05,Gold,True
4359,Fitan,Rajagopal,Female,1986-03-11,saneurishilla@example.net,+911648197657,Gurgaon,Uttar Pradesh,India,2021-07-29,Bronze,True
4360,Simon,Walla,Female,1999-06-11,dbatra@example.org,06228714910,Korba,Tamil Nadu,India,2024-01-13,Bronze,True
4361,Balveer,Sagar,Male,1979-05-29,daninisha@example.net,+910517002984,Belgaum,West Bengal,India,2023-05-02,Gold,False
4362,Wishi,Shenoy,Female,1981-02-20,jagrati27@example.net,07609086239,Agra,Gujarat,India,2024-11-05,Gold,False
4363,Samuel,Saha,Male,1991-10-05,rbhalla@example.com,00856152366,Parbhani,Karnataka,India,2024-09-23,Bronze,True
4364,Zashil,Balay,Male,1979-03-17,dinpahal@example.org,4094919199,Buxar,West Bengal,India,2023-08-17,Silver,True
4365,Rehaan,Chadha,Male,1989-02-13,kvarghese@example.org,+917555949458,South Dumdum,Uttar Pradesh,India,2025-03-12,Bronze,True
4366,Lakshit,Maharaj,Female,1980-01-29,qasim06@example.net,01028472420,Srikakulam,West Bengal,India,2021-11-02,Silver,False
4367,Wakeeta,Bumb,Male,1968-06-22,usaini@example.com,06591943118,Satara,Delhi,India,2023-05-05,Bronze,True
4368,Ishwar,Bail,Female,1997-04-27,vaishnavitank@example.com,06436963717,Aurangabad,Maharashtra,India,2025-09-21,Silver,True
4369,Rushil,Manda,Female,1967-01-28,chandrankeer@example.org,+910460592620,Sangli-Miraj & Kupwad,Tamil Nadu,India,2022-09-08,Gold,True
4370,Vyanjana,Mitter,Male,1957-02-17,tristan63@example.net,00195543473,Aurangabad,Rajasthan,India,2026-01-06,Bronze,True
4371,Utkarsh,Bal,Male,1989-08-15,dsolanki@example.com,3286994640,Ramgarh,Maharashtra,India,2023-02-04,Gold,False
4372,Watika,Kunda,Male,1962-07-22,mohiniramanathan@example.net,3115376442,Surendranagar Dudhrej,Tamil Nadu,India,2022-04-30,Bronze,True
4373,Xalak,Dutta,Female,1991-04-14,xdara@example.org,0840400081,Nagpur,Uttar Pradesh,India,2024-02-28,Silver,True
4374,Madhav,Dutta,Male,1957-06-03,poojamandal@example.net,9889536036,Berhampur,West Bengal,India,2026-03-03,Bronze,True
4375,Nimrat,Sule,Male,1984-07-08,widisha95@example.org,2097182295,Munger,Karnataka,India,2025-09-05,Silver,True
4376,Reva,Khanna,Female,1982-08-12,yamini58@example.net,+913128909172,Buxar,Karnataka,India,2025-12-23,Bronze,True
4377,Rohan,Jha,Male,1989-01-19,sonivasana@example.org,+915367656483,Phusro,Delhi,India,2023-03-04,Bronze,False
4378,Gautam,Narang,Female,1973-11-08,anazareth@example.com,+919010798469,Rajahmundry,Rajasthan,India,2022-11-21,Silver,False
4379,Bhavika,Kata,Male,1998-01-17,parikhjai@example.net,+910049974056,Solapur,Maharashtra,India,2023-12-28,Silver,True
4380,Yutika,Setty,Female,1967-07-18,cmittal@example.com,08663618721,Madurai,Delhi,India,2024-07-12,Bronze,True
4381,Jagdish,Konda,Female,1988-12-24,chavvivarma@example.com,2755819994,Tadipatri,Delhi,India,2025-07-24,Gold,True
4382,Anirudh,Loke,Male,1973-08-27,satheaishani@example.org,3170114680,Sirsa,Tamil Nadu,India,2023-08-20,Silver,False
4383,Qasim,Subramanian,Male,1967-08-23,anvitak@example.org,00516450329,Madhyamgram,Delhi,India,2023-05-29,Gold,True
4384,Omaja,Grewal,Male,2007-11-08,tanejameghana@example.net,+912740102416,Mirzapur,Gujarat,India,2025-11-15,Bronze,False
4385,Sai,Mahal,Male,2006-02-02,hemangapte@example.com,2134563042,Sagar,Rajasthan,India,2024-04-08,Bronze,True
4386,Balveer,Gill,Female,1990-01-10,dugardaksha@example.net,3542579899,Silchar,West Bengal,India,2022-03-22,Bronze,True
4387,Ojasvi,Talwar,Male,1974-12-20,lsha@example.com,08139121009,Vijayawada,Uttar Pradesh,India,2024-06-02,Bronze,True
4388,Pratyush,Sengupta,Female,1986-01-24,adviknarayan@example.net,03636518139,Hindupur,Maharashtra,India,2021-11-13,Silver,False
4389,Vansha,Gour,Female,1963-07-06,udarsh61@example.com,03780761316,Firozabad,Karnataka,India,2024-01-13,Silver,True
4390,Varsha,Muni,Male,1981-02-21,gnarula@example.org,+912952768085,Bardhaman,West Bengal,India,2025-12-25,Bronze,True
4391,Peter,Goswami,Female,1973-04-25,henrynair@example.net,+912501480017,Panipat,Karnataka,India,2024-08-16,Bronze,True
4392,Janaki,Goswami,Female,1992-11-10,elijah33@example.org,0674857640,Bidhannagar,Delhi,India,2023-07-24,Gold,True
4393,Anvi,Mangat,Male,1978-03-01,smagar@example.com,5971352220,Jammu,Uttar Pradesh,India,2022-04-06,Silver,False
4394,Advay,Batra,Female,2004-07-27,garganamika@example.com,3872492946,Dindigul,Gujarat,India,2022-05-25,Silver,False
4395,Shravya,Natt,Male,1992-04-13,sathvik87@example.net,+918279435989,Bhalswa Jahangir Pur,Rajasthan,India,2024-07-30,Bronze,True
4396,Faraj,Bala,Male,1962-10-29,sankaromkaar@example.org,+910173597163,Tiruppur,Tamil Nadu,India,2026-02-08,Bronze,True
4397,George,Ahuja,Male,2006-08-24,charvi06@example.net,8305254378,Gudivada,Tamil Nadu,India,2024-04-10,Platinum,True
4398,Yamini,Chadha,Male,1990-01-07,cprakash@example.org,+913020487013,Thanjavur,Gujarat,India,2023-09-04,Bronze,True
4399,Daksha,Batta,Female,1970-06-23,isaac74@example.org,08654258075,Bellary,Tamil Nadu,India,2024-02-04,Silver,True
4400,Jeremiah,Chandran,Male,1981-08-27,orindervenkataraman@example.org,9751074937,Bhiwani,Rajasthan,India,2023-01-17,Bronze,False
4401,Warjas,Kade,Male,1974-11-04,rchandra@example.net,+918185132485,Solapur,Rajasthan,India,2025-03-23,Bronze,True
4402,Madhav,Sinha,Female,1968-08-13,diyamohanty@example.net,+910521909982,Gopalpur,Delhi,India,2021-09-27,Gold,False
4403,Janya,Prakash,Male,1961-04-17,kalpit82@example.net,7963298370,Guna,Karnataka,India,2026-06-16,Gold,True
4404,Darpan,Rana,Male,1990-04-21,zachariahchameli@example.com,6847647011,Bareilly,Gujarat,India,2026-07-18,Bronze,False
4405,Upma,Dar,Female,1961-07-14,sethidarika@example.com,1495227911,Kadapa,Karnataka,India,2025-11-20,Gold,True
4406,Gaurika,Om,Female,2007-07-10,warjas73@example.com,+916775507174,Hindupur,Rajasthan,India,2023-01-18,Bronze,True
4407,Harrison,Swamy,Male,1961-06-08,owali@example.com,2685843882,Warangal,Rajasthan,India,2026-03-12,Bronze,True
4408,Ekavir,Gandhi,Male,2002-08-23,dasstristan@example.net,03152993373,Tirupati,West Bengal,India,2024-09-22,Bronze,True
4409,Gautam,Chaudhuri,Female,1988-03-29,swamyjagdish@example.org,+916196396712,Solapur,West Bengal,India,2021-09-21,Bronze,False
4410,Abhiram,Subramaniam,Female,1956-10-22,nairdhriti@example.com,05447919490,Naihati,West Bengal,India,2023-07-24,Bronze,True
4411,Chaitanya,Lad,Female,1960-01-09,tejasoza@example.org,0426138310,Bareilly,Maharashtra,India,2024-09-15,Bronze,True
4412,Jhalak,Sarma,Male,1993-04-25,sanya50@example.com,6181160041,Surendranagar Dudhrej,Tamil Nadu,India,2024-01-18,Gold,True
4413,Ikshita,Jhaveri,Female,1991-02-28,ebhatt@example.net,+919609821162,Eluru,Karnataka,India,2022-10-10,Bronze,True
4414,Nathan,Kuruvilla,Male,1991-11-05,ekalinga83@example.net,2901305459,Warangal,Karnataka,India,2025-03-15,Silver,True
4415,Aishani,Sodhi,Female,1997-07-16,arjunbasak@example.com,+917825500829,Amravati,West Bengal,India,2022-09-22,Bronze,True
4416,Daksh,Rao,Female,1988-08-03,chamelidara@example.org,+918130308288,Gangtok,Delhi,India,2022-07-07,Silver,False
4417,Advika,Sastry,Female,1960-04-15,omya92@example.net,+919568265517,Nangloi Jat,Rajasthan,India,2024-03-10,Gold,True
4418,Aryan,Banerjee,Female,1997-08-20,sunderfitan@example.org,08395615772,Bareilly,Maharashtra,India,2025-06-14,Gold,True
4419,Chanakya,Thakkar,Female,1982-10-27,yashvi30@example.org,+916834973084,Bhilwara,Tamil Nadu,India,2022-06-28,Bronze,True
4420,Gauri,Srinivas,Male,1963-03-01,mason37@example.org,07806611028,Mango,Karnataka,India,2025-02-07,Silver,False
4421,Zinal,Buch,Male,2001-06-28,tarakseth@example.org,+912153395556,Ulhasnagar,Tamil Nadu,India,2022-12-15,Silver,True
4422,Thomas,Nadkarni,Male,1974-11-08,gandhichakradev@example.com,1868744012,Asansol,Gujarat,India,2025-12-30,Bronze,True
4423,Ayushman,Bora,Male,1997-05-06,bimala08@example.com,+916783952180,Singrauli,West Bengal,India,2022-10-11,Gold,False
4424,Harinakshi,Mody,Female,2001-11-02,shivanshsood@example.net,+917038149907,Madanapalle,Uttar Pradesh,India,2025-02-24,Bronze,False
4425,Dakshesh,Muni,Male,1965-06-26,cganesh@example.org,+914465639864,Nangloi Jat,Karnataka,India,2022-08-17,Bronze,False
4426,Pranav,Vala,Female,2003-06-20,pravel@example.com,09552116493,Bardhaman,Delhi,India,2024-01-07,Bronze,True
4427,Om,Nadkarni,Male,1996-11-17,ibhargava@example.com,4034617671,Amaravati,Uttar Pradesh,India,2025-06-12,Silver,True
4428,Tejas,Setty,Female,1989-02-23,bhavinihayre@example.org,04089319308,Jamnagar,Rajasthan,India,2022-10-23,Silver,False
4429,Aayush,Chana,Female,1964-03-14,pavani48@example.net,3112148223,Madhyamgram,Rajasthan,India,2024-11-05,Bronze,True
4430,Yashvi,Dua,Female,1981-04-08,xhari@example.com,03763622721,Mira-Bhayandar,Delhi,India,2021-10-01,Bronze,True
4431,Abeer,Yohannan,Female,1990-03-24,rthakur@example.net,06061343777,Tumkur,Rajasthan,India,2022-07-19,Bronze,True
4432,Peter,Raju,Female,1973-03-19,vmahal@example.net,2090994567,Nangloi Jat,Tamil Nadu,India,2023-03-12,Bronze,True
4433,Triveni,Pau,Male,1987-10-17,zsridhar@example.com,+916578780615,Mysore,Tamil Nadu,India,2021-11-13,Bronze,True
4434,Rehaan,Gala,Female,1972-12-07,diya68@example.com,+912533572096,Hazaribagh,Maharashtra,India,2025-05-10,Silver,False
4435,Ekavir,Boase,Female,1962-10-16,kala00@example.org,4264215632,Agartala,Gujarat,India,2025-12-17,Platinum,False
4436,Tripti,Kuruvilla,Female,1984-04-30,ekaraj27@example.org,0277935315,Uluberia,Uttar Pradesh,India,2023-08-30,Bronze,True
4437,Tripti,Tiwari,Male,1976-06-10,choudhurynaveen@example.net,06731100910,Kurnool,Tamil Nadu,India,2024-09-30,Bronze,False
4438,Jyoti,Mangal,Female,2002-04-11,lvarkey@example.net,05732541297,Bhiwandi,Gujarat,India,2022-10-10,Bronze,False
4439,Urvashi,Zachariah,Female,2005-06-16,deshpandeshravya@example.org,5200228989,Tumkur,West Bengal,India,2023-10-21,Bronze,False
4440,Harish,Varma,Female,1971-05-09,lilakaur@example.org,8698835189,Nagpur,Gujarat,India,2024-03-03,Gold,True
4441,Zilmil,Saran,Female,2008-05-17,yram@example.com,6700798711,Purnia,Delhi,India,2024-03-05,Bronze,True
4442,Dhruv,Walia,Female,2002-06-13,urmigaba@example.org,0977701053,Morena,Maharashtra,India,2023-08-01,Bronze,True
4443,Anita,Bora,Male,1971-06-26,timothydoshi@example.net,+911443519977,Bulandshahr,Maharashtra,India,2023-04-12,Bronze,True
4444,Benjamin,Minhas,Female,1973-03-10,vamakshi69@example.com,04835720298,Bikaner,Delhi,India,2023-05-11,Bronze,True
4445,Balendra,Pai,Female,1975-04-24,janujaviswanathan@example.net,7709047677,Khandwa,Gujarat,India,2024-02-02,Silver,True
4446,Reva,Sawhney,Female,1971-09-05,georgemand@example.net,07352387172,Amritsar,Uttar Pradesh,India,2022-05-02,Bronze,True
4447,Samarth,Parsa,Male,1966-05-01,gourutkarsh@example.net,6829404018,Kolhapur,West Bengal,India,2023-06-04,Bronze,True
4448,Pranav,Doshi,Male,1993-04-09,vben@example.net,7268349888,Siliguri,Rajasthan,India,2023-02-14,Silver,True
4449,Xavier,Naidu,Male,2006-12-01,zbhandari@example.com,07825667350,Berhampur,Rajasthan,India,2024-08-10,Bronze,True
4450,Mitesh,Taneja,Male,1973-07-18,aahluwalia@example.net,+917903488024,Jhansi,Uttar Pradesh,India,2025-04-06,Bronze,True
4451,Madhav,Bhardwaj,Female,1990-08-09,acharyazaitra@example.com,+914967726353,Rohtak,Gujarat,India,2024-10-19,Bronze,True
4452,Hredhaan,Uppal,Female,1994-11-28,pallavi04@example.net,01987835015,Nanded,Gujarat,India,2025-06-21,Gold,True
4453,Amruta,Sangha,Female,1964-11-17,dayita17@example.com,06060223429,Kumbakonam,Rajasthan,India,2026-05-28,Gold,False
4454,Anusha,Bala,Female,2006-04-01,xsur@example.net,04660115918,Bikaner,Delhi,India,2025-06-11,Bronze,True
4455,Bhavya,Sandal,Female,1998-01-20,kalasane@example.com,+915165227305,Thanjavur,Gujarat,India,2024-04-13,Silver,True
4456,Frederick,Hayre,Female,1996-09-07,magarshivansh@example.org,1861070025,Ahmedabad,Karnataka,India,2024-05-01,Silver,True
4457,Kritika,Rau,Male,1961-12-07,zseth@example.org,+917729807058,Bilaspur,West Bengal,India,2025-09-08,Silver,True
4458,Isaiah,Mammen,Male,1985-01-14,abeer41@example.org,5796965729,Unnao,Gujarat,India,2024-03-16,Bronze,False
4459,Faraj,Hari,Female,2003-12-02,vansha42@example.com,5034438643,Vijayawada,Delhi,India,2023-03-07,Silver,True
4460,Amol,Rana,Female,1987-07-01,ishanvipatil@example.net,06184343772,Kalyan-Dombivli,Gujarat,India,2024-09-05,Bronze,True
4461,Indrajit,Rau,Male,1998-12-27,siyadugar@example.org,04621270754,Morena,Delhi,India,2022-06-16,Bronze,True
4462,Widisha,Banerjee,Female,1958-12-22,orama@example.com,+913402137079,Kishanganj,Tamil Nadu,India,2024-02-04,Silver,False
4463,Geetika,Ganesh,Male,1968-12-25,rajavritti@example.com,8107826614,Mahbubnagar,Gujarat,India,2025-06-07,Bronze,True
4464,Idika,Sood,Male,1980-02-04,jvora@example.org,0318101732,Orai,Maharashtra,India,2025-03-04,Platinum,False
4465,Owen,Srinivas,Male,1998-07-02,bhavini61@example.com,+916285764330,Kolkata,Maharashtra,India,2026-04-25,Silver,True
4466,Daksh,Wable,Female,1992-07-19,raghavsaran@example.org,7261960318,Guwahati,Maharashtra,India,2022-07-29,Bronze,True
4467,Ekansh,Rai,Female,2002-06-30,bachittarchaudry@example.org,+917012339165,Gangtok,Delhi,India,2023-12-01,Bronze,False
4468,Arya,Choudhury,Female,1986-06-16,jaggikrish@example.net,+915524768974,Nashik,Rajasthan,India,2024-08-24,Bronze,True
4469,Rayaan,Dash,Male,2002-06-26,pallomaja@example.org,+910158377406,Ongole,Maharashtra,India,2022-12-30,Bronze,True
4470,Varenya,Ravel,Female,1966-07-04,ynagar@example.com,+917859982427,Medininagar,Gujarat,India,2024-04-26,Silver,True
4471,Yatan,Dugal,Female,1969-11-30,rohanchokshi@example.org,05049718339,Sangli-Miraj & Kupwad,Karnataka,India,2021-07-29,Bronze,True
4472,Zansi,Bail,Male,1990-09-20,yoak@example.org,09017207362,Bikaner,Maharashtra,India,2024-10-06,Bronze,True
4473,Unnati,Memon,Male,1984-06-14,akshaysharma@example.org,06708706076,Bidhannagar,Tamil Nadu,India,2022-06-02,Silver,True
4474,Damini,Soni,Female,1990-10-21,saimane@example.com,5535635598,Kolkata,Rajasthan,India,2024-11-13,Gold,True
4475,Jagdish,Goel,Female,2002-12-14,yvenkataraman@example.org,03012691266,Udupi,Delhi,India,2022-02-01,Bronze,True
4476,Tanveer,Narayanan,Female,1983-05-03,rgara@example.org,+917776814312,Buxar,Maharashtra,India,2025-01-17,Silver,False
4477,Hemang,Edwin,Male,1969-10-05,xnaidu@example.org,08690316754,Bhopal,Delhi,India,2022-01-04,Gold,True
4478,Dayita,Kuruvilla,Female,1978-04-20,farhandoshi@example.net,6118104852,Guwahati,Gujarat,India,2023-09-05,Bronze,True
4479,Rajata,Sarraf,Female,1955-12-07,daksha83@example.org,09590460362,Mehsana,West Bengal,India,2026-03-30,Bronze,True
4480,David,Kakar,Male,1992-10-29,pathakirya@example.org,+914370715370,Surendranagar Dudhrej,Rajasthan,India,2025-06-15,Bronze,True
4481,Chakradev,Sethi,Female,1974-05-29,xlall@example.net,6973623154,Solapur,Tamil Nadu,India,2026-07-01,Bronze,False
4482,Onveer,Bahl,Male,1981-01-21,rsinghal@example.com,+916926235948,Karawal Nagar,Tamil Nadu,India,2025-03-22,Bronze,True
4483,Ansh,Mody,Male,1982-03-24,tnarayan@example.org,+918727934996,Firozabad,Gujarat,India,2026-03-18,Bronze,True
4484,Zaid,Nazareth,Female,1965-08-15,umang08@example.com,07461698225,Tumkur,West Bengal,India,2023-01-26,Bronze,True
4485,Michael,De,Male,1984-11-16,ganesanyadavi@example.com,+914763362850,Sambhal,Gujarat,India,2025-08-17,Bronze,False
4486,Hamsini,Krishna,Female,1997-08-09,munshiqarin@example.net,+910137268111,Bardhaman,West Bengal,India,2024-08-21,Silver,True
4487,Lohit,Mishra,Male,1997-01-07,duttjack@example.net,+914111171064,Kozhikode,Rajasthan,India,2025-01-31,Silver,True
4488,Aayush,Madan,Female,1976-11-26,obhat@example.net,01244062704,Korba,West Bengal,India,2023-11-26,Silver,True
4489,Pahal,Doshi,Male,1994-05-16,vasaedhitha@example.net,1299421117,Bhatpara,Karnataka,India,2022-10-28,Silver,False
4490,Qasim,Mahal,Female,1961-07-01,atharvyadav@example.net,02803184649,Sultan Pur Majra,Gujarat,India,2025-05-26,Bronze,True
4491,Ladli,Dani,Male,1957-04-06,meghana19@example.net,+916967743566,Satara,Maharashtra,India,2024-06-19,Bronze,True
4492,David,Mallick,Male,1990-04-14,sinhahema@example.org,5215557956,Raipur,Tamil Nadu,India,2023-01-21,Bronze,True
4493,Vasana,Kunda,Male,1991-03-26,chasmum55@example.com,0012518108,Udupi,Tamil Nadu,India,2026-06-23,Bronze,True
4494,Sudiksha,Keer,Female,1988-10-18,abuch@example.com,+915237797391,Parbhani,West Bengal,India,2023-08-03,Bronze,False
4495,Tanish,Bail,Female,1967-11-07,pahalpillay@example.org,4557189852,Kollam,Tamil Nadu,India,2023-06-19,Bronze,True
4496,Manan,Chander,Male,1956-10-16,natarajansneha@example.com,07843563582,Khammam,Delhi,India,2022-07-22,Bronze,True
4497,Chatura,Mukherjee,Male,1971-04-08,vasudhamohanty@example.com,05977044633,Dehradun,Rajasthan,India,2024-09-15,Bronze,True
4498,Idika,Thaman,Male,1975-12-10,kaurgaurav@example.com,+912843469986,Warangal,Delhi,India,2024-01-14,Gold,True
4499,Januja,Walia,Male,1969-12-03,watika51@example.net,+913242419159,Surat,Delhi,India,2023-05-19,Bronze,False
4500,Bhavika,Sule,Female,1994-10-18,abeeroza@example.net,9967445225,Bihar Sharif,Uttar Pradesh,India,2025-02-21,Bronze,True
4501,Kevin,Naidu,Female,1971-02-04,dominicsabharwal@example.org,+917699188484,Rajpur Sonarpur,Uttar Pradesh,India,2024-06-20,Bronze,True
4502,Vrishti,Doctor,Female,1958-06-19,barkhatata@example.com,7460861521,Salem,West Bengal,India,2021-11-27,Bronze,False
4503,Qushi,Kumer,Female,1959-05-30,vasatika97@example.com,07451189376,Amritsar,Rajasthan,India,2025-02-02,Bronze,True
4504,Shaurya,Raju,Male,1977-01-07,karniknilima@example.org,05972340037,Nashik,Gujarat,India,2021-12-14,Silver,True
4505,Vidhi,Gokhale,Male,1985-12-05,wbasu@example.org,+913496322377,Mehsana,Karnataka,India,2021-08-13,Gold,True
4506,Yug,Merchant,Male,1967-01-28,modyjairaj@example.com,7509884104,Dewas,Gujarat,India,2025-10-23,Gold,True
4507,Ekaraj,Gulati,Male,1995-09-10,kritikaranganathan@example.org,2926809768,Kavali,Maharashtra,India,2021-08-15,Bronze,True
4508,Falak,Som,Male,1955-12-31,dayamairandhawa@example.org,+911932146926,Nashik,Tamil Nadu,India,2025-01-24,Silver,False
4509,Daksha,Rai,Male,1958-10-19,ekantika70@example.org,+912590267309,Bhind,Maharashtra,India,2022-01-31,Bronze,True
4510,Gayathri,Mistry,Male,1961-01-10,babuishaan@example.org,7365609631,Ozhukarai,Tamil Nadu,India,2022-12-22,Bronze,True
4511,Anya,Korpal,Male,1997-09-08,pprakash@example.org,08651139323,Ahmedabad,Uttar Pradesh,India,2024-11-14,Gold,False
4512,Anita,Anne,Female,1978-04-11,lajitakari@example.com,4979357432,Sultan Pur Majra,Uttar Pradesh,India,2025-08-15,Silver,True
4513,Xavier,Kala,Female,1979-07-16,xgoda@example.com,4659239429,Miryalaguda,Uttar Pradesh,India,2024-06-08,Bronze,True
4514,Gagan,Mammen,Female,1956-11-04,robertvasa@example.com,0574959364,Rewa,Karnataka,India,2023-08-28,Silver,True
4515,Teerth,Verma,Female,2000-05-07,ekapadiyer@example.net,1786703247,Avadi,Maharashtra,India,2022-05-12,Bronze,True
4516,Nachiket,Vyas,Female,1963-04-20,banjeetprabhakar@example.net,+910304038536,Kalyan-Dombivli,Tamil Nadu,India,2021-10-20,Silver,False
4517,Nandini,Rau,Male,1983-12-26,lbains@example.net,04617816682,Rampur,Rajasthan,India,2022-11-10,Silver,True
4518,Amruta,Badami,Male,2008-01-06,eesha95@example.net,+919109934050,Chandrapur,Tamil Nadu,India,2025-03-04,Bronze,True
4519,Ekanta,Mangat,Female,1972-04-30,gautami46@example.org,+916903668734,Durg,West Bengal,India,2022-09-05,Bronze,True
4520,Aradhana,Parikh,Female,1975-08-29,gautamsengupta@example.com,+918925355356,Hajipur,Tamil Nadu,India,2021-10-09,Gold,False
4521,Shivani,Garg,Male,1997-01-29,memondipta@example.org,00708590337,Danapur,Delhi,India,2025-07-03,Bronze,True
4522,Saksham,Mukhopadhyay,Male,1973-11-09,laksh30@example.net,+910086512759,Udupi,Karnataka,India,2022-07-08,Bronze,True
4523,Rushil,Datta,Male,1972-10-25,deoikshita@example.com,+911088756185,Serampore,Karnataka,India,2024-07-30,Silver,True
4524,Garima,Tank,Male,1987-08-14,nicholasmerchant@example.org,+919955892661,Tinsukia,Rajasthan,India,2025-03-25,Platinum,False
4525,Azaan,Seshadri,Male,1973-06-29,ekhurana@example.org,04863710223,Guntur,Karnataka,India,2023-08-27,Bronze,True
4526,Tanveer,Krishna,Female,1980-02-29,tanishramakrishnan@example.com,4359249161,Udupi,Gujarat,India,2023-04-05,Silver,True
4527,Vinaya,Bhalla,Male,1971-10-22,magarveda@example.net,+918498548853,Thanjavur,Rajasthan,India,2025-03-23,Bronze,True
4528,Bimala,Nadig,Female,1999-03-23,wnagar@example.org,+918618655631,Dehri,Tamil Nadu,India,2022-06-16,Silver,True
4529,Hamsini,Dhaliwal,Female,2006-03-13,raghavandipta@example.net,6216449318,Latur,Karnataka,India,2023-07-12,Bronze,True
4530,Vinaya,Varty,Female,1990-05-30,adya78@example.org,1556164504,Loni,West Bengal,India,2024-12-16,Silver,True
4531,Yamini,Aggarwal,Male,1979-06-03,jagrati85@example.net,00380574623,Kottayam,Uttar Pradesh,India,2025-02-14,Bronze,True
4532,Sathvik,Borde,Female,1976-07-20,onveer50@example.org,+915329164764,Secunderabad,Gujarat,India,2023-01-12,Bronze,True
4533,Qabil,Chowdhury,Female,1980-04-05,charviagarwal@example.com,00018889297,Singrauli,Tamil Nadu,India,2023-01-27,Bronze,True
4534,Theodore,Kapur,Female,1998-12-06,pallavi90@example.net,07047594357,Phagwara,West Bengal,India,2024-12-24,Gold,True
4535,Dayamai,Deo,Male,1981-07-27,anaidu@example.org,9155267786,Giridih,Maharashtra,India,2023-10-27,Silver,True
4536,Vasudha,Pandit,Male,1983-09-22,jyoti29@example.com,+912063022581,Salem,Gujarat,India,2026-05-22,Bronze,False
4537,Vrinda,Viswanathan,Male,1971-06-08,ttripathi@example.org,00526873546,Sangli-Miraj & Kupwad,Gujarat,India,2023-06-08,Silver,False
4538,Amara,Cheema,Female,2004-01-09,bahlmaanas@example.org,2114728813,Bilaspur,Maharashtra,India,2025-07-03,Bronze,True
4539,Vedika,Cherian,Male,1956-01-17,zayanbakshi@example.org,6031699044,Tenali,Maharashtra,India,2025-04-09,Gold,False
4540,Zehaan,Kota,Female,1999-11-08,yashasvipant@example.org,6261713543,Muzaffarpur,Karnataka,India,2026-05-11,Silver,True
4541,Bhavini,Deo,Male,2006-11-13,sbandi@example.net,1233863215,Sangli-Miraj & Kupwad,Uttar Pradesh,India,2022-02-23,Bronze,True
4542,Xalak,Sachar,Female,1974-01-13,omaja52@example.com,+912228098105,Ludhiana,West Bengal,India,2025-06-30,Silver,True
4543,Tanay,Koshy,Male,1986-01-01,upmathakkar@example.net,+910882956771,Jodhpur,Rajasthan,India,2025-08-06,Bronze,True
4544,Ijaya,Setty,Male,1999-08-09,chadyatin@example.com,+914537983136,Loni,Uttar Pradesh,India,2026-02-20,Gold,False
4545,Harish,Misra,Female,2002-01-18,handadhriti@example.org,05805284009,Bhatpara,Tamil Nadu,India,2026-04-09,Bronze,True
4546,Nikita,Dara,Male,1983-07-19,xrai@example.org,01129209017,Panvel,Maharashtra,India,2025-08-16,Bronze,False
4547,Barkha,Rajan,Female,1998-07-24,widisha83@example.net,03769492644,Secunderabad,Karnataka,India,2023-07-04,Bronze,True
4548,Owen,Bhargava,Male,1976-03-03,anusha48@example.com,+917326322051,Erode,Rajasthan,India,2025-04-22,Silver,True
4549,Kavya,Srinivasan,Male,1962-04-19,gavin30@example.net,+918868625181,Ajmer,Gujarat,India,2025-10-16,Bronze,True
4550,Ekansh,Sunder,Female,1985-09-05,tripti15@example.com,+919928252753,Bhagalpur,Delhi,India,2022-04-04,Bronze,True
4551,Sai,Din,Female,1987-05-02,mandaeesha@example.com,+914099998396,Arrah,West Bengal,India,2024-09-21,Bronze,True
4552,Daksha,Pandit,Female,1982-12-12,harshpatel@example.org,01200074216,Sirsa,Tamil Nadu,India,2025-02-13,Silver,True
4553,Hardik,Narain,Female,1961-03-31,ranveer19@example.net,5402916924,Navi Mumbai,Tamil Nadu,India,2023-07-09,Bronze,False
4554,Abeer,Rajan,Male,1991-11-11,zsamra@example.net,04445550451,Moradabad,Rajasthan,India,2025-04-20,Silver,True
4555,George,Ramachandran,Female,1964-03-06,ukanda@example.org,00393434376,Ozhukarai,Karnataka,India,2024-06-03,Bronze,True
4556,Sai,Bora,Male,1977-07-03,boasewakeeta@example.net,7982585197,Sonipat,Maharashtra,India,2022-07-16,Bronze,True
4557,Alexander,Raval,Male,1966-03-29,fraja@example.net,07023136542,Bijapur,Karnataka,India,2024-06-26,Gold,True
4558,Kritika,Venkatesh,Male,1985-12-14,munshichanakya@example.org,+911011822449,Sangli-Miraj & Kupwad,Tamil Nadu,India,2021-07-28,Bronze,True
4559,Warda,Bhatnagar,Male,1956-10-28,amall@example.org,1987595054,Medininagar,Rajasthan,India,2023-03-22,Silver,True
4560,Ryan,Verma,Female,1996-05-01,karaharinakshi@example.com,2912936381,Moradabad,Tamil Nadu,India,2025-10-16,Gold,False
4561,Ekapad,Bhandari,Female,1957-02-04,chaitaly36@example.com,8330968961,Dehradun,West Bengal,India,2025-11-22,Bronze,True
4562,Ekaja,Chaudry,Male,1972-04-22,lwali@example.com,+915441746826,Hajipur,Karnataka,India,2026-06-15,Silver,True
4563,Udyati,Bhargava,Male,1967-07-12,manndivya@example.com,01600207649,Mysore,West Bengal,India,2021-11-08,Bronze,True
4564,Chakradhar,Wason,Male,1985-06-14,yashicawali@example.com,02797179652,Warangal,Maharashtra,India,2023-10-25,Bronze,False
4565,Gagan,Reddy,Male,1967-08-03,ojas56@example.com,08054166062,Vijayawada,Uttar Pradesh,India,2024-07-30,Bronze,False
4566,Gauri,Anne,Male,1969-08-24,unnatipurohit@example.org,+914776074130,Bongaigaon,Rajasthan,India,2025-07-01,Silver,False
4567,Patrick,Konda,Female,1982-02-12,krisharoy@example.net,+912670870237,Hajipur,Gujarat,India,2022-01-13,Gold,False
4568,Tanveer,Bhatia,Female,1968-12-13,falak01@example.net,8563862408,Darbhanga,Karnataka,India,2021-12-23,Silver,True
4569,Chanchal,Chawla,Male,1970-06-16,pahal77@example.net,+917355496750,Shimla,Gujarat,India,2024-09-26,Silver,True
4570,Hema,Peri,Male,1970-09-02,watikarout@example.com,03467656486,Farrukhabad,West Bengal,India,2022-04-02,Gold,True
4571,Krishna,Raman,Male,1981-07-01,sudiksha70@example.com,9957698269,Solapur,Delhi,India,2026-01-02,Bronze,True
4572,Zaitra,Sane,Male,1971-06-21,vyanjana21@example.com,7802656930,Saharanpur,Maharashtra,India,2025-05-18,Bronze,True
4573,Chakradev,Chacko,Male,1980-03-04,georgenatarajan@example.com,+917278813115,Suryapet,Karnataka,India,2021-12-11,Bronze,False
4574,Urishilla,Batta,Male,2007-07-30,irasaraf@example.org,06770657868,Pimpri-Chinchwad,Karnataka,India,2025-03-22,Bronze,False
4575,Gayathri,Hari,Male,1958-05-19,krish59@example.org,+917317957481,Panihati,West Bengal,India,2024-06-04,Silver,True
4576,Advaith,Nagy,Male,2002-01-17,jackson33@example.com,0771416877,Gurgaon,Tamil Nadu,India,2022-04-28,Silver,True
4577,Abha,Tailor,Male,1955-10-29,hdash@example.org,09019079148,Bidhannagar,Maharashtra,India,2025-07-06,Bronze,False
4578,Abdul,Dar,Female,1997-11-02,oparekh@example.net,05652086224,Phusro,West Bengal,India,2023-12-24,Bronze,True
4579,Adya,Parmar,Male,2005-06-13,yugdey@example.net,06372515530,Narasaraopet,Maharashtra,India,2025-06-07,Bronze,True
4580,Neelima,Baral,Male,1966-09-06,jalsa88@example.net,3629432975,Dhanbad,Rajasthan,India,2024-05-18,Bronze,False
4581,Udyati,Padmanabhan,Male,1963-01-24,chakradevsarkar@example.org,8333900177,Thrissur,Karnataka,India,2023-10-05,Bronze,True
4582,Akshay,Vohra,Female,1964-08-03,isaac14@example.net,05627213764,Thiruvananthapuram,Tamil Nadu,India,2025-05-29,Bronze,True
4583,Girindra,Rao,Male,1960-03-17,abhayohannan@example.com,+913189873867,Ajmer,Rajasthan,India,2023-04-10,Silver,True
4584,Aditya,Nadig,Female,1979-10-19,gunbir92@example.org,4842481868,Mango,Tamil Nadu,India,2021-12-19,Silver,True
4585,Lakshit,Kalla,Male,1976-11-22,lakshgola@example.org,05546783419,Bahraich,Uttar Pradesh,India,2026-01-18,Bronze,False
4586,Zashil,Lala,Male,1975-06-18,oniiyer@example.com,+918580001833,Durg,Uttar Pradesh,India,2023-10-02,Silver,True
4587,Warda,Sur,Male,2003-10-27,kannanraghav@example.net,0295418875,Tezpur,Tamil Nadu,India,2022-02-28,Gold,True
4588,Yochana,Chhabra,Female,1960-01-20,yshanker@example.net,+910949152555,Kollam,Delhi,India,2023-12-16,Bronze,False
4589,Charita,Balakrishnan,Female,1973-12-14,samarthben@example.com,+913846276821,Tirunelveli,Karnataka,India,2023-02-11,Silver,True
4590,Aradhana,Amble,Female,1983-02-18,harinakshi92@example.org,02478969524,Kadapa,Tamil Nadu,India,2026-04-02,Bronze,True
4591,Darika,Chaudhuri,Male,1980-11-29,krishnasandal@example.net,02306729125,Raichur,West Bengal,India,2023-04-20,Silver,True
4592,Warhi,Maharaj,Male,1993-11-12,umang87@example.com,05197958190,New Delhi,Karnataka,India,2024-11-08,Bronze,True
4593,Caleb,Bail,Male,1998-01-12,indira46@example.net,2149450668,Bhagalpur,Delhi,India,2022-10-23,Silver,True
4594,Charita,Goel,Male,1995-10-12,isaacarora@example.net,9088743878,Serampore,Delhi,India,2025-06-28,Bronze,True
4595,Ishaan,Bhattacharyya,Female,1956-02-22,kadakiamaanas@example.com,+913376050516,Singrauli,Karnataka,India,2023-06-19,Silver,True
4596,Eiravati,Jain,Male,1980-09-11,adyasule@example.org,4865982384,Burhanpur,West Bengal,India,2021-08-09,Platinum,False
4597,Janya,Sura,Female,1985-03-04,lallgautam@example.net,05343189193,Dhule,West Bengal,India,2024-11-22,Bronze,True
4598,Faras,Sha,Female,1975-11-28,indira50@example.net,8788414309,Nagaon,Rajasthan,India,2022-07-06,Gold,True
4599,Udant,Dada,Male,1966-09-27,hvarty@example.net,+910252771973,Erode,Karnataka,India,2021-10-23,Gold,True
4600,Zaid,Bhardwaj,Male,1978-04-20,raghav33@example.org,02481734596,Kirari Suleman Nagar,Karnataka,India,2023-11-10,Silver,False
4601,Damyanti,Chana,Female,1957-11-15,darazarna@example.net,+910827890398,Bally,West Bengal,India,2026-05-16,Bronze,True
4602,Januja,Bali,Female,1984-09-12,wazir09@example.org,07688742418,Nanded,West Bengal,India,2025-10-11,Silver,True
4603,Gopal,Badami,Female,2006-02-17,geralaban@example.com,+913464313565,Pallavaram,Rajasthan,India,2023-06-25,Silver,True
4604,Ishita,Sahota,Male,1961-02-01,gadeeta@example.net,06956429955,Kakinada,Tamil Nadu,India,2026-06-05,Silver,False
4605,Upadhriti,Basu,Female,1996-06-18,vedhikasehgal@example.com,4952684231,Agra,West Bengal,India,2022-09-30,Silver,True
4606,Tara,Contractor,Female,1995-12-16,balendramorar@example.com,+910072148064,Navi Mumbai,Karnataka,India,2025-05-31,Bronze,False
4607,Yashoda,Ganguly,Male,1994-12-21,ayaanbala@example.org,+913267910234,Udupi,Gujarat,India,2025-01-19,Silver,True
4608,Jeevika,Gill,Female,1987-06-13,asoman@example.org,02022046760,Rourkela,Rajasthan,India,2023-01-30,Bronze,True
4609,Ishaan,Andra,Female,1962-08-28,senguptarudra@example.net,8712326126,Bareilly,Maharashtra,India,2026-03-04,Silver,True
4610,Gautam,Wali,Male,1990-02-04,dbajaj@example.org,+915887952557,Ajmer,Maharashtra,India,2026-07-04,Bronze,False
4611,Unni,Anne,Male,1981-07-15,wsaha@example.com,+910940951689,Gangtok,West Bengal,India,2024-08-01,Bronze,True
4612,Neelima,Hayre,Male,2008-03-15,mistrylucky@example.com,02206564875,Sambhal,Uttar Pradesh,India,2024-02-02,Silver,False
4613,Isha,Sarkar,Female,1992-02-11,mbava@example.net,7968918271,Panipat,Maharashtra,India,2025-03-10,Silver,False
4614,Farhan,Lanka,Female,1987-09-28,kghosh@example.org,07318512300,Gurgaon,Uttar Pradesh,India,2023-09-09,Bronze,True
4615,Simon,Som,Female,2001-04-26,farhankaur@example.com,7688442951,Karawal Nagar,West Bengal,India,2024-10-23,Bronze,True
4616,Ayushman,Chad,Female,1982-06-26,zsehgal@example.net,03027703613,Dindigul,Karnataka,India,2024-11-24,Bronze,True
4617,Azad,Venkatesh,Female,1979-02-23,morevaishnavi@example.org,8868905707,Pune,Uttar Pradesh,India,2021-12-17,Silver,True
4618,Aarnav,Ram,Male,1981-07-05,naveen59@example.org,2014511880,Durg,West Bengal,India,2022-07-26,Silver,True
4619,Ishita,Dhawan,Female,1983-07-16,iryawarrior@example.org,6606538020,Jalandhar,Gujarat,India,2025-11-15,Silver,True
4620,Manya,Vora,Female,1985-09-16,sekhonoliver@example.com,+911089645910,Chapra,Gujarat,India,2022-02-16,Bronze,True
4621,Jackson,Vyas,Female,1961-07-13,saxenaurvashi@example.net,+915753657988,Ambattur,Maharashtra,India,2023-12-10,Bronze,True
4622,Lakshit,Agate,Male,2002-03-30,uppalmax@example.net,+911983045099,Mango,Maharashtra,India,2022-11-07,Bronze,True
4623,Daksh,Patel,Female,2004-05-28,lwali@example.net,+913497815539,Bhiwandi,Maharashtra,India,2021-07-29,Bronze,True
4624,Ira,Kata,Male,1964-07-17,odoshi@example.net,02299966351,Jabalpur,Maharashtra,India,2023-07-26,Gold,True
4625,Jeevika,Buch,Female,1978-03-25,devanshthaman@example.net,9438502736,Bellary,Gujarat,India,2026-05-06,Bronze,True
4626,Ati,Goswami,Male,1988-08-09,diyapandit@example.net,+911721984152,Naihati,Maharashtra,India,2023-11-17,Silver,True
4627,Brijesh,Salvi,Male,1967-10-08,onveervasa@example.org,7841506767,Ghaziabad,Rajasthan,India,2022-11-13,Bronze,True
4628,Janaki,Pandey,Female,1961-03-02,iyerabhiram@example.com,03112674583,Aurangabad,Gujarat,India,2025-12-14,Gold,True
4629,Gayathri,Ratti,Female,2006-08-11,mugdha81@example.com,8435676944,Shimla,West Bengal,India,2022-10-18,Platinum,True
4630,Tanay,Gade,Male,1964-02-05,saranyasti@example.com,8300754580,Narasaraopet,Tamil Nadu,India,2026-05-21,Gold,False
4631,Theodore,Chaudhari,Female,2006-11-15,ishaanlalla@example.org,09042444006,Giridih,Maharashtra,India,2024-10-09,Bronze,True
4632,Victor,Batta,Male,2001-06-17,mnori@example.com,7549235489,Ongole,Rajasthan,India,2022-07-30,Silver,False
4633,Gagan,Rattan,Male,1997-11-30,falgunidua@example.com,08732355476,Navi Mumbai,Rajasthan,India,2022-01-28,Silver,True
4634,Chatura,Mital,Female,1968-08-28,sanghaumang@example.net,+917902973448,Kolkata,West Bengal,India,2022-02-23,Bronze,True
4635,Yatan,Dhawan,Male,1981-09-04,qushi25@example.org,+914575812332,Alappuzha,Uttar Pradesh,India,2026-07-04,Platinum,True
4636,Bhavini,Nigam,Female,1982-05-30,thomasgade@example.net,01077416572,Howrah,Uttar Pradesh,India,2025-03-26,Silver,False
4637,Ekaja,Hayer,Male,1980-08-29,owen47@example.net,06782325177,Bilaspur,Karnataka,India,2024-05-20,Silver,True
4638,Agastya,Natt,Female,1965-10-07,jrau@example.org,06270592476,Kirari Suleman Nagar,Maharashtra,India,2021-09-11,Bronze,True
4639,Frederick,Parsa,Female,1982-10-12,khoslaudyati@example.com,6314543582,Malda,Rajasthan,India,2026-05-15,Gold,True
4640,Champak,Kunda,Male,1996-03-17,chatresh00@example.com,03304621577,Jhansi,Delhi,India,2023-02-25,Bronze,True
4641,Gavin,De,Female,1980-06-09,yroy@example.com,+915213366742,Bhilwara,Gujarat,India,2021-10-03,Bronze,True
4642,Charan,Dhar,Female,1964-07-27,radha90@example.org,04514431003,Coimbatore,Uttar Pradesh,India,2021-12-04,Bronze,True
4643,Victor,Sridhar,Female,1994-05-09,upradhan@example.org,9798239327,Mira-Bhayandar,West Bengal,India,2022-07-15,Gold,True
4644,Divya,Warrior,Male,2007-06-28,dominichayer@example.com,+913455159783,Tiruvottiyur,Gujarat,India,2022-01-10,Gold,False
4645,Ucchal,Lala,Male,1997-07-28,hkrishnamurthy@example.net,7019981740,Asansol,Tamil Nadu,India,2025-12-28,Bronze,True
4646,Aashi,Padmanabhan,Female,1962-10-11,duttajackson@example.com,03558399250,Narasaraopet,Uttar Pradesh,India,2022-09-15,Bronze,False
4647,Pooja,Boase,Male,1995-01-16,matthew11@example.org,06729857267,Rajpur Sonarpur,Tamil Nadu,India,2024-05-14,Gold,True
4648,Aarush,Bhardwaj,Male,1962-10-05,kallachavvi@example.net,07604339938,Kishanganj,Maharashtra,India,2021-09-07,Bronze,True
4649,Hemal,Vyas,Female,2004-09-09,ekaraj74@example.net,05186693126,Chennai,Uttar Pradesh,India,2024-05-09,Silver,True
4650,Leena,Sarraf,Female,2006-07-25,munshivedhika@example.com,+911100515491,Eluru,Gujarat,India,2025-05-22,Bronze,False
4651,Adya,Agate,Female,1971-08-09,vivaanparmer@example.com,+915502420587,Nanded,Gujarat,India,2024-03-03,Silver,True
4652,Gauri,Raju,Female,1959-03-22,sai23@example.net,7658163440,Jamnagar,Delhi,India,2023-10-30,Silver,True
4653,Leela,Nadkarni,Male,1992-11-05,aishaniiyer@example.net,+910437791585,Mehsana,Karnataka,India,2022-08-26,Gold,True
4654,Oscar,Chahal,Male,1998-02-03,oviyapandey@example.org,06263157942,Jalgaon,Rajasthan,India,2025-02-12,Bronze,True
4655,Tanish,Sama,Male,1975-03-08,nvarkey@example.org,08568032191,Vellore,Gujarat,India,2022-09-27,Bronze,True
4656,Shivansh,Sengupta,Male,1972-11-25,zaid60@example.org,1009976753,Cuttack,Karnataka,India,2024-04-25,Bronze,True
4657,Wazir,Kata,Male,1979-04-19,libni57@example.org,1590530734,Bilaspur,Delhi,India,2025-11-18,Bronze,True
4658,Darpan,Vasa,Male,1990-06-19,gsandhu@example.net,+911003602030,Rourkela,Karnataka,India,2023-12-12,Gold,False
4659,Hardik,Venkatesh,Male,1986-05-02,rachana45@example.net,0603983205,Ramagundam,Tamil Nadu,India,2024-05-16,Silver,False
4660,Manthan,Lala,Female,1968-10-31,sonimanan@example.org,04045488071,Sikar,Tamil Nadu,India,2025-01-11,Bronze,True
4661,Zansi,Ganesh,Male,2005-02-10,zansi03@example.net,01981445011,Bharatpur,Rajasthan,India,2024-07-21,Silver,True
4662,Mugdha,Prabhakar,Female,1995-09-03,yashodaapte@example.org,9402111280,Serampore,Tamil Nadu,India,2025-04-14,Bronze,True
4663,Yuvraj,Anne,Male,1958-12-23,dhawanwakeeta@example.org,6437377083,Delhi,Rajasthan,India,2023-11-07,Bronze,True
4664,Madhavi,Bassi,Male,1976-12-05,ptalwar@example.com,02358748293,Sasaram,West Bengal,India,2026-01-10,Bronze,True
4665,Ira,Pandit,Female,1961-08-19,wishi56@example.net,1843652090,Bardhaman,Rajasthan,India,2025-06-01,Silver,False
4666,Aadhya,Kara,Male,1963-04-19,nicholas04@example.com,09847839841,Sikar,Maharashtra,India,2023-06-24,Bronze,True
4667,Anvi,Tella,Male,1981-01-07,eiravativarma@example.com,04167855508,Chandigarh,Rajasthan,India,2023-05-18,Bronze,True
4668,Isaac,Lad,Female,1986-08-10,balsamar@example.com,2866191126,Kalyan-Dombivli,Uttar Pradesh,India,2022-07-05,Bronze,True
4669,Kala,Chauhan,Female,1998-07-17,odikabasu@example.net,04103946794,Pune,Delhi,India,2026-07-20,Silver,True
4670,Wakeeta,Rau,Female,2007-03-04,liam08@example.com,+915628212991,Indore,Tamil Nadu,India,2024-02-09,Bronze,True
4671,Balveer,Basak,Male,1959-02-24,ishanvimadan@example.com,08162250634,Anantapuram,Uttar Pradesh,India,2024-03-09,Bronze,True
4672,Krish,Batra,Female,1987-01-10,etaneja@example.com,7726740109,Tumkur,Delhi,India,2022-06-24,Bronze,True
4673,Aishani,Savant,Male,1997-10-28,maxdugal@example.org,7854625895,Bihar Sharif,Rajasthan,India,2025-11-20,Bronze,True
4674,Jatin,Krishnan,Male,1957-08-31,gautamigolla@example.org,+919321159553,Madhyamgram,Delhi,India,2021-09-26,Bronze,True
4675,Zarna,Khalsa,Female,1963-03-07,vedant13@example.com,+911606681766,Coimbatore,Karnataka,India,2024-03-27,Gold,True
4676,Daniel,Ben,Male,1959-08-03,sanand@example.com,0167593806,Gandhinagar,Delhi,India,2021-11-15,Gold,True
4677,Yadavi,Loke,Female,2007-03-15,mahika67@example.com,+918248491417,Jaunpur,Maharashtra,India,2025-04-22,Silver,True
4678,Vihaan,Jaggi,Male,1972-11-18,balasubramanianchaitanya@example.org,01186165079,Indore,Rajasthan,India,2021-08-18,Silver,False
4679,Aradhana,Barad,Female,1967-06-10,eta64@example.org,+913232689882,Navi Mumbai,Delhi,India,2025-05-14,Bronze,False
4680,Omya,Pal,Male,1984-10-14,dubeyeiravati@example.net,04342795472,Dehri,Rajasthan,India,2024-06-30,Silver,True
4681,Mekhala,Kadakia,Male,1964-08-28,mbhasin@example.com,8047565627,Hospet,Karnataka,India,2025-08-30,Bronze,True
4682,Nitara,Parekh,Female,1959-02-19,dradhakrishnan@example.com,03951606126,Chennai,Rajasthan,India,2023-06-15,Gold,True
4683,Aarav,Golla,Female,1969-11-02,jasmit60@example.net,08703024798,Shimla,Delhi,India,2023-10-21,Bronze,True
4684,Rudra,Ahluwalia,Male,1988-11-09,bsharaf@example.net,+919996864214,Satara,Karnataka,India,2021-09-11,Bronze,False
4685,Sarthak,Tandon,Male,1979-06-01,pedwin@example.org,+912347374131,Karnal,Gujarat,India,2021-12-29,Bronze,False
4686,Kai,Baria,Female,1991-10-11,zehaanmodi@example.com,5213378331,Gulbarga,Karnataka,India,2024-05-15,Silver,False
4687,Lopa,Nori,Female,1976-06-24,hiral15@example.com,00764372068,Siwan,Tamil Nadu,India,2022-03-11,Silver,False
4688,Xiti,Narang,Male,1973-07-28,byohannan@example.org,07997171731,Adoni,Gujarat,India,2024-09-14,Bronze,False
4689,Matthew,Handa,Male,1972-10-07,tara86@example.com,+916674890221,Unnao,Gujarat,India,2021-11-12,Gold,False
4690,Damini,Sehgal,Female,1970-08-01,nmandal@example.com,+916793301861,Uluberia,Rajasthan,India,2026-07-06,Bronze,True
4691,Siya,Amble,Male,1994-09-22,gargchandresh@example.org,+911573918103,Loni,Karnataka,India,2026-01-17,Bronze,True
4692,Nachiket,Mallick,Female,1982-03-23,meghadeol@example.net,8796872570,Bhiwani,Delhi,India,2023-05-18,Silver,True
4693,Elijah,Parsa,Female,1966-11-21,fradomall@example.com,+910203151422,Pallavaram,Tamil Nadu,India,2022-06-08,Bronze,True
4694,Qarin,Khare,Female,2001-01-11,idika23@example.com,6650697357,Motihari,Gujarat,India,2025-05-11,Gold,True
4695,Eesha,Gera,Female,2000-12-26,aarnav98@example.net,+917496513639,Nandyal,West Bengal,India,2023-10-17,Bronze,True
4696,Dev,Narayanan,Female,1977-12-10,divya68@example.net,+914999541650,Vasai-Virar,Rajasthan,India,2022-10-03,Bronze,True
4697,Ayushman,Ratti,Female,1998-08-24,tiwariekaraj@example.org,06817097058,Gorakhpur,Rajasthan,India,2021-09-06,Silver,True
4698,Chatura,Kumer,Male,1968-12-21,oeshi81@example.org,08207143880,Alappuzha,Karnataka,India,2025-08-11,Gold,True
4699,Megha,Krishnamurthy,Male,1992-04-11,max58@example.com,9186346186,Tezpur,Tamil Nadu,India,2022-01-24,Bronze,False
4700,Quincy,Chowdhury,Male,1983-06-04,bhardwajodika@example.net,9254548393,Sikar,Tamil Nadu,India,2023-11-02,Bronze,True
4701,Rushil,Menon,Female,1983-06-02,gautami57@example.net,+911282028051,Thrissur,Karnataka,India,2025-03-25,Bronze,True
4702,Aahana,Mistry,Female,1989-08-20,falak84@example.net,08198762689,Kakinada,Gujarat,India,2021-12-30,Gold,True
4703,Jai,Contractor,Female,1960-09-05,leenatalwar@example.org,3313509963,Shivpuri,Delhi,India,2026-02-05,Bronze,True
4704,Krishna,Hora,Female,1964-10-15,jaggiom@example.com,03645286760,Jhansi,Karnataka,India,2024-01-13,Bronze,True
4705,Zilmil,Pradhan,Male,1986-01-26,tchaudhry@example.com,7770643918,Latur,Delhi,India,2022-09-12,Silver,True
4706,Samaksh,Pingle,Female,2003-02-18,murthyyochana@example.net,4320790764,Amaravati,Karnataka,India,2022-11-24,Silver,True
4707,Fitan,Halder,Female,1977-10-04,buchamrita@example.net,08411783487,Chittoor,Karnataka,India,2021-09-10,Bronze,True
4708,Krisha,Arya,Male,1980-09-11,zaitra74@example.org,+916778619433,Ozhukarai,Maharashtra,India,2026-07-09,Silver,True
4709,Abha,Nayar,Male,2008-06-12,ztaneja@example.net,+915565711594,Indore,Uttar Pradesh,India,2022-10-20,Bronze,True
4710,Veda,Uppal,Female,1970-01-23,aggarwalayaan@example.org,3308419765,Kochi,Rajasthan,India,2022-11-29,Bronze,False
4711,Yashodhara,Bhattacharyya,Female,1986-09-27,merchantjackson@example.org,0136334065,Madanapalle,Delhi,India,2021-08-16,Bronze,True
4712,Balendra,Raju,Male,2000-08-18,pantjagrati@example.net,5501718589,Dibrugarh,Rajasthan,India,2025-12-22,Silver,True
4713,Adya,Banik,Female,1998-08-23,neel02@example.net,1970459944,Dehri,Maharashtra,India,2025-07-11,Silver,True
4714,Gavin,Gade,Male,1992-09-06,ogupta@example.org,+914834478554,Munger,Tamil Nadu,India,2024-10-28,Silver,True
4715,Samaksh,Chaudhry,Male,1965-12-18,jbumb@example.net,+915129931496,Hapur,Karnataka,India,2024-01-25,Silver,True
4716,Jagvi,Mannan,Male,2004-03-20,rajata23@example.net,03484760214,Haridwar,Delhi,India,2026-05-10,Platinum,True
4717,Bhavani,Dave,Female,1994-05-18,shaurya33@example.net,00676540594,Akola,Gujarat,India,2025-01-20,Bronze,True
4718,Peter,Chakrabarti,Female,1975-01-19,tamanna68@example.com,+914928975074,Latur,Karnataka,India,2024-05-25,Bronze,False
4719,Sanya,Dey,Male,1958-06-08,wverma@example.org,+914459826308,Delhi,Maharashtra,India,2024-10-28,Silver,True
4720,Prisha,Bhakta,Male,1991-12-23,frederickmutti@example.org,+917132447167,Danapur,Karnataka,India,2025-03-24,Bronze,True
4721,Pranav,Mahal,Male,2004-05-31,goswamihardik@example.com,04502467782,Kanpur,Tamil Nadu,India,2021-12-06,Bronze,False
4722,Rayaan,Dasgupta,Male,1972-10-13,ibarad@example.com,+911984563569,Kadapa,West Bengal,India,2022-05-15,Bronze,True
4723,Samuel,Talwar,Female,1987-11-15,dnarayanan@example.net,+913428546877,Jehanabad,Delhi,India,2022-06-13,Bronze,False
4724,Falan,Bera,Male,1977-10-27,saxenachaitaly@example.org,+918088369435,Ongole,Uttar Pradesh,India,2026-01-07,Bronze,True
4725,Kabir,Gulati,Female,1997-11-13,chadhaharinakshi@example.net,03623214587,Panipat,Delhi,India,2022-11-11,Bronze,True
4726,Andrew,Rao,Male,1956-04-28,xyogi@example.net,+914962317567,Bhind,Maharashtra,India,2023-01-25,Silver,True
4727,Tristan,Rana,Female,1959-11-29,odhawan@example.net,+914531580141,Aligarh,Karnataka,India,2023-07-26,Bronze,True
4728,Madhav,Mani,Female,1993-03-04,zilmilaggarwal@example.com,+916825288322,Bhatpara,Delhi,India,2023-10-31,Bronze,True
4729,Ekanta,Trivedi,Female,2000-01-30,sachdevkritika@example.net,+911590992582,Dehradun,West Bengal,India,2025-02-21,Bronze,False
4730,Lipika,Palan,Male,1969-02-26,janakichada@example.net,0911767234,Akola,Rajasthan,India,2022-03-01,Bronze,True
4731,Nathan,Dayal,Male,1974-09-23,daraupasna@example.net,+912547985200,Karaikudi,West Bengal,India,2026-04-13,Bronze,False
4732,Chanakya,Kala,Male,2002-04-19,henrykoshy@example.com,4760551414,Yamunanagar,Tamil Nadu,India,2023-06-05,Gold,True
4733,Mohini,Divan,Female,2004-09-17,ysani@example.org,6018353958,Bhubaneswar,Uttar Pradesh,India,2022-02-20,Bronze,True
4734,Farhan,Bora,Male,1976-08-17,faris47@example.com,+913368642787,Vadodara,West Bengal,India,2022-02-09,Platinum,False
4735,Ekantika,Bhardwaj,Female,1976-08-23,balveer37@example.org,5968595983,Dibrugarh,Maharashtra,India,2022-08-28,Bronze,True
4736,Jai,Din,Female,2006-07-08,vrindajani@example.org,03536507028,Dhule,Tamil Nadu,India,2026-04-09,Silver,False
4737,Faris,Goda,Female,1982-07-02,jsuresh@example.net,01127913686,Siliguri,Gujarat,India,2024-03-03,Bronze,False
4738,Faras,Barad,Male,1999-05-14,anirudhnagar@example.net,8779186774,Malda,Maharashtra,India,2023-06-27,Gold,False
4739,Ekaraj,Sandhu,Female,1998-12-04,agastyaoak@example.net,+916368737670,Panchkula,Delhi,India,2023-09-26,Bronze,True
4740,Siya,Sankar,Female,1972-03-24,utkarsh25@example.net,04911556619,Haldia,Gujarat,India,2022-03-12,Bronze,True
4741,Anmol,Bhat,Male,1973-07-27,balveer64@example.net,6714862043,Bulandshahr,Maharashtra,India,2026-05-27,Bronze,True
4742,Kashish,Johal,Male,1989-10-06,faras73@example.com,+916046881575,Guntur,Uttar Pradesh,India,2024-07-06,Platinum,True
4743,Nimrat,Sawhney,Female,1971-05-06,salvirayaan@example.net,3525938355,Thrissur,Tamil Nadu,India,2023-07-05,Bronze,True
4744,Hredhaan,Bora,Female,1996-03-20,nsheth@example.net,9476381824,Bhiwani,Tamil Nadu,India,2024-09-06,Gold,True
4745,Aarush,Atwal,Female,1973-09-21,aayush79@example.net,+912719090926,Faridabad,Gujarat,India,2026-06-08,Silver,False
4746,Dhruv,Sastry,Male,1975-06-06,janaki44@example.com,8864045189,Ranchi,Delhi,India,2023-10-12,Silver,True
4747,Falan,Sachdeva,Male,1989-03-16,mohammed19@example.com,+912997758534,Panihati,West Bengal,India,2026-05-09,Silver,True
4748,Mohini,Viswanathan,Female,2006-06-28,iboase@example.net,06488519696,Thoothukudi,Uttar Pradesh,India,2022-10-16,Bronze,True
4749,Yagnesh,Mane,Male,1979-05-23,falguni76@example.com,1403407231,Mehsana,Tamil Nadu,India,2022-01-02,Silver,True
4750,Yadavi,Bhatnagar,Female,1969-12-22,goelrachana@example.net,0294512101,Indore,Gujarat,India,2025-07-14,Gold,True
4751,Jeet,Savant,Male,1999-12-03,rzachariah@example.org,+914532763500,Patna,Delhi,India,2023-11-18,Gold,True
4752,Urvashi,Krishnan,Female,1972-08-06,rajata34@example.net,2022142901,Kalyan-Dombivli,Tamil Nadu,India,2023-11-30,Gold,True
4753,Aashi,Mishra,Female,2007-08-28,unnati66@example.org,0182140098,Udaipur,Gujarat,India,2022-03-12,Gold,True
4754,Madhavi,Wason,Female,1968-08-11,gaderudra@example.com,+912564364882,Vijayanagaram,Karnataka,India,2026-02-15,Silver,False
4755,Aditya,Viswanathan,Female,1982-11-19,kallachaman@example.org,6241183921,Dewas,Maharashtra,India,2022-07-07,Bronze,True
4756,Bhanumati,Kulkarni,Male,1983-05-27,patilranveer@example.net,+912185863002,Bhagalpur,Uttar Pradesh,India,2025-01-20,Bronze,False
4757,Widisha,Hora,Female,1968-06-20,ekaraj98@example.org,+911907965779,Cuttack,Rajasthan,India,2025-11-01,Platinum,True
4758,Pratyush,Chokshi,Male,1976-08-14,bhavika21@example.net,+916238042276,Miryalaguda,Delhi,India,2025-03-07,Bronze,False
4759,Aishani,Desai,Female,1984-04-14,pallavi95@example.org,+911323041633,Ghaziabad,Maharashtra,India,2023-09-20,Gold,True
4760,Christopher,Atwal,Male,1957-06-08,birshivani@example.org,06158824068,Kirari Suleman Nagar,Maharashtra,India,2025-02-08,Silver,True
4761,Amruta,Bail,Female,1999-05-18,deyashvi@example.net,+914673680025,Pali,Delhi,India,2024-09-30,Silver,False
4762,Harish,Panchal,Male,1979-03-13,jwable@example.com,4519278536,Adoni,Tamil Nadu,India,2021-09-19,Silver,False
4763,Hitesh,Pradhan,Male,2002-08-22,fparmer@example.com,08719638024,Gulbarga,Rajasthan,India,2023-11-30,Bronze,True
4764,Forum,Dhar,Male,1989-02-06,ibains@example.com,+912728465811,Vellore,Gujarat,India,2026-05-24,Bronze,True
4765,Warda,Desai,Male,1958-01-29,doctorpranav@example.org,02946647649,Buxar,Karnataka,India,2023-02-25,Silver,True
4766,Bhavini,Baral,Female,2007-12-31,parth09@example.org,3854652013,Haldia,Uttar Pradesh,India,2022-05-27,Bronze,True
4767,Yashodhara,Kadakia,Female,1971-06-28,contractorgavin@example.net,+913253856910,Bongaigaon,Karnataka,India,2023-01-31,Bronze,False
4768,Janya,Kashyap,Female,2001-08-20,farhan10@example.com,8072934244,Malegaon,Karnataka,India,2024-01-07,Silver,True
4769,Andrew,Bhalla,Female,1997-08-27,ekansh23@example.net,+910297022630,Bulandshahr,Rajasthan,India,2023-12-19,Platinum,True
4770,Unni,Merchant,Male,2003-08-20,ibadal@example.com,01161338740,Navi Mumbai,Maharashtra,India,2026-04-29,Silver,True
4771,Aarini,Bahl,Male,1989-11-04,xchana@example.com,+917260505591,Alwar,Tamil Nadu,India,2024-01-30,Bronze,True
4772,Amruta,Mangat,Female,2006-08-09,urvashi47@example.com,06686611048,Jamalpur,Maharashtra,India,2023-01-06,Silver,False
4773,Vedika,Maharaj,Male,1993-03-13,dalajasem@example.net,01212618386,Ongole,West Bengal,India,2024-11-04,Platinum,False
4774,Mekhala,Gopal,Male,1998-04-07,mohinibala@example.com,07695150141,Meerut,Tamil Nadu,India,2024-08-17,Bronze,True
4775,Ikshita,Mitra,Female,1973-06-18,mahalansh@example.net,3886311050,Aurangabad,Gujarat,India,2023-05-27,Silver,True
4776,Advay,Tata,Female,1969-09-11,prabhumeera@example.org,+912020701580,Tezpur,Maharashtra,India,2025-10-24,Bronze,True
4777,Bimala,Bala,Male,1956-01-05,ssunder@example.com,+919070217642,Morbi,West Bengal,India,2023-05-02,Bronze,True
4778,Bahadurjit,Natt,Male,1956-01-06,lekha59@example.net,+914969983836,Bhopal,Delhi,India,2024-03-23,Bronze,False
4779,Yashvi,De,Male,1992-08-17,mohinibhakta@example.net,+919017718278,Visakhapatnam,West Bengal,India,2025-11-27,Bronze,False
4780,Chakrika,Minhas,Male,1971-03-04,anvigaba@example.org,3624302878,Alappuzha,Tamil Nadu,India,2024-08-24,Silver,False
4781,Yashvi,Bala,Male,1989-09-08,banerjeegaurav@example.org,+914661845789,Tenali,Maharashtra,India,2023-08-12,Gold,True
4782,Chasmum,Mukherjee,Male,1974-09-02,palldominic@example.com,04249669737,Navi Mumbai,Maharashtra,India,2026-03-13,Silver,True
4783,Zansi,Singh,Female,1967-06-08,bsagar@example.net,2607211975,Vasai-Virar,West Bengal,India,2021-09-04,Silver,True
4784,Jairaj,Morar,Female,1986-09-10,daminibala@example.com,6364200091,Machilipatnam,Delhi,India,2024-01-25,Bronze,True
4785,Manthan,Hans,Male,2005-01-03,cbarad@example.net,6980794470,Mehsana,Rajasthan,India,2025-02-28,Bronze,True
4786,Varenya,Narayanan,Male,2005-09-23,ekaja11@example.org,7168952198,Mathura,Maharashtra,India,2023-03-08,Bronze,True
4787,Lajita,Karan,Male,2001-01-23,gayathrinagi@example.net,4786872050,Rajpur Sonarpur,Rajasthan,India,2024-05-11,Platinum,True
4788,Panini,Nori,Male,1973-11-12,yahviborah@example.net,00964342113,Gangtok,Uttar Pradesh,India,2024-05-01,Bronze,False
4789,Karan,Sama,Male,1993-09-06,jaggivivaan@example.net,03624634865,Dhanbad,Delhi,India,2022-08-17,Silver,True
4790,Niharika,Kalla,Female,1986-05-02,wsuri@example.net,8577734379,Berhampur,Tamil Nadu,India,2022-07-15,Bronze,True
4791,Panini,Sidhu,Male,1979-04-25,luckyganguly@example.com,+918399617160,Surendranagar Dudhrej,West Bengal,India,2023-11-07,Silver,False
4792,Kabir,Pandya,Male,1973-11-26,urvinagar@example.org,+911475247258,Malda,West Bengal,India,2025-09-03,Bronze,True
4793,Dalaja,Krishnan,Male,1987-12-09,eiravatigaba@example.net,0058085608,Panihati,Maharashtra,India,2023-11-03,Gold,True
4794,Sanya,Murthy,Female,2008-04-11,manansharaf@example.net,6674637326,Fatehpur,Gujarat,India,2023-11-05,Silver,True
4795,Vasudha,Panchal,Female,1965-05-16,rajeshri23@example.com,3623829823,Gorakhpur,Karnataka,India,2021-10-18,Silver,True
4796,Janaki,Gade,Female,1960-04-28,riakibe@example.net,00217535344,Bidhannagar,Maharashtra,India,2023-11-05,Bronze,True
4797,Baghyawati,Upadhyay,Male,1959-09-24,brijeshmadan@example.com,5727011203,Karimnagar,West Bengal,India,2024-05-01,Bronze,True
4798,Ishani,Murthy,Male,1961-03-02,bawasara@example.com,+914038454379,Bidar,Gujarat,India,2022-02-24,Bronze,True
4799,Ethan,Bhat,Male,1962-08-28,bbobal@example.net,03612462220,Amritsar,Rajasthan,India,2026-05-20,Bronze,False
4800,Harrison,Bora,Male,2001-04-28,zayanbehl@example.com,+919161453950,Saharanpur,Tamil Nadu,India,2023-03-31,Bronze,True
4801,Anvi,Mani,Female,1987-02-28,misraprisha@example.com,+910406317397,Jorhat,Karnataka,India,2023-06-16,Bronze,True
4802,Ekalinga,Brahmbhatt,Female,1984-04-25,nagyshivansh@example.org,00844290701,Satara,Gujarat,India,2022-08-05,Silver,False
4803,Nicholas,Khanna,Female,1992-07-09,mbrahmbhatt@example.com,1466207765,Alwar,Tamil Nadu,India,2026-07-07,Bronze,True
4804,Neelima,Prasad,Male,1980-03-10,arjunbansal@example.net,0979332103,Sonipat,Tamil Nadu,India,2021-10-17,Bronze,True
4805,Mugdha,Garg,Female,1962-11-25,kabir75@example.net,03441990259,Ajmer,Karnataka,India,2023-08-20,Bronze,True
4806,Ekapad,Naik,Female,2008-02-07,qsaxena@example.net,5052942430,Patna,West Bengal,India,2024-08-06,Bronze,False
4807,Urvi,Dyal,Female,1998-04-11,nidra79@example.com,+913876800497,Danapur,Maharashtra,India,2026-05-07,Platinum,True
4808,Rachit,Soni,Female,1976-03-01,neelimazachariah@example.com,7900141274,Nizamabad,Rajasthan,India,2021-11-05,Gold,True
4809,Omya,Barad,Female,1999-09-02,kdas@example.com,08834220152,Vellore,Karnataka,India,2026-03-28,Bronze,True
4810,Leena,Dar,Male,1996-06-26,parsaaashi@example.com,07550964353,Guwahati,Karnataka,India,2025-01-21,Silver,True
4811,Yadavi,Doctor,Female,1967-11-07,dayalgopal@example.net,+914497210205,Ambarnath,Karnataka,India,2023-07-12,Bronze,False
4812,Gaurang,Gaba,Female,1957-02-17,akshaytalwar@example.com,5751733240,Pallavaram,Gujarat,India,2021-11-22,Silver,False
4813,Vamakshi,Magar,Female,1984-10-07,virkaarnav@example.org,04965718669,Pondicherry,Uttar Pradesh,India,2024-05-13,Silver,False
4814,Jai,Dutt,Male,1959-07-18,harshuppal@example.net,+913807695813,Kochi,Delhi,India,2025-05-25,Bronze,True
4815,Janya,Patla,Male,1993-10-08,qsekhon@example.com,03153838190,Panihati,Gujarat,India,2025-11-25,Bronze,True
4816,Gabriel,Thakur,Male,1958-10-14,emajumdar@example.org,06607625591,Shivpuri,Delhi,India,2022-09-20,Bronze,True
4817,Parth,Rai,Male,1988-05-05,utkarshperi@example.com,05427005144,Bathinda,Maharashtra,India,2025-01-09,Bronze,True
4818,Vasudha,Manda,Male,1986-11-21,wkunda@example.org,5126678014,Kota,West Bengal,India,2023-02-01,Bronze,True
4819,Harita,Kala,Female,1986-05-08,gargkritika@example.net,+916834364904,Phusro,Delhi,India,2024-01-03,Bronze,True
4820,Chakradev,Ramaswamy,Male,1963-02-10,bahadurjit58@example.net,+914617437607,Khora ,Rajasthan,India,2021-12-15,Platinum,True
4821,Yashodhara,Ratta,Female,1983-08-06,asur@example.com,01434914942,Vasai-Virar,West Bengal,India,2025-06-17,Bronze,True
4822,Pavani,Pall,Male,1999-03-25,haldergarima@example.net,+919257850921,Tadipatri,Karnataka,India,2023-08-27,Bronze,False
4823,Jalsa,Dayal,Female,1969-10-02,ozaleena@example.com,5442300987,Ramgarh,Gujarat,India,2024-02-28,Bronze,True
4824,Vasudha,Amble,Male,1958-04-10,mukherjeejanaki@example.com,6967460135,Bhilwara,Tamil Nadu,India,2022-01-29,Bronze,True
4825,Adya,Garg,Male,1985-01-26,bahlmahika@example.net,5788572521,Panipat,Uttar Pradesh,India,2023-12-06,Silver,True
4826,Sudiksha,Purohit,Male,2003-12-06,manan01@example.net,00761021767,Srinagar,Rajasthan,India,2025-01-31,Gold,True
4827,Advaith,Bhakta,Male,1972-11-29,jeetgulati@example.com,01912111188,Bhalswa Jahangir Pur,Delhi,India,2022-06-23,Bronze,True
4828,Suhani,Munshi,Male,1974-07-25,leena91@example.org,07522137446,Jabalpur,West Bengal,India,2026-02-17,Bronze,True
4829,Daksh,Bal,Female,1968-06-02,imaranchawla@example.com,+916450385012,Orai,Uttar Pradesh,India,2025-08-24,Bronze,True
4830,Naksh,Dubey,Male,1997-03-03,iryabhatti@example.net,+918167139635,Madurai,Maharashtra,India,2023-10-30,Silver,True
4831,Jeet,Agate,Male,1958-08-17,mohananya@example.org,8256938626,Mango,Gujarat,India,2023-11-29,Bronze,True
4832,Reyansh,Shan,Male,1975-12-03,nitara57@example.com,5532380871,Madurai,Karnataka,India,2025-10-01,Bronze,True
4833,Caleb,Bumb,Male,1998-04-07,jbansal@example.net,01838560494,Ramgarh,Tamil Nadu,India,2022-11-15,Silver,True
4834,Jacob,Chawla,Female,1985-09-14,okothari@example.com,03226425891,Ujjain,Uttar Pradesh,India,2023-07-18,Silver,True
4835,Ekta,Sastry,Female,1962-08-14,cvarghese@example.com,04432503948,Coimbatore,Maharashtra,India,2024-11-10,Silver,True
4836,Megha,Dewan,Female,1961-09-14,upasna17@example.org,00805721270,Ambattur,Karnataka,India,2024-03-04,Gold,False
4837,Ekalinga,Bhagat,Female,1959-02-09,urmiraval@example.com,+916046545482,Begusarai,Gujarat,India,2024-12-12,Bronze,True
4838,Megha,Chauhan,Male,1982-05-29,sachdevaijaya@example.net,5631709516,North Dumdum,Maharashtra,India,2025-11-23,Gold,True
4839,Upma,Mahajan,Male,1966-10-26,prisha84@example.com,+918329717603,Bally,Delhi,India,2022-08-23,Bronze,True
4840,Daniel,Bali,Male,1971-04-22,bhallarehaan@example.net,+914360979374,Ujjain,Uttar Pradesh,India,2023-05-07,Bronze,True
4841,Kamya,Hari,Male,1970-03-24,vshan@example.net,+916505268191,Muzaffarnagar,Rajasthan,India,2026-01-11,Bronze,True
4842,Triveni,Goyal,Female,1996-09-25,jalsa69@example.com,01063445779,Kakinada,Rajasthan,India,2026-07-15,Silver,True
4843,Victor,Dar,Male,1984-02-02,udant77@example.net,03628753459,Bhopal,Maharashtra,India,2021-08-13,Bronze,True
4844,Zashil,Bhat,Male,1963-01-25,dalajagala@example.net,7387169812,Bongaigaon,Karnataka,India,2024-01-29,Bronze,True
4845,Keya,Narayan,Male,1969-07-17,oshetty@example.org,07894054285,Bahraich,Gujarat,India,2022-03-22,Bronze,True
4846,Yashvi,Saraf,Female,1973-12-14,lramesh@example.net,1266394672,Tadepalligudem,Rajasthan,India,2024-01-03,Bronze,True
4847,Harini,Iyengar,Female,1995-02-03,upkaartripathi@example.org,03660779238,Bhubaneswar,Gujarat,India,2023-02-05,Gold,False
4848,Upasna,Natarajan,Female,1971-10-18,dharvanya@example.net,01915707318,Motihari,Tamil Nadu,India,2022-09-23,Silver,True
4849,Abha,Karnik,Male,1991-04-01,bhavinisha@example.net,+910457717662,Nagaon,Tamil Nadu,India,2023-05-08,Bronze,True
4850,Harini,Sahota,Male,1955-12-07,morejoshua@example.org,08199389649,Surat,Karnataka,India,2024-06-07,Silver,True
4851,Tripti,Sane,Male,2001-12-30,iryathakur@example.com,+914191105933,Gopalpur,Delhi,India,2023-02-12,Silver,True
4852,Samuel,Narayanan,Male,1997-08-01,sara52@example.com,+918333913715,Bhiwandi,Tamil Nadu,India,2024-07-23,Platinum,False
4853,Ikbal,Mand,Male,1970-11-23,rpathak@example.com,1364455537,Ajmer,Maharashtra,India,2023-04-05,Silver,True
4854,Ganga,Devi,Female,1989-01-12,balhaargarde@example.org,9708081913,Durg,Gujarat,India,2022-10-06,Silver,True
4855,Devika,Chand,Female,1968-03-04,rajeshri74@example.net,+917285206886,Gangtok,Delhi,India,2023-10-03,Silver,True
4856,Chaman,Sheth,Male,1975-05-23,tandonvasatika@example.org,+918730239627,Naihati,West Bengal,India,2023-01-06,Bronze,True
4857,Pranav,Patla,Female,1980-10-26,yashodabir@example.com,2116611134,Shimla,Uttar Pradesh,India,2021-12-14,Bronze,True
4858,Upma,Swaminathan,Male,1996-04-06,upkaar29@example.net,+915116350075,Berhampur,Tamil Nadu,India,2026-07-06,Silver,True
4859,Sarthak,Kumar,Female,1981-02-13,skant@example.net,05674098984,Tiruchirappalli,Karnataka,India,2025-05-14,Silver,False
4860,Triveni,Kakar,Male,1969-07-09,dalbirshukla@example.com,+918453341526,Bhubaneswar,Tamil Nadu,India,2024-04-08,Silver,True
4861,Aryan,Verma,Female,1964-04-06,lkothari@example.com,02772334937,Panihati,Maharashtra,India,2021-08-28,Bronze,False
4862,Anya,Contractor,Male,1966-09-23,orinder25@example.com,+913985054500,Nangloi Jat,Maharashtra,India,2024-03-20,Bronze,True
4863,Akshay,Ahluwalia,Male,1957-12-25,chaaya34@example.com,0098641683,Dhanbad,Maharashtra,India,2025-04-04,Bronze,False
4864,Meghana,Venkatesh,Male,1957-06-07,keya09@example.com,2131245561,Indore,Maharashtra,India,2025-06-19,Bronze,True
4865,Manbir,Barad,Male,2006-01-03,ojasvi20@example.net,6007772544,Bhavnagar,Uttar Pradesh,India,2022-04-12,Bronze,True
4866,Varenya,Thaker,Male,2000-07-21,nadkarnikrishna@example.net,+917246974451,Sagar,Delhi,India,2025-12-09,Platinum,True
4867,Andrew,Grewal,Female,1957-03-10,kaishetty@example.com,09196352067,Bhind,Karnataka,India,2023-09-14,Bronze,True
4868,Kashish,Chowdhury,Male,1972-01-22,jhalak94@example.com,2724751249,Siliguri,Gujarat,India,2025-07-22,Gold,True
4869,Chavvi,Tiwari,Male,1991-04-06,poojarau@example.org,7668920609,Shimla,Uttar Pradesh,India,2024-12-28,Silver,False
4870,Ati,Dhar,Female,1963-10-13,ichoudhury@example.net,4364713164,Tenali,Delhi,India,2022-04-04,Platinum,True
4871,Mohammed,Padmanabhan,Female,1982-10-29,advikawarrior@example.org,04310594297,Muzaffarnagar,West Bengal,India,2022-06-16,Silver,True
4872,Odika,Uppal,Male,1982-01-02,odube@example.com,8043088349,Barasat,Tamil Nadu,India,2022-06-28,Platinum,False
4873,Wridesh,Taneja,Male,1984-06-23,isaiah17@example.com,+918754622864,Satara,Gujarat,India,2024-03-07,Bronze,True
4874,Mitali,Mannan,Male,1994-09-10,vchaudhry@example.com,0517341493,Warangal,Karnataka,India,2023-03-24,Bronze,True
4875,Bhavini,Desai,Female,1958-09-16,max38@example.com,+914728151820,Gandhidham,Uttar Pradesh,India,2022-04-26,Silver,True
4876,Kai,Sathe,Female,1999-12-25,kevinbandi@example.org,04415810697,Serampore,Uttar Pradesh,India,2024-03-25,Gold,True
4877,Yachana,Salvi,Male,1988-06-11,mbanerjee@example.net,2823833423,Bhind,Rajasthan,India,2021-09-19,Silver,False
4878,Divya,Seth,Male,1961-02-12,diptachaudhari@example.com,+918471582918,Gurgaon,Uttar Pradesh,India,2023-04-07,Platinum,True
4879,Yatin,Deshmukh,Male,1975-12-14,brinda44@example.net,6740244379,Ambattur,Rajasthan,India,2022-08-27,Silver,True
4880,Wazir,Oza,Female,2006-09-10,ojasbera@example.net,+912815642804,Firozabad,Tamil Nadu,India,2022-07-20,Bronze,True
4881,Brijesh,Shankar,Female,1977-11-26,wablejeet@example.org,3158663403,Jalgaon,West Bengal,India,2024-12-06,Silver,False
4882,Hardik,Ramaswamy,Female,1963-01-28,yutikabrahmbhatt@example.com,09259783313,Tiruvottiyur,West Bengal,India,2024-01-16,Platinum,True
4883,Yutika,Bakshi,Female,1973-01-17,cbhardwaj@example.org,07028364153,Kumbakonam,Karnataka,India,2024-12-01,Platinum,False
4884,Garima,Chakrabarti,Female,1964-04-21,chandranmeghana@example.org,+912330714649,Orai,Uttar Pradesh,India,2026-04-29,Silver,True
4885,Kiaan,Khurana,Female,1995-11-26,shuklabhavini@example.net,+913495156032,Shimoga,Uttar Pradesh,India,2025-02-17,Bronze,True
4886,Yauvani,Patel,Male,1975-03-12,brindamukherjee@example.org,04774823702,Chinsurah,Maharashtra,India,2022-07-26,Silver,True
4887,Chasmum,Bala,Male,1990-04-25,brijeshsankaran@example.com,0096029093,Hindupur,Maharashtra,India,2025-07-23,Bronze,True
4888,Abhimanyu,Nadig,Female,1963-12-26,pooja12@example.org,03874280807,Jaunpur,Uttar Pradesh,India,2023-01-18,Platinum,True
4889,Tanay,Dayal,Male,1977-07-08,kmammen@example.com,+911108502744,Rampur,Delhi,India,2023-09-13,Bronze,True
4890,Krisha,Kumar,Male,2007-06-13,yashchhabra@example.com,04835740542,Faridabad,Gujarat,India,2023-10-22,Bronze,False
4891,Aadi,Wable,Female,1966-10-07,radha23@example.org,02180443524,Medininagar,Tamil Nadu,India,2024-12-02,Gold,True
4892,Warda,Tailor,Male,2006-08-22,qasimzachariah@example.com,5111593381,Katihar,Rajasthan,India,2026-04-03,Silver,False
4893,Jeevika,Palan,Female,1962-12-19,katahemang@example.net,+917434995089,Erode,Rajasthan,India,2024-09-25,Bronze,True
4894,Anay,Ben,Male,2006-07-04,sanerishi@example.org,03458945394,Varanasi,Maharashtra,India,2025-07-14,Platinum,True
4895,Advaith,Pillay,Female,2008-05-03,nathaniel71@example.org,05681001991,Jamnagar,Karnataka,India,2023-05-08,Silver,True
4896,Bachittar,Peri,Female,1984-05-21,maanav28@example.com,+911605014027,Imphal,Delhi,India,2024-07-04,Silver,True
4897,Yashica,Sankar,Male,1959-09-01,vdhar@example.org,5073255803,Maheshtala,Uttar Pradesh,India,2024-04-30,Bronze,False
4898,Rudra,Ramanathan,Male,1959-11-24,laban69@example.org,5400631146,Buxar,Gujarat,India,2024-01-22,Bronze,True
4899,Jack,Oak,Male,1966-02-20,devansh45@example.com,07224717515,Agartala,Karnataka,India,2022-01-07,Silver,True
4900,Ekavir,Kaul,Female,1995-04-10,rajamanbir@example.com,+919095769265,Kharagpur,Maharashtra,India,2021-10-19,Platinum,False
4901,Ranveer,Tailor,Female,1997-12-19,kkar@example.net,+919990013000,Darbhanga,Maharashtra,India,2023-05-10,Bronze,True
4902,Arjun,Sathe,Male,1997-06-14,umani@example.org,3025464485,Indore,Maharashtra,India,2024-03-23,Bronze,True
4903,Zayan,Dave,Female,2003-04-29,jeevika01@example.net,5984089818,Imphal,Gujarat,India,2025-06-27,Bronze,True
4904,Dakshesh,Doshi,Male,2003-02-13,rauvrinda@example.com,0477035502,Pondicherry,Tamil Nadu,India,2024-02-23,Bronze,True
4905,Ryan,Thaker,Male,1982-01-14,kthakur@example.org,+912072062905,Nandyal,West Bengal,India,2021-11-18,Bronze,False
4906,Falguni,Nanda,Male,2008-01-27,aachal82@example.com,+911665940502,Buxar,Delhi,India,2026-01-22,Bronze,True
4907,Hemang,Bandi,Female,1963-02-04,binaraju@example.com,04069793792,Darbhanga,Maharashtra,India,2022-02-12,Platinum,True
4908,Ishaan,Barman,Male,2003-05-29,chawlachandran@example.com,1737291975,Jehanabad,Maharashtra,India,2021-11-28,Platinum,True
4909,Maanav,Raghavan,Male,1959-02-15,duttavasatika@example.com,01726826991,Machilipatnam,Uttar Pradesh,India,2022-10-24,Silver,True
4910,Zaitra,Sampath,Male,1971-10-26,psaran@example.com,9204363804,Kanpur,Karnataka,India,2021-11-19,Gold,True
4911,Utkarsh,Halder,Male,1968-10-30,brahmbhattjagat@example.com,+918273070700,Davanagere,Delhi,India,2024-10-30,Bronze,False
4912,Rachit,Nayak,Male,1998-11-22,jhaisaac@example.org,00952592368,Visakhapatnam,Delhi,India,2023-03-18,Bronze,False
4913,Vansha,Kalla,Male,1972-12-02,ucchal29@example.net,07373386292,Guwahati,Uttar Pradesh,India,2022-04-24,Silver,False
4914,Yoshita,Basu,Male,1955-09-22,karpealka@example.org,+917187803052,Muzaffarpur,Karnataka,India,2025-04-29,Gold,False
4915,Maanas,Rama,Male,1964-06-23,jaichhabra@example.org,9417652178,Bangalore,Rajasthan,India,2025-01-05,Silver,True
4916,Brijesh,Konda,Female,1971-02-02,isaiah97@example.net,+918095286770,Thanjavur,Karnataka,India,2021-12-11,Silver,True
4917,Yatan,Ravel,Female,1980-08-03,chakrikasabharwal@example.com,03692818793,Morbi,Rajasthan,India,2024-10-06,Gold,True
4918,Anita,Varkey,Male,1965-05-02,natarajanvamakshi@example.com,+919571508351,Kalyan-Dombivli,Karnataka,India,2023-05-20,Bronze,False
4919,Manbir,Kuruvilla,Female,1963-04-25,odikamunshi@example.org,+913481876825,Ujjain,Delhi,India,2021-11-24,Bronze,True
4920,Vrishti,Johal,Male,1986-01-28,jatinmohan@example.net,05077237378,Vellore,Maharashtra,India,2024-06-23,Bronze,True
4921,Utkarsh,Sankaran,Female,1956-10-22,samuelchandra@example.net,+918890307097,Kozhikode,Maharashtra,India,2021-08-17,Bronze,False
4922,Aarush,Desai,Male,2006-06-17,zkorpal@example.com,8950035544,Khammam,Delhi,India,2022-10-12,Bronze,False
4923,Ranbir,Mody,Male,2005-01-01,kabir79@example.net,7533534410,Tumkur,West Bengal,India,2023-11-13,Bronze,True
4924,Aayush,Chhabra,Female,1995-04-14,anamika85@example.net,00005982054,Panipat,Tamil Nadu,India,2023-12-18,Bronze,True
4925,Yuvraj,Naik,Female,1990-05-10,chauhanishaan@example.net,+917738784843,Kota,Gujarat,India,2021-12-21,Bronze,True
4926,Ubika,Chaudhuri,Male,1997-05-18,sidhukabir@example.com,2564127918,Davanagere,Uttar Pradesh,India,2023-10-18,Bronze,True
4927,Vasana,Chokshi,Male,2001-03-12,ucchaldada@example.net,00291975823,Ramgarh,Uttar Pradesh,India,2024-01-07,Gold,True
4928,Ronith,Badal,Male,1976-01-27,obhargava@example.org,9529975946,Srikakulam,Tamil Nadu,India,2026-04-06,Silver,True
4929,Jeevika,Kothari,Female,1961-08-25,urmiaggarwal@example.org,09171157354,Mumbai,Rajasthan,India,2022-07-08,Bronze,True
4930,Lucky,Mannan,Male,1971-03-06,krishnavedhika@example.net,7977631671,Jaipur,Tamil Nadu,India,2024-10-10,Silver,True
4931,Chatresh,Bhatti,Male,1955-08-29,janicharan@example.net,+916691204468,Gurgaon,Tamil Nadu,India,2024-01-07,Bronze,False
4932,Anirudh,Ramaswamy,Male,1960-12-10,daliasanya@example.com,7222044866,Mangalore,Tamil Nadu,India,2024-01-03,Platinum,True
4933,Zansi,Trivedi,Female,1974-06-11,ladpranit@example.com,3226364275,Ghaziabad,Maharashtra,India,2025-03-06,Silver,False
4934,Madhav,Kibe,Female,1978-05-20,eesha11@example.com,6429181456,Alwar,Rajasthan,India,2026-05-12,Gold,True
4935,Eta,Jha,Female,1968-08-08,okota@example.net,2041925928,Morbi,Uttar Pradesh,India,2021-11-08,Bronze,False
4936,Parth,Dubey,Female,2008-01-02,biswasshivansh@example.com,9175750444,Jabalpur,Karnataka,India,2025-08-10,Bronze,True
4937,Manbir,Chowdhury,Male,2006-07-12,yatinnarayan@example.org,3116202857,Sasaram,Rajasthan,India,2025-08-02,Silver,True
4938,Lakshit,Mani,Male,1974-01-31,viswanathanqarin@example.org,8667441303,Kalyan-Dombivli,Rajasthan,India,2026-05-26,Bronze,True
4939,Ayushman,Bahl,Female,1957-06-16,cmital@example.com,03334920984,Baranagar,Gujarat,India,2025-10-20,Gold,False
4940,Sanya,Shroff,Male,2002-12-14,oakati@example.org,+911814818888,Jalandhar,Maharashtra,India,2025-07-14,Bronze,True
4941,Yashodhara,Konda,Male,1976-11-17,sagarlaksh@example.org,+916154532293,Gwalior,Delhi,India,2022-05-27,Bronze,True
4942,Hemal,Dewan,Male,1982-07-24,girindra51@example.net,02920639483,Silchar,Gujarat,India,2026-07-21,Gold,True
4943,Lekha,Lal,Male,1964-02-10,ojasdin@example.com,+915738627408,Bikaner,Tamil Nadu,India,2026-06-03,Bronze,True
4944,Gautam,Khanna,Male,1959-02-26,ranbir32@example.net,7736054528,Jamalpur,Delhi,India,2021-09-11,Bronze,True
4945,Hamsini,Srinivasan,Male,1996-12-31,sthaman@example.net,+914103714121,Madanapalle,West Bengal,India,2024-08-10,Silver,True
4946,Sara,Vasa,Male,2006-11-06,aarini56@example.net,06852244151,Siwan,Rajasthan,India,2025-04-30,Gold,True
4947,Kashvi,Raju,Male,1983-08-01,nihal96@example.net,03906047507,Akola,Karnataka,India,2025-09-14,Bronze,True
4948,Wakeeta,Bajaj,Female,1963-11-30,chandani03@example.com,03885197505,Siwan,Uttar Pradesh,India,2024-05-31,Silver,False
4949,Manthan,Buch,Female,1989-03-20,bhavna93@example.net,+911034093616,Davanagere,West Bengal,India,2023-11-28,Silver,True
4950,Shaurya,Pillay,Male,1999-05-24,lohit85@example.org,6538823645,Amritsar,Rajasthan,India,2025-05-21,Bronze,True
4951,Udyati,Naik,Male,1982-04-13,akshay30@example.net,04309662720,Rohtak,Maharashtra,India,2024-05-04,Bronze,True
4952,Chandresh,Sheth,Female,1956-04-05,boseharsh@example.com,03526593804,Orai,Uttar Pradesh,India,2025-11-18,Bronze,True
4953,Rushil,Dhingra,Female,1964-09-04,gagan46@example.com,+910689628571,Ozhukarai,West Bengal,India,2026-06-19,Gold,True
4954,Jagvi,Dhar,Female,1963-01-11,onveerchana@example.com,+916270297358,Bhiwandi,Uttar Pradesh,India,2021-08-09,Bronze,True
4955,Rishi,Mital,Female,1991-02-26,baljiwan72@example.com,+911622821238,Imphal,Karnataka,India,2022-04-05,Bronze,True
4956,Chandran,Palla,Female,1999-09-23,tailorparth@example.org,+917957332486,Jhansi,Uttar Pradesh,India,2021-08-01,Bronze,True
4957,Tarak,Agrawal,Male,1966-02-22,manexiti@example.net,6690574485,Bokaro,Delhi,India,2025-03-08,Silver,False
4958,Chanakya,Bakshi,Male,2004-03-19,thakervritti@example.net,1713285593,Bokaro,Rajasthan,India,2024-06-18,Bronze,True
4959,Yamini,Bhat,Female,2002-04-02,kaleom@example.net,02464858335,Erode,Maharashtra,India,2024-10-02,Silver,False
4960,Odika,Tandon,Male,1978-11-06,mrege@example.net,07442721555,Gangtok,Delhi,India,2024-03-18,Silver,True
4961,Shivani,Mital,Male,1989-08-10,owenmaharaj@example.org,7935283685,Ambala,Gujarat,India,2024-04-14,Silver,False
4962,Pratyush,Nagy,Female,1964-09-16,prashadshivani@example.net,4752963171,Guntur,Gujarat,India,2021-09-24,Bronze,False
4963,Andrew,Lala,Female,1975-02-01,chakrika42@example.net,01611763830,Bellary,Tamil Nadu,India,2022-06-27,Bronze,True
4964,Guneet,Banerjee,Female,1990-09-27,vyanjanasandal@example.org,+916199127902,Davanagere,Karnataka,India,2024-02-20,Bronze,True
4965,Mitali,Mahal,Male,1972-10-10,lsangha@example.net,8953184170,Ghaziabad,Uttar Pradesh,India,2026-04-05,Bronze,False
4966,Hitesh,Dey,Female,1979-09-24,misrachampak@example.net,00117941376,Mirzapur,Uttar Pradesh,India,2021-08-15,Silver,True
4967,Harini,Som,Female,1985-01-13,bahadurjitmenon@example.org,+911996247738,Ajmer,Maharashtra,India,2024-09-18,Bronze,False
4968,Benjamin,Dyal,Female,1994-04-21,nayakjacob@example.org,+914604848612,Tadipatri,Gujarat,India,2026-05-02,Platinum,True
4969,Ekapad,Sagar,Male,1972-06-11,harrisonbhalla@example.org,08017979547,Faridabad,Uttar Pradesh,India,2025-11-25,Bronze,True
4970,Zinal,Taneja,Female,1962-10-11,lakshmidua@example.net,07058133730,Jamshedpur,Rajasthan,India,2022-05-07,Silver,True
4971,Frederick,Mannan,Female,1976-05-04,sarinaachal@example.net,6804886696,Bokaro,Maharashtra,India,2025-05-14,Bronze,True
4972,Anita,Cheema,Female,1988-02-15,rkala@example.org,0864330869,Bhavnagar,Gujarat,India,2022-03-09,Silver,False
4973,Warjas,Narula,Female,1974-11-12,ramanbhavani@example.com,2474849938,Udaipur,Tamil Nadu,India,2024-12-23,Gold,True
4974,Gaurika,Mane,Female,1983-08-05,chatterjeeaayush@example.com,6160435959,Pune,Maharashtra,India,2022-08-30,Bronze,False
4975,Azad,Tank,Female,1967-05-05,kamala06@example.org,+912882217853,Gopalpur,Tamil Nadu,India,2024-11-11,Bronze,False
4976,Chavvi,Bakshi,Male,2002-03-27,keya01@example.com,01767238995,Jabalpur,Tamil Nadu,India,2026-05-03,Bronze,True
4977,Jagvi,Sarin,Male,1983-01-31,balendra31@example.org,+910197367020,Solapur,Rajasthan,India,2024-04-20,Bronze,False
4978,Tanish,Thakkar,Female,1966-05-20,ljha@example.org,6896229221,Ballia,West Bengal,India,2024-01-23,Silver,True
4979,Vasana,Garg,Male,2006-05-16,udyatimodi@example.org,+916530486881,Patiala,Delhi,India,2022-06-25,Gold,False
4980,Waida,Mangal,Female,1960-12-27,amrutakale@example.org,02579269754,Sultan Pur Majra,Maharashtra,India,2025-08-02,Bronze,True
4981,Pranav,Ray,Female,1998-03-26,kashish90@example.net,1646582005,Kavali,West Bengal,India,2021-10-30,Silver,True
4982,Matthew,Panchal,Male,2001-08-15,rdhawan@example.net,00517475262,Tenali,Maharashtra,India,2022-09-15,Silver,True
4983,Leela,Varghese,Male,1976-01-22,wsen@example.com,4740150044,Patna,Gujarat,India,2024-07-05,Bronze,True
4984,Falguni,Dalal,Male,1993-11-16,daksheshlala@example.com,+914054711352,Bhiwani,Uttar Pradesh,India,2025-09-21,Bronze,False
4985,Xalak,Anand,Male,1999-12-12,amrutabal@example.org,00518751992,Ozhukarai,Rajasthan,India,2022-02-13,Silver,False
4986,Suhani,Grover,Female,1964-09-02,mdoctor@example.org,07919601701,Shahjahanpur,Gujarat,India,2023-06-29,Silver,True
4987,Bakhshi,Kari,Male,1981-07-16,savantojas@example.org,+919865178006,Kamarhati,Rajasthan,India,2022-07-09,Bronze,True
4988,Chaitanya,Kulkarni,Female,1964-06-19,balioliver@example.net,01333932463,Bhimavaram,Uttar Pradesh,India,2022-05-21,Bronze,True
4989,Vedhika,Batta,Female,1996-07-30,davewridesh@example.com,+915274867013,Bhimavaram,Gujarat,India,2023-08-06,Bronze,True
4990,Nakul,Sehgal,Male,2003-06-25,udant08@example.com,+910293115416,Bhatpara,Delhi,India,2023-03-12,Gold,True
4991,Radha,Gulati,Male,1967-11-29,chowdhurynilima@example.com,+914433102089,Berhampore,Tamil Nadu,India,2026-06-06,Bronze,False
4992,Charles,Sarma,Male,1959-02-02,bgaba@example.org,05549585433,Dehri,Uttar Pradesh,India,2025-12-28,Silver,True
4993,Vanya,Chowdhury,Male,1984-05-30,ftella@example.com,8897593131,Hubli–Dharwad,Tamil Nadu,India,2022-02-22,Bronze,True
4994,Amrita,Prabhakar,Female,1982-10-23,wakeeta54@example.net,+912015796018,Bihar Sharif,Karnataka,India,2024-08-23,Bronze,True
4995,Ikbal,Sarna,Female,1991-08-13,ria33@example.net,+916804722413,Farrukhabad,Rajasthan,India,2024-11-08,Silver,False
4996,Bhavani,Kunda,Female,2007-07-04,meera90@example.net,+915858832190,Faridabad,Karnataka,India,2024-07-18,Platinum,True
4997,Vivaan,Tiwari,Female,1959-09-27,sachikapoor@example.org,8777488049,Shahjahanpur,Tamil Nadu,India,2022-01-23,Bronze,True
4998,Yadavi,Chowdhury,Male,1964-07-18,ishaninayar@example.net,8248629884,Saharanpur,Rajasthan,India,2025-03-26,Bronze,True
4999,Chatresh,Aggarwal,Female,1992-12-30,zkakar@example.org,+916427352299,Thoothukudi,Delhi,India,2023-08-28,Bronze,True
5000,Devansh,Parmar,Male,2005-05-12,sarnawilliam@example.net,08107683677,Muzaffarpur,West Bengal,India,2024-04-22,Platinum,True
