DateID,Date,DayOfWeek,Month,Quarter,Year,IsWeekend
20200101,2020-01-01,Wednesday,January,1,2020,False
20200102,2020-01-02,Thursday,January,1,2020,False
20200103,2020-01-03,Friday,January,1,2020,False
20200104,2020-01-04,Saturday,January,1,2020,True
20200105,2020-01-05,Sunday,January,1,2020,True
20200106,2020-01-06,Monday,January,1,2020,False
20200107,2020-01-07,Tuesday,January,1,2020,False
20200108,2020-01-08,Wednesday,January,1,2020,False
20200109,2020-01-09,Thursday,January,1,2020,False
20200110,2020-01-10,Friday,January,1,2020,False
20200111,2020-01-11,Saturday,January,1,2020,True
20200112,2020-01-12,Sunday,January,1,2020,True
20200113,2020-01-13,Monday,January,1,2020,False
20200114,2020-01-14,Tuesday,January,1,2020,False
20200115,2020-01-15,Wednesday,January,1,2020,False
20200116,2020-01-16,Thursday,January,1,2020,False
20200117,2020-01-17,Friday,January,1,2020,False
20200118,2020-01-18,Saturday,January,1,2020,True
20200119,2020-01-19,Sunday,January,1,2020,True
20200120,2020-01-20,Monday,January,1,2020,False
20200121,2020-01-21,Tuesday,January,1,2020,False
20200122,2020-01-22,Wednesday,January,1,2020,False
20200123,2020-01-23,Thursday,January,1,2020,False
20200124,2020-01-24,Friday,January,1,2020,False
20200125,2020-01-25,Saturday,January,1,2020,True
20200126,2020-01-26,Sunday,January,1,2020,True
20200127,2020-01-27,Monday,January,1,2020,False
20200128,2020-01-28,Tuesday,January,1,2020,False
20200129,2020-01-29,Wednesday,January,1,2020,False
20200130,2020-01-30,Thursday,January,1,2020,False
20200131,2020-01-31,Friday,January,1,2020,False
20200201,2020-02-01,Saturday,February,1,2020,True
20200202,2020-02-02,Sunday,February,1,2020,True
20200203,2020-02-03,Monday,February,1,2020,False
20200204,2020-02-04,Tuesday,February,1,2020,False
20200205,2020-02-05,Wednesday,February,1,2020,False
20200206,2020-02-06,Thursday,February,1,2020,False
20200207,2020-02-07,Friday,February,1,2020,False
20200208,2020-02-08,Saturday,February,1,2020,True
20200209,2020-02-09,Sunday,February,1,2020,True
20200210,2020-02-10,Monday,February,1,2020,False
20200211,2020-02-11,Tuesday,February,1,2020,False
20200212,2020-02-12,Wednesday,February,1,2020,False
20200213,2020-02-13,Thursday,February,1,2020,False
20200214,2020-02-14,Friday,February,1,2020,False
20200215,2020-02-15,Saturday,February,1,2020,True
20200216,2020-02-16,Sunday,February,1,2020,True
20200217,2020-02-17,Monday,February,1,2020,False
20200218,2020-02-18,Tuesday,February,1,2020,False
20200219,2020-02-19,Wednesday,February,1,2020,False
20200220,2020-02-20,Thursday,February,1,2020,False
20200221,2020-02-21,Friday,February,1,2020,False
20200222,2020-02-22,Saturday,February,1,2020,True
20200223,2020-02-23,Sunday,February,1,2020,True
20200224,2020-02-24,Monday,February,1,2020,False
20200225,2020-02-25,Tuesday,February,1,2020,False
20200226,2020-02-26,Wednesday,February,1,2020,False
20200227,2020-02-27,Thursday,February,1,2020,False
20200228,2020-02-28,Friday,February,1,2020,False
20200229,2020-02-29,Saturday,February,1,2020,True
20200301,2020-03-01,Sunday,March,1,2020,True
20200302,2020-03-02,Monday,March,1,2020,False
20200303,2020-03-03,Tuesday,March,1,2020,False
20200304,2020-03-04,Wednesday,March,1,2020,False
20200305,2020-03-05,Thursday,March,1,2020,False
20200306,2020-03-06,Friday,March,1,2020,False
20200307,2020-03-07,Saturday,March,1,2020,True
20200308,2020-03-08,Sunday,March,1,2020,True
20200309,2020-03-09,Monday,March,1,2020,False
20200310,2020-03-10,Tuesday,March,1,2020,False
20200311,2020-03-11,Wednesday,March,1,2020,False
20200312,2020-03-12,Thursday,March,1,2020,False
20200313,2020-03-13,Friday,March,1,2020,False
20200314,2020-03-14,Saturday,March,1,2020,True
20200315,2020-03-15,Sunday,March,1,2020,True
20200316,2020-03-16,Monday,March,1,2020,False
20200317,2020-03-17,Tuesday,March,1,2020,False
20200318,2020-03-18,Wednesday,March,1,2020,False
20200319,2020-03-19,Thursday,March,1,2020,False
20200320,2020-03-20,Friday,March,1,2020,False
20200321,2020-03-21,Saturday,March,1,2020,True
20200322,2020-03-22,Sunday,March,1,2020,True
20200323,2020-03-23,Monday,March,1,2020,False
20200324,2020-03-24,Tuesday,March,1,2020,False
20200325,2020-03-25,Wednesday,March,1,2020,False
20200326,2020-03-26,Thursday,March,1,2020,False
20200327,2020-03-27,Friday,March,1,2020,False
20200328,2020-03-28,Saturday,March,1,2020,True
20200329,2020-03-29,Sunday,March,1,2020,True
20200330,2020-03-30,Monday,March,1,2020,False
20200331,2020-03-31,Tuesday,March,1,2020,False
20200401,2020-04-01,Wednesday,April,2,2020,False
20200402,2020-04-02,Thursday,April,2,2020,False
20200403,2020-04-03,Friday,April,2,2020,False
20200404,2020-04-04,Saturday,April,2,2020,True
20200405,2020-04-05,Sunday,April,2,2020,True
20200406,2020-04-06,Monday,April,2,2020,False
20200407,2020-04-07,Tuesday,April,2,2020,False
20200408,2020-04-08,Wednesday,April,2,2020,False
20200409,2020-04-09,Thursday,April,2,2020,False
20200410,2020-04-10,Friday,April,2,2020,False
20200411,2020-04-11,Saturday,April,2,2020,True
20200412,2020-04-12,Sunday,April,2,2020,True
20200413,2020-04-13,Monday,April,2,2020,False
20200414,2020-04-14,Tuesday,April,2,2020,False
20200415,2020-04-15,Wednesday,April,2,2020,False
20200416,2020-04-16,Thursday,April,2,2020,False
20200417,2020-04-17,Friday,April,2,2020,False
20200418,2020-04-18,Saturday,April,2,2020,True
20200419,2020-04-19,Sunday,April,2,2020,True
20200420,2020-04-20,Monday,April,2,2020,False
20200421,2020-04-21,Tuesday,April,2,2020,False
20200422,2020-04-22,Wednesday,April,2,2020,False
20200423,2020-04-23,Thursday,April,2,2020,False
20200424,2020-04-24,Friday,April,2,2020,False
20200425,2020-04-25,Saturday,April,2,2020,True
20200426,2020-04-26,Sunday,April,2,2020,True
20200427,2020-04-27,Monday,April,2,2020,False
20200428,2020-04-28,Tuesday,April,2,2020,False
20200429,2020-04-29,Wednesday,April,2,2020,False
20200430,2020-04-30,Thursday,April,2,2020,False
20200501,2020-05-01,Friday,May,2,2020,False
20200502,2020-05-02,Saturday,May,2,2020,True
20200503,2020-05-03,Sunday,May,2,2020,True
20200504,2020-05-04,Monday,May,2,2020,False
20200505,2020-05-05,Tuesday,May,2,2020,False
20200506,2020-05-06,Wednesday,May,2,2020,False
20200507,2020-05-07,Thursday,May,2,2020,False
20200508,2020-05-08,Friday,May,2,2020,False
20200509,2020-05-09,Saturday,May,2,2020,True
20200510,2020-05-10,Sunday,May,2,2020,True
20200511,2020-05-11,Monday,May,2,2020,False
20200512,2020-05-12,Tuesday,May,2,2020,False
20200513,2020-05-13,Wednesday,May,2,2020,False
20200514,2020-05-14,Thursday,May,2,2020,False
20200515,2020-05-15,Friday,May,2,2020,False
20200516,2020-05-16,Saturday,May,2,2020,True
20200517,2020-05-17,Sunday,May,2,2020,True
20200518,2020-05-18,Monday,May,2,2020,False
20200519,2020-05-19,Tuesday,May,2,2020,False
20200520,2020-05-20,Wednesday,May,2,2020,False
20200521,2020-05-21,Thursday,May,2,2020,False
20200522,2020-05-22,Friday,May,2,2020,False
20200523,2020-05-23,Saturday,May,2,2020,True
20200524,2020-05-24,Sunday,May,2,2020,True
20200525,2020-05-25,Monday,May,2,2020,False
20200526,2020-05-26,Tuesday,May,2,2020,False
20200527,2020-05-27,Wednesday,May,2,2020,False
20200528,2020-05-28,Thursday,May,2,2020,False
20200529,2020-05-29,Friday,May,2,2020,False
20200530,2020-05-30,Saturday,May,2,2020,True
20200531,2020-05-31,Sunday,May,2,2020,True
20200601,2020-06-01,Monday,June,2,2020,False
20200602,2020-06-02,Tuesday,June,2,2020,False
20200603,2020-06-03,Wednesday,June,2,2020,False
20200604,2020-06-04,Thursday,June,2,2020,False
20200605,2020-06-05,Friday,June,2,2020,False
20200606,2020-06-06,Saturday,June,2,2020,True
20200607,2020-06-07,Sunday,June,2,2020,True
20200608,2020-06-08,Monday,June,2,2020,False
20200609,2020-06-09,Tuesday,June,2,2020,False
20200610,2020-06-10,Wednesday,June,2,2020,False
20200611,2020-06-11,Thursday,June,2,2020,False
20200612,2020-06-12,Friday,June,2,2020,False
20200613,2020-06-13,Saturday,June,2,2020,True
20200614,2020-06-14,Sunday,June,2,2020,True
20200615,2020-06-15,Monday,June,2,2020,False
20200616,2020-06-16,Tuesday,June,2,2020,False
20200617,2020-06-17,Wednesday,June,2,2020,False
20200618,2020-06-18,Thursday,June,2,2020,False
20200619,2020-06-19,Friday,June,2,2020,False
20200620,2020-06-20,Saturday,June,2,2020,True
20200621,2020-06-21,Sunday,June,2,2020,True
20200622,2020-06-22,Monday,June,2,2020,False
20200623,2020-06-23,Tuesday,June,2,2020,False
20200624,2020-06-24,Wednesday,June,2,2020,False
20200625,2020-06-25,Thursday,June,2,2020,False
20200626,2020-06-26,Friday,June,2,2020,False
20200627,2020-06-27,Saturday,June,2,2020,True
20200628,2020-06-28,Sunday,June,2,2020,True
20200629,2020-06-29,Monday,June,2,2020,False
20200630,2020-06-30,Tuesday,June,2,2020,False
20200701,2020-07-01,Wednesday,July,3,2020,False
20200702,2020-07-02,Thursday,July,3,2020,False
20200703,2020-07-03,Friday,July,3,2020,False
20200704,2020-07-04,Saturday,July,3,2020,True
20200705,2020-07-05,Sunday,July,3,2020,True
20200706,2020-07-06,Monday,July,3,2020,False
20200707,2020-07-07,Tuesday,July,3,2020,False
20200708,2020-07-08,Wednesday,July,3,2020,False
20200709,2020-07-09,Thursday,July,3,2020,False
20200710,2020-07-10,Friday,July,3,2020,False
20200711,2020-07-11,Saturday,July,3,2020,True
20200712,2020-07-12,Sunday,July,3,2020,True
20200713,2020-07-13,Monday,July,3,2020,False
20200714,2020-07-14,Tuesday,July,3,2020,False
20200715,2020-07-15,Wednesday,July,3,2020,False
20200716,2020-07-16,Thursday,July,3,2020,False
20200717,2020-07-17,Friday,July,3,2020,False
20200718,2020-07-18,Saturday,July,3,2020,True
20200719,2020-07-19,Sunday,July,3,2020,True
20200720,2020-07-20,Monday,July,3,2020,False
20200721,2020-07-21,Tuesday,July,3,2020,False
20200722,2020-07-22,Wednesday,July,3,2020,False
20200723,2020-07-23,Thursday,July,3,2020,False
20200724,2020-07-24,Friday,July,3,2020,False
20200725,2020-07-25,Saturday,July,3,2020,True
20200726,2020-07-26,Sunday,July,3,2020,True
20200727,2020-07-27,Monday,July,3,2020,False
20200728,2020-07-28,Tuesday,July,3,2020,False
20200729,2020-07-29,Wednesday,July,3,2020,False
20200730,2020-07-30,Thursday,July,3,2020,False
20200731,2020-07-31,Friday,July,3,2020,False
20200801,2020-08-01,Saturday,August,3,2020,True
20200802,2020-08-02,Sunday,August,3,2020,True
20200803,2020-08-03,Monday,August,3,2020,False
20200804,2020-08-04,Tuesday,August,3,2020,False
20200805,2020-08-05,Wednesday,August,3,2020,False
20200806,2020-08-06,Thursday,August,3,2020,False
20200807,2020-08-07,Friday,August,3,2020,False
20200808,2020-08-08,Saturday,August,3,2020,True
20200809,2020-08-09,Sunday,August,3,2020,True
20200810,2020-08-10,Monday,August,3,2020,False
20200811,2020-08-11,Tuesday,August,3,2020,False
20200812,2020-08-12,Wednesday,August,3,2020,False
20200813,2020-08-13,Thursday,August,3,2020,False
20200814,2020-08-14,Friday,August,3,2020,False
20200815,2020-08-15,Saturday,August,3,2020,True
20200816,2020-08-16,Sunday,August,3,2020,True
20200817,2020-08-17,Monday,August,3,2020,False
20200818,2020-08-18,Tuesday,August,3,2020,False
20200819,2020-08-19,Wednesday,August,3,2020,False
20200820,2020-08-20,Thursday,August,3,2020,False
20200821,2020-08-21,Friday,August,3,2020,False
20200822,2020-08-22,Saturday,August,3,2020,True
20200823,2020-08-23,Sunday,August,3,2020,True
20200824,2020-08-24,Monday,August,3,2020,False
20200825,2020-08-25,Tuesday,August,3,2020,False
20200826,2020-08-26,Wednesday,August,3,2020,False
20200827,2020-08-27,Thursday,August,3,2020,False
20200828,2020-08-28,Friday,August,3,2020,False
20200829,2020-08-29,Saturday,August,3,2020,True
20200830,2020-08-30,Sunday,August,3,2020,True
20200831,2020-08-31,Monday,August,3,2020,False
20200901,2020-09-01,Tuesday,September,3,2020,False
20200902,2020-09-02,Wednesday,September,3,2020,False
20200903,2020-09-03,Thursday,September,3,2020,False
20200904,2020-09-04,Friday,September,3,2020,False
20200905,2020-09-05,Saturday,September,3,2020,True
20200906,2020-09-06,Sunday,September,3,2020,True
20200907,2020-09-07,Monday,September,3,2020,False
20200908,2020-09-08,Tuesday,September,3,2020,False
20200909,2020-09-09,Wednesday,September,3,2020,False
20200910,2020-09-10,Thursday,September,3,2020,False
20200911,2020-09-11,Friday,September,3,2020,False
20200912,2020-09-12,Saturday,September,3,2020,True
20200913,2020-09-13,Sunday,September,3,2020,True
20200914,2020-09-14,Monday,September,3,2020,False
20200915,2020-09-15,Tuesday,September,3,2020,False
20200916,2020-09-16,Wednesday,September,3,2020,False
20200917,2020-09-17,Thursday,September,3,2020,False
20200918,2020-09-18,Friday,September,3,2020,False
20200919,2020-09-19,Saturday,September,3,2020,True
20200920,2020-09-20,Sunday,September,3,2020,True
20200921,2020-09-21,Monday,September,3,2020,False
20200922,2020-09-22,Tuesday,September,3,2020,False
20200923,2020-09-23,Wednesday,September,3,2020,False
20200924,2020-09-24,Thursday,September,3,2020,False
20200925,2020-09-25,Friday,September,3,2020,False
20200926,2020-09-26,Saturday,September,3,2020,True
20200927,2020-09-27,Sunday,September,3,2020,True
20200928,2020-09-28,Monday,September,3,2020,False
20200929,2020-09-29,Tuesday,September,3,2020,False
20200930,2020-09-30,Wednesday,September,3,2020,False
20201001,2020-10-01,Thursday,October,4,2020,False
20201002,2020-10-02,Friday,October,4,2020,False
20201003,2020-10-03,Saturday,October,4,2020,True
20201004,2020-10-04,Sunday,October,4,2020,True
20201005,2020-10-05,Monday,October,4,2020,False
20201006,2020-10-06,Tuesday,October,4,2020,False
20201007,2020-10-07,Wednesday,October,4,2020,False
20201008,2020-10-08,Thursday,October,4,2020,False
20201009,2020-10-09,Friday,October,4,2020,False
20201010,2020-10-10,Saturday,October,4,2020,True
20201011,2020-10-11,Sunday,October,4,2020,True
20201012,2020-10-12,Monday,October,4,2020,False
20201013,2020-10-13,Tuesday,October,4,2020,False
20201014,2020-10-14,Wednesday,October,4,2020,False
20201015,2020-10-15,Thursday,October,4,2020,False
20201016,2020-10-16,Friday,October,4,2020,False
20201017,2020-10-17,Saturday,October,4,2020,True
20201018,2020-10-18,Sunday,October,4,2020,True
20201019,2020-10-19,Monday,October,4,2020,False
20201020,2020-10-20,Tuesday,October,4,2020,False
20201021,2020-10-21,Wednesday,October,4,2020,False
20201022,2020-10-22,Thursday,October,4,2020,False
20201023,2020-10-23,Friday,October,4,2020,False
20201024,2020-10-24,Saturday,October,4,2020,True
20201025,2020-10-25,Sunday,October,4,2020,True
20201026,2020-10-26,Monday,October,4,2020,False
20201027,2020-10-27,Tuesday,October,4,2020,False
20201028,2020-10-28,Wednesday,October,4,2020,False
20201029,2020-10-29,Thursday,October,4,2020,False
20201030,2020-10-30,Friday,October,4,2020,False
20201031,2020-10-31,Saturday,October,4,2020,True
20201101,2020-11-01,Sunday,November,4,2020,True
20201102,2020-11-02,Monday,November,4,2020,False
20201103,2020-11-03,Tuesday,November,4,2020,False
20201104,2020-11-04,Wednesday,November,4,2020,False
20201105,2020-11-05,Thursday,November,4,2020,False
20201106,2020-11-06,Friday,November,4,2020,False
20201107,2020-11-07,Saturday,November,4,2020,True
20201108,2020-11-08,Sunday,November,4,2020,True
20201109,2020-11-09,Monday,November,4,2020,False
20201110,2020-11-10,Tuesday,November,4,2020,False
20201111,2020-11-11,Wednesday,November,4,2020,False
20201112,2020-11-12,Thursday,November,4,2020,False
20201113,2020-11-13,Friday,November,4,2020,False
20201114,2020-11-14,Saturday,November,4,2020,True
20201115,2020-11-15,Sunday,November,4,2020,True
20201116,2020-11-16,Monday,November,4,2020,False
20201117,2020-11-17,Tuesday,November,4,2020,False
20201118,2020-11-18,Wednesday,November,4,2020,False
20201119,2020-11-19,Thursday,November,4,2020,False
20201120,2020-11-20,Friday,November,4,2020,False
20201121,2020-11-21,Saturday,November,4,2020,True
20201122,2020-11-22,Sunday,November,4,2020,True
20201123,2020-11-23,Monday,November,4,2020,False
20201124,2020-11-24,Tuesday,November,4,2020,False
20201125,2020-11-25,Wednesday,November,4,2020,False
20201126,2020-11-26,Thursday,November,4,2020,False
20201127,2020-11-27,Friday,November,4,2020,False
20201128,2020-11-28,Saturday,November,4,2020,True
20201129,2020-11-29,Sunday,November,4,2020,True
20201130,2020-11-30,Monday,November,4,2020,False
20201201,2020-12-01,Tuesday,December,4,2020,False
20201202,2020-12-02,Wednesday,December,4,2020,False
20201203,2020-12-03,Thursday,December,4,2020,False
20201204,2020-12-04,Friday,December,4,2020,False
20201205,2020-12-05,Saturday,December,4,2020,True
20201206,2020-12-06,Sunday,December,4,2020,True
20201207,2020-12-07,Monday,December,4,2020,False
20201208,2020-12-08,Tuesday,December,4,2020,False
20201209,2020-12-09,Wednesday,December,4,2020,False
20201210,2020-12-10,Thursday,December,4,2020,False
20201211,2020-12-11,Friday,December,4,2020,False
20201212,2020-12-12,Saturday,December,4,2020,True
20201213,2020-12-13,Sunday,December,4,2020,True
20201214,2020-12-14,Monday,December,4,2020,False
20201215,2020-12-15,Tuesday,December,4,2020,False
20201216,2020-12-16,Wednesday,December,4,2020,False
20201217,2020-12-17,Thursday,December,4,2020,False
20201218,2020-12-18,Friday,December,4,2020,False
20201219,2020-12-19,Saturday,December,4,2020,True
20201220,2020-12-20,Sunday,December,4,2020,True
20201221,2020-12-21,Monday,December,4,2020,False
20201222,2020-12-22,Tuesday,December,4,2020,False
20201223,2020-12-23,Wednesday,December,4,2020,False
20201224,2020-12-24,Thursday,December,4,2020,False
20201225,2020-12-25,Friday,December,4,2020,False
20201226,2020-12-26,Saturday,December,4,2020,True
20201227,2020-12-27,Sunday,December,4,2020,True
20201228,2020-12-28,Monday,December,4,2020,False
20201229,2020-12-29,Tuesday,December,4,2020,False
20201230,2020-12-30,Wednesday,December,4,2020,False
20201231,2020-12-31,Thursday,December,4,2020,False
20210101,2021-01-01,Friday,January,1,2021,False
20210102,2021-01-02,Saturday,January,1,2021,True
20210103,2021-01-03,Sunday,January,1,2021,True
20210104,2021-01-04,Monday,January,1,2021,False
20210105,2021-01-05,Tuesday,January,1,2021,False
20210106,2021-01-06,Wednesday,January,1,2021,False
20210107,2021-01-07,Thursday,January,1,2021,False
20210108,2021-01-08,Friday,January,1,2021,False
20210109,2021-01-09,Saturday,January,1,2021,True
20210110,2021-01-10,Sunday,January,1,2021,True
20210111,2021-01-11,Monday,January,1,2021,False
20210112,2021-01-12,Tuesday,January,1,2021,False
20210113,2021-01-13,Wednesday,January,1,2021,False
20210114,2021-01-14,Thursday,January,1,2021,False
20210115,2021-01-15,Friday,January,1,2021,False
20210116,2021-01-16,Saturday,January,1,2021,True
20210117,2021-01-17,Sunday,January,1,2021,True
20210118,2021-01-18,Monday,January,1,2021,False
20210119,2021-01-19,Tuesday,January,1,2021,False
20210120,2021-01-20,Wednesday,January,1,2021,False
20210121,2021-01-21,Thursday,January,1,2021,False
20210122,2021-01-22,Friday,January,1,2021,False
20210123,2021-01-23,Saturday,January,1,2021,True
20210124,2021-01-24,Sunday,January,1,2021,True
20210125,2021-01-25,Monday,January,1,2021,False
20210126,2021-01-26,Tuesday,January,1,2021,False
20210127,2021-01-27,Wednesday,January,1,2021,False
20210128,2021-01-28,Thursday,January,1,2021,False
20210129,2021-01-29,Friday,January,1,2021,False
20210130,2021-01-30,Saturday,January,1,2021,True
20210131,2021-01-31,Sunday,January,1,2021,True
20210201,2021-02-01,Monday,February,1,2021,False
20210202,2021-02-02,Tuesday,February,1,2021,False
20210203,2021-02-03,Wednesday,February,1,2021,False
20210204,2021-02-04,Thursday,February,1,2021,False
20210205,2021-02-05,Friday,February,1,2021,False
20210206,2021-02-06,Saturday,February,1,2021,True
20210207,2021-02-07,Sunday,February,1,2021,True
20210208,2021-02-08,Monday,February,1,2021,False
20210209,2021-02-09,Tuesday,February,1,2021,False
20210210,2021-02-10,Wednesday,February,1,2021,False
20210211,2021-02-11,Thursday,February,1,2021,False
20210212,2021-02-12,Friday,February,1,2021,False
20210213,2021-02-13,Saturday,February,1,2021,True
20210214,2021-02-14,Sunday,February,1,2021,True
20210215,2021-02-15,Monday,February,1,2021,False
20210216,2021-02-16,Tuesday,February,1,2021,False
20210217,2021-02-17,Wednesday,February,1,2021,False
20210218,2021-02-18,Thursday,February,1,2021,False
20210219,2021-02-19,Friday,February,1,2021,False
20210220,2021-02-20,Saturday,February,1,2021,True
20210221,2021-02-21,Sunday,February,1,2021,True
20210222,2021-02-22,Monday,February,1,2021,False
20210223,2021-02-23,Tuesday,February,1,2021,False
20210224,2021-02-24,Wednesday,February,1,2021,False
20210225,2021-02-25,Thursday,February,1,2021,False
20210226,2021-02-26,Friday,February,1,2021,False
20210227,2021-02-27,Saturday,February,1,2021,True
20210228,2021-02-28,Sunday,February,1,2021,True
20210301,2021-03-01,Monday,March,1,2021,False
20210302,2021-03-02,Tuesday,March,1,2021,False
20210303,2021-03-03,Wednesday,March,1,2021,False
20210304,2021-03-04,Thursday,March,1,2021,False
20210305,2021-03-05,Friday,March,1,2021,False
20210306,2021-03-06,Saturday,March,1,2021,True
20210307,2021-03-07,Sunday,March,1,2021,True
20210308,2021-03-08,Monday,March,1,2021,False
20210309,2021-03-09,Tuesday,March,1,2021,False
20210310,2021-03-10,Wednesday,March,1,2021,False
20210311,2021-03-11,Thursday,March,1,2021,False
20210312,2021-03-12,Friday,March,1,2021,False
20210313,2021-03-13,Saturday,March,1,2021,True
20210314,2021-03-14,Sunday,March,1,2021,True
20210315,2021-03-15,Monday,March,1,2021,False
20210316,2021-03-16,Tuesday,March,1,2021,False
20210317,2021-03-17,Wednesday,March,1,2021,False
20210318,2021-03-18,Thursday,March,1,2021,False
20210319,2021-03-19,Friday,March,1,2021,False
20210320,2021-03-20,Saturday,March,1,2021,True
20210321,2021-03-21,Sunday,March,1,2021,True
20210322,2021-03-22,Monday,March,1,2021,False
20210323,2021-03-23,Tuesday,March,1,2021,False
20210324,2021-03-24,Wednesday,March,1,2021,False
20210325,2021-03-25,Thursday,March,1,2021,False
20210326,2021-03-26,Friday,March,1,2021,False
20210327,2021-03-27,Saturday,March,1,2021,True
20210328,2021-03-28,Sunday,March,1,2021,True
20210329,2021-03-29,Monday,March,1,2021,False
20210330,2021-03-30,Tuesday,March,1,2021,False
20210331,2021-03-31,Wednesday,March,1,2021,False
20210401,2021-04-01,Thursday,April,2,2021,False
20210402,2021-04-02,Friday,April,2,2021,False
20210403,2021-04-03,Saturday,April,2,2021,True
20210404,2021-04-04,Sunday,April,2,2021,True
20210405,2021-04-05,Monday,April,2,2021,False
20210406,2021-04-06,Tuesday,April,2,2021,False
20210407,2021-04-07,Wednesday,April,2,2021,False
20210408,2021-04-08,Thursday,April,2,2021,False
20210409,2021-04-09,Friday,April,2,2021,False
20210410,2021-04-10,Saturday,April,2,2021,True
20210411,2021-04-11,Sunday,April,2,2021,True
20210412,2021-04-12,Monday,April,2,2021,False
20210413,2021-04-13,Tuesday,April,2,2021,False
20210414,2021-04-14,Wednesday,April,2,2021,False
20210415,2021-04-15,Thursday,April,2,2021,False
20210416,2021-04-16,Friday,April,2,2021,False
20210417,2021-04-17,Saturday,April,2,2021,True
20210418,2021-04-18,Sunday,April,2,2021,True
20210419,2021-04-19,Monday,April,2,2021,False
20210420,2021-04-20,Tuesday,April,2,2021,False
20210421,2021-04-21,Wednesday,April,2,2021,False
20210422,2021-04-22,Thursday,April,2,2021,False
20210423,2021-04-23,Friday,April,2,2021,False
20210424,2021-04-24,Saturday,April,2,2021,True
20210425,2021-04-25,Sunday,April,2,2021,True
20210426,2021-04-26,Monday,April,2,2021,False
20210427,2021-04-27,Tuesday,April,2,2021,False
20210428,2021-04-28,Wednesday,April,2,2021,False
20210429,2021-04-29,Thursday,April,2,2021,False
20210430,2021-04-30,Friday,April,2,2021,False
20210501,2021-05-01,Saturday,May,2,2021,True
20210502,2021-05-02,Sunday,May,2,2021,True
20210503,2021-05-03,Monday,May,2,2021,False
20210504,2021-05-04,Tuesday,May,2,2021,False
20210505,2021-05-05,Wednesday,May,2,2021,False
20210506,2021-05-06,Thursday,May,2,2021,False
20210507,2021-05-07,Friday,May,2,2021,False
20210508,2021-05-08,Saturday,May,2,2021,True
20210509,2021-05-09,Sunday,May,2,2021,True
20210510,2021-05-10,Monday,May,2,2021,False
20210511,2021-05-11,Tuesday,May,2,2021,False
20210512,2021-05-12,Wednesday,May,2,2021,False
20210513,2021-05-13,Thursday,May,2,2021,False
20210514,2021-05-14,Friday,May,2,2021,False
20210515,2021-05-15,Saturday,May,2,2021,True
20210516,2021-05-16,Sunday,May,2,2021,True
20210517,2021-05-17,Monday,May,2,2021,False
20210518,2021-05-18,Tuesday,May,2,2021,False
20210519,2021-05-19,Wednesday,May,2,2021,False
20210520,2021-05-20,Thursday,May,2,2021,False
20210521,2021-05-21,Friday,May,2,2021,False
20210522,2021-05-22,Saturday,May,2,2021,True
20210523,2021-05-23,Sunday,May,2,2021,True
20210524,2021-05-24,Monday,May,2,2021,False
20210525,2021-05-25,Tuesday,May,2,2021,False
20210526,2021-05-26,Wednesday,May,2,2021,False
20210527,2021-05-27,Thursday,May,2,2021,False
20210528,2021-05-28,Friday,May,2,2021,False
20210529,2021-05-29,Saturday,May,2,2021,True
20210530,2021-05-30,Sunday,May,2,2021,True
20210531,2021-05-31,Monday,May,2,2021,False
20210601,2021-06-01,Tuesday,June,2,2021,False
20210602,2021-06-02,Wednesday,June,2,2021,False
20210603,2021-06-03,Thursday,June,2,2021,False
20210604,2021-06-04,Friday,June,2,2021,False
20210605,2021-06-05,Saturday,June,2,2021,True
20210606,2021-06-06,Sunday,June,2,2021,True
20210607,2021-06-07,Monday,June,2,2021,False
20210608,2021-06-08,Tuesday,June,2,2021,False
20210609,2021-06-09,Wednesday,June,2,2021,False
20210610,2021-06-10,Thursday,June,2,2021,False
20210611,2021-06-11,Friday,June,2,2021,False
20210612,2021-06-12,Saturday,June,2,2021,True
20210613,2021-06-13,Sunday,June,2,2021,True
20210614,2021-06-14,Monday,June,2,2021,False
20210615,2021-06-15,Tuesday,June,2,2021,False
20210616,2021-06-16,Wednesday,June,2,2021,False
20210617,2021-06-17,Thursday,June,2,2021,False
20210618,2021-06-18,Friday,June,2,2021,False
20210619,2021-06-19,Saturday,June,2,2021,True
20210620,2021-06-20,Sunday,June,2,2021,True
20210621,2021-06-21,Monday,June,2,2021,False
20210622,2021-06-22,Tuesday,June,2,2021,False
20210623,2021-06-23,Wednesday,June,2,2021,False
20210624,2021-06-24,Thursday,June,2,2021,False
20210625,2021-06-25,Friday,June,2,2021,False
20210626,2021-06-26,Saturday,June,2,2021,True
20210627,2021-06-27,Sunday,June,2,2021,True
20210628,2021-06-28,Monday,June,2,2021,False
20210629,2021-06-29,Tuesday,June,2,2021,False
20210630,2021-06-30,Wednesday,June,2,2021,False
20210701,2021-07-01,Thursday,July,3,2021,False
20210702,2021-07-02,Friday,July,3,2021,False
20210703,2021-07-03,Saturday,July,3,2021,True
20210704,2021-07-04,Sunday,July,3,2021,True
20210705,2021-07-05,Monday,July,3,2021,False
20210706,2021-07-06,Tuesday,July,3,2021,False
20210707,2021-07-07,Wednesday,July,3,2021,False
20210708,2021-07-08,Thursday,July,3,2021,False
20210709,2021-07-09,Friday,July,3,2021,False
20210710,2021-07-10,Saturday,July,3,2021,True
20210711,2021-07-11,Sunday,July,3,2021,True
20210712,2021-07-12,Monday,July,3,2021,False
20210713,2021-07-13,Tuesday,July,3,2021,False
20210714,2021-07-14,Wednesday,July,3,2021,False
20210715,2021-07-15,Thursday,July,3,2021,False
20210716,2021-07-16,Friday,July,3,2021,False
20210717,2021-07-17,Saturday,July,3,2021,True
20210718,2021-07-18,Sunday,July,3,2021,True
20210719,2021-07-19,Monday,July,3,2021,False
20210720,2021-07-20,Tuesday,July,3,2021,False
20210721,2021-07-21,Wednesday,July,3,2021,False
20210722,2021-07-22,Thursday,July,3,2021,False
20210723,2021-07-23,Friday,July,3,2021,False
20210724,2021-07-24,Saturday,July,3,2021,True
20210725,2021-07-25,Sunday,July,3,2021,True
20210726,2021-07-26,Monday,July,3,2021,False
20210727,2021-07-27,Tuesday,July,3,2021,False
20210728,2021-07-28,Wednesday,July,3,2021,False
20210729,2021-07-29,Thursday,July,3,2021,False
20210730,2021-07-30,Friday,July,3,2021,False
20210731,2021-07-31,Saturday,July,3,2021,True
20210801,2021-08-01,Sunday,August,3,2021,True
20210802,2021-08-02,Monday,August,3,2021,False
20210803,2021-08-03,Tuesday,August,3,2021,False
20210804,2021-08-04,Wednesday,August,3,2021,False
20210805,2021-08-05,Thursday,August,3,2021,False
20210806,2021-08-06,Friday,August,3,2021,False
20210807,2021-08-07,Saturday,August,3,2021,True
20210808,2021-08-08,Sunday,August,3,2021,True
20210809,2021-08-09,Monday,August,3,2021,False
20210810,2021-08-10,Tuesday,August,3,2021,False
20210811,2021-08-11,Wednesday,August,3,2021,False
20210812,2021-08-12,Thursday,August,3,2021,False
20210813,2021-08-13,Friday,August,3,2021,False
20210814,2021-08-14,Saturday,August,3,2021,True
20210815,2021-08-15,Sunday,August,3,2021,True
20210816,2021-08-16,Monday,August,3,2021,False
20210817,2021-08-17,Tuesday,August,3,2021,False
20210818,2021-08-18,Wednesday,August,3,2021,False
20210819,2021-08-19,Thursday,August,3,2021,False
20210820,2021-08-20,Friday,August,3,2021,False
20210821,2021-08-21,Saturday,August,3,2021,True
20210822,2021-08-22,Sunday,August,3,2021,True
20210823,2021-08-23,Monday,August,3,2021,False
20210824,2021-08-24,Tuesday,August,3,2021,False
20210825,2021-08-25,Wednesday,August,3,2021,False
20210826,2021-08-26,Thursday,August,3,2021,False
20210827,2021-08-27,Friday,August,3,2021,False
20210828,2021-08-28,Saturday,August,3,2021,True
20210829,2021-08-29,Sunday,August,3,2021,True
20210830,2021-08-30,Monday,August,3,2021,False
20210831,2021-08-31,Tuesday,August,3,2021,False
20210901,2021-09-01,Wednesday,September,3,2021,False
20210902,2021-09-02,Thursday,September,3,2021,False
20210903,2021-09-03,Friday,September,3,2021,False
20210904,2021-09-04,Saturday,September,3,2021,True
20210905,2021-09-05,Sunday,September,3,2021,True
20210906,2021-09-06,Monday,September,3,2021,False
20210907,2021-09-07,Tuesday,September,3,2021,False
20210908,2021-09-08,Wednesday,September,3,2021,False
20210909,2021-09-09,Thursday,September,3,2021,False
20210910,2021-09-10,Friday,September,3,2021,False
20210911,2021-09-11,Saturday,September,3,2021,True
20210912,2021-09-12,Sunday,September,3,2021,True
20210913,2021-09-13,Monday,September,3,2021,False
20210914,2021-09-14,Tuesday,September,3,2021,False
20210915,2021-09-15,Wednesday,September,3,2021,False
20210916,2021-09-16,Thursday,September,3,2021,False
20210917,2021-09-17,Friday,September,3,2021,False
20210918,2021-09-18,Saturday,September,3,2021,True
20210919,2021-09-19,Sunday,September,3,2021,True
20210920,2021-09-20,Monday,September,3,2021,False
20210921,2021-09-21,Tuesday,September,3,2021,False
20210922,2021-09-22,Wednesday,September,3,2021,False
20210923,2021-09-23,Thursday,September,3,2021,False
20210924,2021-09-24,Friday,September,3,2021,False
20210925,2021-09-25,Saturday,September,3,2021,True
20210926,2021-09-26,Sunday,September,3,2021,True
20210927,2021-09-27,Monday,September,3,2021,False
20210928,2021-09-28,Tuesday,September,3,2021,False
20210929,2021-09-29,Wednesday,September,3,2021,False
20210930,2021-09-30,Thursday,September,3,2021,False
20211001,2021-10-01,Friday,October,4,2021,False
20211002,2021-10-02,Saturday,October,4,2021,True
20211003,2021-10-03,Sunday,October,4,2021,True
20211004,2021-10-04,Monday,October,4,2021,False
20211005,2021-10-05,Tuesday,October,4,2021,False
20211006,2021-10-06,Wednesday,October,4,2021,False
20211007,2021-10-07,Thursday,October,4,2021,False
20211008,2021-10-08,Friday,October,4,2021,False
20211009,2021-10-09,Saturday,October,4,2021,True
20211010,2021-10-10,Sunday,October,4,2021,True
20211011,2021-10-11,Monday,October,4,2021,False
20211012,2021-10-12,Tuesday,October,4,2021,False
20211013,2021-10-13,Wednesday,October,4,2021,False
20211014,2021-10-14,Thursday,October,4,2021,False
20211015,2021-10-15,Friday,October,4,2021,False
20211016,2021-10-16,Saturday,October,4,2021,True
20211017,2021-10-17,Sunday,October,4,2021,True
20211018,2021-10-18,Monday,October,4,2021,False
20211019,2021-10-19,Tuesday,October,4,2021,False
20211020,2021-10-20,Wednesday,October,4,2021,False
20211021,2021-10-21,Thursday,October,4,2021,False
20211022,2021-10-22,Friday,October,4,2021,False
20211023,2021-10-23,Saturday,October,4,2021,True
20211024,2021-10-24,Sunday,October,4,2021,True
20211025,2021-10-25,Monday,October,4,2021,False
20211026,2021-10-26,Tuesday,October,4,2021,False
20211027,2021-10-27,Wednesday,October,4,2021,False
20211028,2021-10-28,Thursday,October,4,2021,False
20211029,2021-10-29,Friday,October,4,2021,False
20211030,2021-10-30,Saturday,October,4,2021,True
20211031,2021-10-31,Sunday,October,4,2021,True
20211101,2021-11-01,Monday,November,4,2021,False
20211102,2021-11-02,Tuesday,November,4,2021,False
20211103,2021-11-03,Wednesday,November,4,2021,False
20211104,2021-11-04,Thursday,November,4,2021,False
20211105,2021-11-05,Friday,November,4,2021,False
20211106,2021-11-06,Saturday,November,4,2021,True
20211107,2021-11-07,Sunday,November,4,2021,True
20211108,2021-11-08,Monday,November,4,2021,False
20211109,2021-11-09,Tuesday,November,4,2021,False
20211110,2021-11-10,Wednesday,November,4,2021,False
20211111,2021-11-11,Thursday,November,4,2021,False
20211112,2021-11-12,Friday,November,4,2021,False
20211113,2021-11-13,Saturday,November,4,2021,True
20211114,2021-11-14,Sunday,November,4,2021,True
20211115,2021-11-15,Monday,November,4,2021,False
20211116,2021-11-16,Tuesday,November,4,2021,False
20211117,2021-11-17,Wednesday,November,4,2021,False
20211118,2021-11-18,Thursday,November,4,2021,False
20211119,2021-11-19,Friday,November,4,2021,False
20211120,2021-11-20,Saturday,November,4,2021,True
20211121,2021-11-21,Sunday,November,4,2021,True
20211122,2021-11-22,Monday,November,4,2021,False
20211123,2021-11-23,Tuesday,November,4,2021,False
20211124,2021-11-24,Wednesday,November,4,2021,False
20211125,2021-11-25,Thursday,November,4,2021,False
20211126,2021-11-26,Friday,November,4,2021,False
20211127,2021-11-27,Saturday,November,4,2021,True
20211128,2021-11-28,Sunday,November,4,2021,True
20211129,2021-11-29,Monday,November,4,2021,False
20211130,2021-11-30,Tuesday,November,4,2021,False
20211201,2021-12-01,Wednesday,December,4,2021,False
20211202,2021-12-02,Thursday,December,4,2021,False
20211203,2021-12-03,Friday,December,4,2021,False
20211204,2021-12-04,Saturday,December,4,2021,True
20211205,2021-12-05,Sunday,December,4,2021,True
20211206,2021-12-06,Monday,December,4,2021,False
20211207,2021-12-07,Tuesday,December,4,2021,False
20211208,2021-12-08,Wednesday,December,4,2021,False
20211209,2021-12-09,Thursday,December,4,2021,False
20211210,2021-12-10,Friday,December,4,2021,False
20211211,2021-12-11,Saturday,December,4,2021,True
20211212,2021-12-12,Sunday,December,4,2021,True
20211213,2021-12-13,Monday,December,4,2021,False
20211214,2021-12-14,Tuesday,December,4,2021,False
20211215,2021-12-15,Wednesday,December,4,2021,False
20211216,2021-12-16,Thursday,December,4,2021,False
20211217,2021-12-17,Friday,December,4,2021,False
20211218,2021-12-18,Saturday,December,4,2021,True
20211219,2021-12-19,Sunday,December,4,2021,True
20211220,2021-12-20,Monday,December,4,2021,False
20211221,2021-12-21,Tuesday,December,4,2021,False
20211222,2021-12-22,Wednesday,December,4,2021,False
20211223,2021-12-23,Thursday,December,4,2021,False
20211224,2021-12-24,Friday,December,4,2021,False
20211225,2021-12-25,Saturday,December,4,2021,True
20211226,2021-12-26,Sunday,December,4,2021,True
20211227,2021-12-27,Monday,December,4,2021,False
20211228,2021-12-28,Tuesday,December,4,2021,False
20211229,2021-12-29,Wednesday,December,4,2021,False
20211230,2021-12-30,Thursday,December,4,2021,False
20211231,2021-12-31,Friday,December,4,2021,False
20220101,2022-01-01,Saturday,January,1,2022,True
20220102,2022-01-02,Sunday,January,1,2022,True
20220103,2022-01-03,Monday,January,1,2022,False
20220104,2022-01-04,Tuesday,January,1,2022,False
20220105,2022-01-05,Wednesday,January,1,2022,False
20220106,2022-01-06,Thursday,January,1,2022,False
20220107,2022-01-07,Friday,January,1,2022,False
20220108,2022-01-08,Saturday,January,1,2022,True
20220109,2022-01-09,Sunday,January,1,2022,True
20220110,2022-01-10,Monday,January,1,2022,False
20220111,2022-01-11,Tuesday,January,1,2022,False
20220112,2022-01-12,Wednesday,January,1,2022,False
20220113,2022-01-13,Thursday,January,1,2022,False
20220114,2022-01-14,Friday,January,1,2022,False
20220115,2022-01-15,Saturday,January,1,2022,True
20220116,2022-01-16,Sunday,January,1,2022,True
20220117,2022-01-17,Monday,January,1,2022,False
20220118,2022-01-18,Tuesday,January,1,2022,False
20220119,2022-01-19,Wednesday,January,1,2022,False
20220120,2022-01-20,Thursday,January,1,2022,False
20220121,2022-01-21,Friday,January,1,2022,False
20220122,2022-01-22,Saturday,January,1,2022,True
20220123,2022-01-23,Sunday,January,1,2022,True
20220124,2022-01-24,Monday,January,1,2022,False
20220125,2022-01-25,Tuesday,January,1,2022,False
20220126,2022-01-26,Wednesday,January,1,2022,False
20220127,2022-01-27,Thursday,January,1,2022,False
20220128,2022-01-28,Friday,January,1,2022,False
20220129,2022-01-29,Saturday,January,1,2022,True
20220130,2022-01-30,Sunday,January,1,2022,True
20220131,2022-01-31,Monday,January,1,2022,False
20220201,2022-02-01,Tuesday,February,1,2022,False
20220202,2022-02-02,Wednesday,February,1,2022,False
20220203,2022-02-03,Thursday,February,1,2022,False
20220204,2022-02-04,Friday,February,1,2022,False
20220205,2022-02-05,Saturday,February,1,2022,True
20220206,2022-02-06,Sunday,February,1,2022,True
20220207,2022-02-07,Monday,February,1,2022,False
20220208,2022-02-08,Tuesday,February,1,2022,False
20220209,2022-02-09,Wednesday,February,1,2022,False
20220210,2022-02-10,Thursday,February,1,2022,False
20220211,2022-02-11,Friday,February,1,2022,False
20220212,2022-02-12,Saturday,February,1,2022,True
20220213,2022-02-13,Sunday,February,1,2022,True
20220214,2022-02-14,Monday,February,1,2022,False
20220215,2022-02-15,Tuesday,February,1,2022,False
20220216,2022-02-16,Wednesday,February,1,2022,False
20220217,2022-02-17,Thursday,February,1,2022,False
20220218,2022-02-18,Friday,February,1,2022,False
20220219,2022-02-19,Saturday,February,1,2022,True
20220220,2022-02-20,Sunday,February,1,2022,True
20220221,2022-02-21,Monday,February,1,2022,False
20220222,2022-02-22,Tuesday,February,1,2022,False
20220223,2022-02-23,Wednesday,February,1,2022,False
20220224,2022-02-24,Thursday,February,1,2022,False
20220225,2022-02-25,Friday,February,1,2022,False
20220226,2022-02-26,Saturday,February,1,2022,True
20220227,2022-02-27,Sunday,February,1,2022,True
20220228,2022-02-28,Monday,February,1,2022,False
20220301,2022-03-01,Tuesday,March,1,2022,False
20220302,2022-03-02,Wednesday,March,1,2022,False
20220303,2022-03-03,Thursday,March,1,2022,False
20220304,2022-03-04,Friday,March,1,2022,False
20220305,2022-03-05,Saturday,March,1,2022,True
20220306,2022-03-06,Sunday,March,1,2022,True
20220307,2022-03-07,Monday,March,1,2022,False
20220308,2022-03-08,Tuesday,March,1,2022,False
20220309,2022-03-09,Wednesday,March,1,2022,False
20220310,2022-03-10,Thursday,March,1,2022,False
20220311,2022-03-11,Friday,March,1,2022,False
20220312,2022-03-12,Saturday,March,1,2022,True
20220313,2022-03-13,Sunday,March,1,2022,True
20220314,2022-03-14,Monday,March,1,2022,False
20220315,2022-03-15,Tuesday,March,1,2022,False
20220316,2022-03-16,Wednesday,March,1,2022,False
20220317,2022-03-17,Thursday,March,1,2022,False
20220318,2022-03-18,Friday,March,1,2022,False
20220319,2022-03-19,Saturday,March,1,2022,True
20220320,2022-03-20,Sunday,March,1,2022,True
20220321,2022-03-21,Monday,March,1,2022,False
20220322,2022-03-22,Tuesday,March,1,2022,False
20220323,2022-03-23,Wednesday,March,1,2022,False
20220324,2022-03-24,Thursday,March,1,2022,False
20220325,2022-03-25,Friday,March,1,2022,False
20220326,2022-03-26,Saturday,March,1,2022,True
20220327,2022-03-27,Sunday,March,1,2022,True
20220328,2022-03-28,Monday,March,1,2022,False
20220329,2022-03-29,Tuesday,March,1,2022,False
20220330,2022-03-30,Wednesday,March,1,2022,False
20220331,2022-03-31,Thursday,March,1,2022,False
20220401,2022-04-01,Friday,April,2,2022,False
20220402,2022-04-02,Saturday,April,2,2022,True
20220403,2022-04-03,Sunday,April,2,2022,True
20220404,2022-04-04,Monday,April,2,2022,False
20220405,2022-04-05,Tuesday,April,2,2022,False
20220406,2022-04-06,Wednesday,April,2,2022,False
20220407,2022-04-07,Thursday,April,2,2022,False
20220408,2022-04-08,Friday,April,2,2022,False
20220409,2022-04-09,Saturday,April,2,2022,True
20220410,2022-04-10,Sunday,April,2,2022,True
20220411,2022-04-11,Monday,April,2,2022,False
20220412,2022-04-12,Tuesday,April,2,2022,False
20220413,2022-04-13,Wednesday,April,2,2022,False
20220414,2022-04-14,Thursday,April,2,2022,False
20220415,2022-04-15,Friday,April,2,2022,False
20220416,2022-04-16,Saturday,April,2,2022,True
20220417,2022-04-17,Sunday,April,2,2022,True
20220418,2022-04-18,Monday,April,2,2022,False
20220419,2022-04-19,Tuesday,April,2,2022,False
20220420,2022-04-20,Wednesday,April,2,2022,False
20220421,2022-04-21,Thursday,April,2,2022,False
20220422,2022-04-22,Friday,April,2,2022,False
20220423,2022-04-23,Saturday,April,2,2022,True
20220424,2022-04-24,Sunday,April,2,2022,True
20220425,2022-04-25,Monday,April,2,2022,False
20220426,2022-04-26,Tuesday,April,2,2022,False
20220427,2022-04-27,Wednesday,April,2,2022,False
20220428,2022-04-28,Thursday,April,2,2022,False
20220429,2022-04-29,Friday,April,2,2022,False
20220430,2022-04-30,Saturday,April,2,2022,True
20220501,2022-05-01,Sunday,May,2,2022,True
20220502,2022-05-02,Monday,May,2,2022,False
20220503,2022-05-03,Tuesday,May,2,2022,False
20220504,2022-05-04,Wednesday,May,2,2022,False
20220505,2022-05-05,Thursday,May,2,2022,False
20220506,2022-05-06,Friday,May,2,2022,False
20220507,2022-05-07,Saturday,May,2,2022,True
20220508,2022-05-08,Sunday,May,2,2022,True
20220509,2022-05-09,Monday,May,2,2022,False
20220510,2022-05-10,Tuesday,May,2,2022,False
20220511,2022-05-11,Wednesday,May,2,2022,False
20220512,2022-05-12,Thursday,May,2,2022,False
20220513,2022-05-13,Friday,May,2,2022,False
20220514,2022-05-14,Saturday,May,2,2022,True
20220515,2022-05-15,Sunday,May,2,2022,True
20220516,2022-05-16,Monday,May,2,2022,False
20220517,2022-05-17,Tuesday,May,2,2022,False
20220518,2022-05-18,Wednesday,May,2,2022,False
20220519,2022-05-19,Thursday,May,2,2022,False
20220520,2022-05-20,Friday,May,2,2022,False
20220521,2022-05-21,Saturday,May,2,2022,True
20220522,2022-05-22,Sunday,May,2,2022,True
20220523,2022-05-23,Monday,May,2,2022,False
20220524,2022-05-24,Tuesday,May,2,2022,False
20220525,2022-05-25,Wednesday,May,2,2022,False
20220526,2022-05-26,Thursday,May,2,2022,False
20220527,2022-05-27,Friday,May,2,2022,False
20220528,2022-05-28,Saturday,May,2,2022,True
20220529,2022-05-29,Sunday,May,2,2022,True
20220530,2022-05-30,Monday,May,2,2022,False
20220531,2022-05-31,Tuesday,May,2,2022,False
20220601,2022-06-01,Wednesday,June,2,2022,False
20220602,2022-06-02,Thursday,June,2,2022,False
20220603,2022-06-03,Friday,June,2,2022,False
20220604,2022-06-04,Saturday,June,2,2022,True
20220605,2022-06-05,Sunday,June,2,2022,True
20220606,2022-06-06,Monday,June,2,2022,False
20220607,2022-06-07,Tuesday,June,2,2022,False
20220608,2022-06-08,Wednesday,June,2,2022,False
20220609,2022-06-09,Thursday,June,2,2022,False
20220610,2022-06-10,Friday,June,2,2022,False
20220611,2022-06-11,Saturday,June,2,2022,True
20220612,2022-06-12,Sunday,June,2,2022,True
20220613,2022-06-13,Monday,June,2,2022,False
20220614,2022-06-14,Tuesday,June,2,2022,False
20220615,2022-06-15,Wednesday,June,2,2022,False
20220616,2022-06-16,Thursday,June,2,2022,False
20220617,2022-06-17,Friday,June,2,2022,False
20220618,2022-06-18,Saturday,June,2,2022,True
20220619,2022-06-19,Sunday,June,2,2022,True
20220620,2022-06-20,Monday,June,2,2022,False
20220621,2022-06-21,Tuesday,June,2,2022,False
20220622,2022-06-22,Wednesday,June,2,2022,False
20220623,2022-06-23,Thursday,June,2,2022,False
20220624,2022-06-24,Friday,June,2,2022,False
20220625,2022-06-25,Saturday,June,2,2022,True
20220626,2022-06-26,Sunday,June,2,2022,True
20220627,2022-06-27,Monday,June,2,2022,False
20220628,2022-06-28,Tuesday,June,2,2022,False
20220629,2022-06-29,Wednesday,June,2,2022,False
20220630,2022-06-30,Thursday,June,2,2022,False
20220701,2022-07-01,Friday,July,3,2022,False
20220702,2022-07-02,Saturday,July,3,2022,True
20220703,2022-07-03,Sunday,July,3,2022,True
20220704,2022-07-04,Monday,July,3,2022,False
20220705,2022-07-05,Tuesday,July,3,2022,False
20220706,2022-07-06,Wednesday,July,3,2022,False
20220707,2022-07-07,Thursday,July,3,2022,False
20220708,2022-07-08,Friday,July,3,2022,False
20220709,2022-07-09,Saturday,July,3,2022,True
20220710,2022-07-10,Sunday,July,3,2022,True
20220711,2022-07-11,Monday,July,3,2022,False
20220712,2022-07-12,Tuesday,July,3,2022,False
20220713,2022-07-13,Wednesday,July,3,2022,False
20220714,2022-07-14,Thursday,July,3,2022,False
20220715,2022-07-15,Friday,July,3,2022,False
20220716,2022-07-16,Saturday,July,3,2022,True
20220717,2022-07-17,Sunday,July,3,2022,True
20220718,2022-07-18,Monday,July,3,2022,False
20220719,2022-07-19,Tuesday,July,3,2022,False
20220720,2022-07-20,Wednesday,July,3,2022,False
20220721,2022-07-21,Thursday,July,3,2022,False
20220722,2022-07-22,Friday,July,3,2022,False
20220723,2022-07-23,Saturday,July,3,2022,True
20220724,2022-07-24,Sunday,July,3,2022,True
20220725,2022-07-25,Monday,July,3,2022,False
20220726,2022-07-26,Tuesday,July,3,2022,False
20220727,2022-07-27,Wednesday,July,3,2022,False
20220728,2022-07-28,Thursday,July,3,2022,False
20220729,2022-07-29,Friday,July,3,2022,False
20220730,2022-07-30,Saturday,July,3,2022,True
20220731,2022-07-31,Sunday,July,3,2022,True
20220801,2022-08-01,Monday,August,3,2022,False
20220802,2022-08-02,Tuesday,August,3,2022,False
20220803,2022-08-03,Wednesday,August,3,2022,False
20220804,2022-08-04,Thursday,August,3,2022,False
20220805,2022-08-05,Friday,August,3,2022,False
20220806,2022-08-06,Saturday,August,3,2022,True
20220807,2022-08-07,Sunday,August,3,2022,True
20220808,2022-08-08,Monday,August,3,2022,False
20220809,2022-08-09,Tuesday,August,3,2022,False
20220810,2022-08-10,Wednesday,August,3,2022,False
20220811,2022-08-11,Thursday,August,3,2022,False
20220812,2022-08-12,Friday,August,3,2022,False
20220813,2022-08-13,Saturday,August,3,2022,True
20220814,2022-08-14,Sunday,August,3,2022,True
20220815,2022-08-15,Monday,August,3,2022,False
20220816,2022-08-16,Tuesday,August,3,2022,False
20220817,2022-08-17,Wednesday,August,3,2022,False
20220818,2022-08-18,Thursday,August,3,2022,False
20220819,2022-08-19,Friday,August,3,2022,False
20220820,2022-08-20,Saturday,August,3,2022,True
20220821,2022-08-21,Sunday,August,3,2022,True
20220822,2022-08-22,Monday,August,3,2022,False
20220823,2022-08-23,Tuesday,August,3,2022,False
20220824,2022-08-24,Wednesday,August,3,2022,False
20220825,2022-08-25,Thursday,August,3,2022,False
20220826,2022-08-26,Friday,August,3,2022,False
20220827,2022-08-27,Saturday,August,3,2022,True
20220828,2022-08-28,Sunday,August,3,2022,True
20220829,2022-08-29,Monday,August,3,2022,False
20220830,2022-08-30,Tuesday,August,3,2022,False
20220831,2022-08-31,Wednesday,August,3,2022,False
20220901,2022-09-01,Thursday,September,3,2022,False
20220902,2022-09-02,Friday,September,3,2022,False
20220903,2022-09-03,Saturday,September,3,2022,True
20220904,2022-09-04,Sunday,September,3,2022,True
20220905,2022-09-05,Monday,September,3,2022,False
20220906,2022-09-06,Tuesday,September,3,2022,False
20220907,2022-09-07,Wednesday,September,3,2022,False
20220908,2022-09-08,Thursday,September,3,2022,False
20220909,2022-09-09,Friday,September,3,2022,False
20220910,2022-09-10,Saturday,September,3,2022,True
20220911,2022-09-11,Sunday,September,3,2022,True
20220912,2022-09-12,Monday,September,3,2022,False
20220913,2022-09-13,Tuesday,September,3,2022,False
20220914,2022-09-14,Wednesday,September,3,2022,False
20220915,2022-09-15,Thursday,September,3,2022,False
20220916,2022-09-16,Friday,September,3,2022,False
20220917,2022-09-17,Saturday,September,3,2022,True
20220918,2022-09-18,Sunday,September,3,2022,True
20220919,2022-09-19,Monday,September,3,2022,False
20220920,2022-09-20,Tuesday,September,3,2022,False
20220921,2022-09-21,Wednesday,September,3,2022,False
20220922,2022-09-22,Thursday,September,3,2022,False
20220923,2022-09-23,Friday,September,3,2022,False
20220924,2022-09-24,Saturday,September,3,2022,True
20220925,2022-09-25,Sunday,September,3,2022,True
20220926,2022-09-26,Monday,September,3,2022,False
20220927,2022-09-27,Tuesday,September,3,2022,False
20220928,2022-09-28,Wednesday,September,3,2022,False
20220929,2022-09-29,Thursday,September,3,2022,False
20220930,2022-09-30,Friday,September,3,2022,False
20221001,2022-10-01,Saturday,October,4,2022,True
20221002,2022-10-02,Sunday,October,4,2022,True
20221003,2022-10-03,Monday,October,4,2022,False
20221004,2022-10-04,Tuesday,October,4,2022,False
20221005,2022-10-05,Wednesday,October,4,2022,False
20221006,2022-10-06,Thursday,October,4,2022,False
20221007,2022-10-07,Friday,October,4,2022,False
20221008,2022-10-08,Saturday,October,4,2022,True
20221009,2022-10-09,Sunday,October,4,2022,True
20221010,2022-10-10,Monday,October,4,2022,False
20221011,2022-10-11,Tuesday,October,4,2022,False
20221012,2022-10-12,Wednesday,October,4,2022,False
20221013,2022-10-13,Thursday,October,4,2022,False
20221014,2022-10-14,Friday,October,4,2022,False
20221015,2022-10-15,Saturday,October,4,2022,True
20221016,2022-10-16,Sunday,October,4,2022,True
20221017,2022-10-17,Monday,October,4,2022,False
20221018,2022-10-18,Tuesday,October,4,2022,False
20221019,2022-10-19,Wednesday,October,4,2022,False
20221020,2022-10-20,Thursday,October,4,2022,False
20221021,2022-10-21,Friday,October,4,2022,False
20221022,2022-10-22,Saturday,October,4,2022,True
20221023,2022-10-23,Sunday,October,4,2022,True
20221024,2022-10-24,Monday,October,4,2022,False
20221025,2022-10-25,Tuesday,October,4,2022,False
20221026,2022-10-26,Wednesday,October,4,2022,False
20221027,2022-10-27,Thursday,October,4,2022,False
20221028,2022-10-28,Friday,October,4,2022,False
20221029,2022-10-29,Saturday,October,4,2022,True
20221030,2022-10-30,Sunday,October,4,2022,True
20221031,2022-10-31,Monday,October,4,2022,False
20221101,2022-11-01,Tuesday,November,4,2022,False
20221102,2022-11-02,Wednesday,November,4,2022,False
20221103,2022-11-03,Thursday,November,4,2022,False
20221104,2022-11-04,Friday,November,4,2022,False
20221105,2022-11-05,Saturday,November,4,2022,True
20221106,2022-11-06,Sunday,November,4,2022,True
20221107,2022-11-07,Monday,November,4,2022,False
20221108,2022-11-08,Tuesday,November,4,2022,False
20221109,2022-11-09,Wednesday,November,4,2022,False
20221110,2022-11-10,Thursday,November,4,2022,False
20221111,2022-11-11,Friday,November,4,2022,False
20221112,2022-11-12,Saturday,November,4,2022,True
20221113,2022-11-13,Sunday,November,4,2022,True
20221114,2022-11-14,Monday,November,4,2022,False
20221115,2022-11-15,Tuesday,November,4,2022,False
20221116,2022-11-16,Wednesday,November,4,2022,False
20221117,2022-11-17,Thursday,November,4,2022,False
20221118,2022-11-18,Friday,November,4,2022,False
20221119,2022-11-19,Saturday,November,4,2022,True
20221120,2022-11-20,Sunday,November,4,2022,True
20221121,2022-11-21,Monday,November,4,2022,False
20221122,2022-11-22,Tuesday,November,4,2022,False
20221123,2022-11-23,Wednesday,November,4,2022,False
20221124,2022-11-24,Thursday,November,4,2022,False
20221125,2022-11-25,Friday,November,4,2022,False
20221126,2022-11-26,Saturday,November,4,2022,True
20221127,2022-11-27,Sunday,November,4,2022,True
20221128,2022-11-28,Monday,November,4,2022,False
20221129,2022-11-29,Tuesday,November,4,2022,False
20221130,2022-11-30,Wednesday,November,4,2022,False
20221201,2022-12-01,Thursday,December,4,2022,False
20221202,2022-12-02,Friday,December,4,2022,False
20221203,2022-12-03,Saturday,December,4,2022,True
20221204,2022-12-04,Sunday,December,4,2022,True
20221205,2022-12-05,Monday,December,4,2022,False
20221206,2022-12-06,Tuesday,December,4,2022,False
20221207,2022-12-07,Wednesday,December,4,2022,False
20221208,2022-12-08,Thursday,December,4,2022,False
20221209,2022-12-09,Friday,December,4,2022,False
20221210,2022-12-10,Saturday,December,4,2022,True
20221211,2022-12-11,Sunday,December,4,2022,True
20221212,2022-12-12,Monday,December,4,2022,False
20221213,2022-12-13,Tuesday,December,4,2022,False
20221214,2022-12-14,Wednesday,December,4,2022,False
20221215,2022-12-15,Thursday,December,4,2022,False
20221216,2022-12-16,Friday,December,4,2022,False
20221217,2022-12-17,Saturday,December,4,2022,True
20221218,2022-12-18,Sunday,December,4,2022,True
20221219,2022-12-19,Monday,December,4,2022,False
20221220,2022-12-20,Tuesday,December,4,2022,False
20221221,2022-12-21,Wednesday,December,4,2022,False
20221222,2022-12-22,Thursday,December,4,2022,False
20221223,2022-12-23,Friday,December,4,2022,False
20221224,2022-12-24,Saturday,December,4,2022,True
20221225,2022-12-25,Sunday,December,4,2022,True
20221226,2022-12-26,Monday,December,4,2022,False
20221227,2022-12-27,Tuesday,December,4,2022,False
20221228,2022-12-28,Wednesday,December,4,2022,False
20221229,2022-12-29,Thursday,December,4,2022,False
20221230,2022-12-30,Friday,December,4,2022,False
20221231,2022-12-31,Saturday,December,4,2022,True
20230101,2023-01-01,Sunday,January,1,2023,True
20230102,2023-01-02,Monday,January,1,2023,False
20230103,2023-01-03,Tuesday,January,1,2023,False
20230104,2023-01-04,Wednesday,January,1,2023,False
20230105,2023-01-05,Thursday,January,1,2023,False
20230106,2023-01-06,Friday,January,1,2023,False
20230107,2023-01-07,Saturday,January,1,2023,True
20230108,2023-01-08,Sunday,January,1,2023,True
20230109,2023-01-09,Monday,January,1,2023,False
20230110,2023-01-10,Tuesday,January,1,2023,False
20230111,2023-01-11,Wednesday,January,1,2023,False
20230112,2023-01-12,Thursday,January,1,2023,False
20230113,2023-01-13,Friday,January,1,2023,False
20230114,2023-01-14,Saturday,January,1,2023,True
20230115,2023-01-15,Sunday,January,1,2023,True
20230116,2023-01-16,Monday,January,1,2023,False
20230117,2023-01-17,Tuesday,January,1,2023,False
20230118,2023-01-18,Wednesday,January,1,2023,False
20230119,2023-01-19,Thursday,January,1,2023,False
20230120,2023-01-20,Friday,January,1,2023,False
20230121,2023-01-21,Saturday,January,1,2023,True
20230122,2023-01-22,Sunday,January,1,2023,True
20230123,2023-01-23,Monday,January,1,2023,False
20230124,2023-01-24,Tuesday,January,1,2023,False
20230125,2023-01-25,Wednesday,January,1,2023,False
20230126,2023-01-26,Thursday,January,1,2023,False
20230127,2023-01-27,Friday,January,1,2023,False
20230128,2023-01-28,Saturday,January,1,2023,True
20230129,2023-01-29,Sunday,January,1,2023,True
20230130,2023-01-30,Monday,January,1,2023,False
20230131,2023-01-31,Tuesday,January,1,2023,False
20230201,2023-02-01,Wednesday,February,1,2023,False
20230202,2023-02-02,Thursday,February,1,2023,False
20230203,2023-02-03,Friday,February,1,2023,False
20230204,2023-02-04,Saturday,February,1,2023,True
20230205,2023-02-05,Sunday,February,1,2023,True
20230206,2023-02-06,Monday,February,1,2023,False
20230207,2023-02-07,Tuesday,February,1,2023,False
20230208,2023-02-08,Wednesday,February,1,2023,False
20230209,2023-02-09,Thursday,February,1,2023,False
20230210,2023-02-10,Friday,February,1,2023,False
20230211,2023-02-11,Saturday,February,1,2023,True
20230212,2023-02-12,Sunday,February,1,2023,True
20230213,2023-02-13,Monday,February,1,2023,False
20230214,2023-02-14,Tuesday,February,1,2023,False
20230215,2023-02-15,Wednesday,February,1,2023,False
20230216,2023-02-16,Thursday,February,1,2023,False
20230217,2023-02-17,Friday,February,1,2023,False
20230218,2023-02-18,Saturday,February,1,2023,True
20230219,2023-02-19,Sunday,February,1,2023,True
20230220,2023-02-20,Monday,February,1,2023,False
20230221,2023-02-21,Tuesday,February,1,2023,False
20230222,2023-02-22,Wednesday,February,1,2023,False
20230223,2023-02-23,Thursday,February,1,2023,False
20230224,2023-02-24,Friday,February,1,2023,False
20230225,2023-02-25,Saturday,February,1,2023,True
20230226,2023-02-26,Sunday,February,1,2023,True
20230227,2023-02-27,Monday,February,1,2023,False
20230228,2023-02-28,Tuesday,February,1,2023,False
20230301,2023-03-01,Wednesday,March,1,2023,False
20230302,2023-03-02,Thursday,March,1,2023,False
20230303,2023-03-03,Friday,March,1,2023,False
20230304,2023-03-04,Saturday,March,1,2023,True
20230305,2023-03-05,Sunday,March,1,2023,True
20230306,2023-03-06,Monday,March,1,2023,False
20230307,2023-03-07,Tuesday,March,1,2023,False
20230308,2023-03-08,Wednesday,March,1,2023,False
20230309,2023-03-09,Thursday,March,1,2023,False
20230310,2023-03-10,Friday,March,1,2023,False
20230311,2023-03-11,Saturday,March,1,2023,True
20230312,2023-03-12,Sunday,March,1,2023,True
20230313,2023-03-13,Monday,March,1,2023,False
20230314,2023-03-14,Tuesday,March,1,2023,False
20230315,2023-03-15,Wednesday,March,1,2023,False
20230316,2023-03-16,Thursday,March,1,2023,False
20230317,2023-03-17,Friday,March,1,2023,False
20230318,2023-03-18,Saturday,March,1,2023,True
20230319,2023-03-19,Sunday,March,1,2023,True
20230320,2023-03-20,Monday,March,1,2023,False
20230321,2023-03-21,Tuesday,March,1,2023,False
20230322,2023-03-22,Wednesday,March,1,2023,False
20230323,2023-03-23,Thursday,March,1,2023,False
20230324,2023-03-24,Friday,March,1,2023,False
20230325,2023-03-25,Saturday,March,1,2023,True
20230326,2023-03-26,Sunday,March,1,2023,True
20230327,2023-03-27,Monday,March,1,2023,False
20230328,2023-03-28,Tuesday,March,1,2023,False
20230329,2023-03-29,Wednesday,March,1,2023,False
20230330,2023-03-30,Thursday,March,1,2023,False
20230331,2023-03-31,Friday,March,1,2023,False
20230401,2023-04-01,Saturday,April,2,2023,True
20230402,2023-04-02,Sunday,April,2,2023,True
20230403,2023-04-03,Monday,April,2,2023,False
20230404,2023-04-04,Tuesday,April,2,2023,False
20230405,2023-04-05,Wednesday,April,2,2023,False
20230406,2023-04-06,Thursday,April,2,2023,False
20230407,2023-04-07,Friday,April,2,2023,False
20230408,2023-04-08,Saturday,April,2,2023,True
20230409,2023-04-09,Sunday,April,2,2023,True
20230410,2023-04-10,Monday,April,2,2023,False
20230411,2023-04-11,Tuesday,April,2,2023,False
20230412,2023-04-12,Wednesday,April,2,2023,False
20230413,2023-04-13,Thursday,April,2,2023,False
20230414,2023-04-14,Friday,April,2,2023,False
20230415,2023-04-15,Saturday,April,2,2023,True
20230416,2023-04-16,Sunday,April,2,2023,True
20230417,2023-04-17,Monday,April,2,2023,False
20230418,2023-04-18,Tuesday,April,2,2023,False
20230419,2023-04-19,Wednesday,April,2,2023,False
20230420,2023-04-20,Thursday,April,2,2023,False
20230421,2023-04-21,Friday,April,2,2023,False
20230422,2023-04-22,Saturday,April,2,2023,True
20230423,2023-04-23,Sunday,April,2,2023,True
20230424,2023-04-24,Monday,April,2,2023,False
20230425,2023-04-25,Tuesday,April,2,2023,False
20230426,2023-04-26,Wednesday,April,2,2023,False
20230427,2023-04-27,Thursday,April,2,2023,False
20230428,2023-04-28,Friday,April,2,2023,False
20230429,2023-04-29,Saturday,April,2,2023,True
20230430,2023-04-30,Sunday,April,2,2023,True
20230501,2023-05-01,Monday,May,2,2023,False
20230502,2023-05-02,Tuesday,May,2,2023,False
20230503,2023-05-03,Wednesday,May,2,2023,False
20230504,2023-05-04,Thursday,May,2,2023,False
20230505,2023-05-05,Friday,May,2,2023,False
20230506,2023-05-06,Saturday,May,2,2023,True
20230507,2023-05-07,Sunday,May,2,2023,True
20230508,2023-05-08,Monday,May,2,2023,False
20230509,2023-05-09,Tuesday,May,2,2023,False
20230510,2023-05-10,Wednesday,May,2,2023,False
20230511,2023-05-11,Thursday,May,2,2023,False
20230512,2023-05-12,Friday,May,2,2023,False
20230513,2023-05-13,Saturday,May,2,2023,True
20230514,2023-05-14,Sunday,May,2,2023,True
20230515,2023-05-15,Monday,May,2,2023,False
20230516,2023-05-16,Tuesday,May,2,2023,False
20230517,2023-05-17,Wednesday,May,2,2023,False
20230518,2023-05-18,Thursday,May,2,2023,False
20230519,2023-05-19,Friday,May,2,2023,False
20230520,2023-05-20,Saturday,May,2,2023,True
20230521,2023-05-21,Sunday,May,2,2023,True
20230522,2023-05-22,Monday,May,2,2023,False
20230523,2023-05-23,Tuesday,May,2,2023,False
20230524,2023-05-24,Wednesday,May,2,2023,False
20230525,2023-05-25,Thursday,May,2,2023,False
20230526,2023-05-26,Friday,May,2,2023,False
20230527,2023-05-27,Saturday,May,2,2023,True
20230528,2023-05-28,Sunday,May,2,2023,True
20230529,2023-05-29,Monday,May,2,2023,False
20230530,2023-05-30,Tuesday,May,2,2023,False
20230531,2023-05-31,Wednesday,May,2,2023,False
20230601,2023-06-01,Thursday,June,2,2023,False
20230602,2023-06-02,Friday,June,2,2023,False
20230603,2023-06-03,Saturday,June,2,2023,True
20230604,2023-06-04,Sunday,June,2,2023,True
20230605,2023-06-05,Monday,June,2,2023,False
20230606,2023-06-06,Tuesday,June,2,2023,False
20230607,2023-06-07,Wednesday,June,2,2023,False
20230608,2023-06-08,Thursday,June,2,2023,False
20230609,2023-06-09,Friday,June,2,2023,False
20230610,2023-06-10,Saturday,June,2,2023,True
20230611,2023-06-11,Sunday,June,2,2023,True
20230612,2023-06-12,Monday,June,2,2023,False
20230613,2023-06-13,Tuesday,June,2,2023,False
20230614,2023-06-14,Wednesday,June,2,2023,False
20230615,2023-06-15,Thursday,June,2,2023,False
20230616,2023-06-16,Friday,June,2,2023,False
20230617,2023-06-17,Saturday,June,2,2023,True
20230618,2023-06-18,Sunday,June,2,2023,True
20230619,2023-06-19,Monday,June,2,2023,False
20230620,2023-06-20,Tuesday,June,2,2023,False
20230621,2023-06-21,Wednesday,June,2,2023,False
20230622,2023-06-22,Thursday,June,2,2023,False
20230623,2023-06-23,Friday,June,2,2023,False
20230624,2023-06-24,Saturday,June,2,2023,True
20230625,2023-06-25,Sunday,June,2,2023,True
20230626,2023-06-26,Monday,June,2,2023,False
20230627,2023-06-27,Tuesday,June,2,2023,False
20230628,2023-06-28,Wednesday,June,2,2023,False
20230629,2023-06-29,Thursday,June,2,2023,False
20230630,2023-06-30,Friday,June,2,2023,False
20230701,2023-07-01,Saturday,July,3,2023,True
20230702,2023-07-02,Sunday,July,3,2023,True
20230703,2023-07-03,Monday,July,3,2023,False
20230704,2023-07-04,Tuesday,July,3,2023,False
20230705,2023-07-05,Wednesday,July,3,2023,False
20230706,2023-07-06,Thursday,July,3,2023,False
20230707,2023-07-07,Friday,July,3,2023,False
20230708,2023-07-08,Saturday,July,3,2023,True
20230709,2023-07-09,Sunday,July,3,2023,True
20230710,2023-07-10,Monday,July,3,2023,False
20230711,2023-07-11,Tuesday,July,3,2023,False
20230712,2023-07-12,Wednesday,July,3,2023,False
20230713,2023-07-13,Thursday,July,3,2023,False
20230714,2023-07-14,Friday,July,3,2023,False
20230715,2023-07-15,Saturday,July,3,2023,True
20230716,2023-07-16,Sunday,July,3,2023,True
20230717,2023-07-17,Monday,July,3,2023,False
20230718,2023-07-18,Tuesday,July,3,2023,False
20230719,2023-07-19,Wednesday,July,3,2023,False
20230720,2023-07-20,Thursday,July,3,2023,False
20230721,2023-07-21,Friday,July,3,2023,False
20230722,2023-07-22,Saturday,July,3,2023,True
20230723,2023-07-23,Sunday,July,3,2023,True
20230724,2023-07-24,Monday,July,3,2023,False
20230725,2023-07-25,Tuesday,July,3,2023,False
20230726,2023-07-26,Wednesday,July,3,2023,False
20230727,2023-07-27,Thursday,July,3,2023,False
20230728,2023-07-28,Friday,July,3,2023,False
20230729,2023-07-29,Saturday,July,3,2023,True
20230730,2023-07-30,Sunday,July,3,2023,True
20230731,2023-07-31,Monday,July,3,2023,False
20230801,2023-08-01,Tuesday,August,3,2023,False
20230802,2023-08-02,Wednesday,August,3,2023,False
20230803,2023-08-03,Thursday,August,3,2023,False
20230804,2023-08-04,Friday,August,3,2023,False
20230805,2023-08-05,Saturday,August,3,2023,True
20230806,2023-08-06,Sunday,August,3,2023,True
20230807,2023-08-07,Monday,August,3,2023,False
20230808,2023-08-08,Tuesday,August,3,2023,False
20230809,2023-08-09,Wednesday,August,3,2023,False
20230810,2023-08-10,Thursday,August,3,2023,False
20230811,2023-08-11,Friday,August,3,2023,False
20230812,2023-08-12,Saturday,August,3,2023,True
20230813,2023-08-13,Sunday,August,3,2023,True
20230814,2023-08-14,Monday,August,3,2023,False
20230815,2023-08-15,Tuesday,August,3,2023,False
20230816,2023-08-16,Wednesday,August,3,2023,False
20230817,2023-08-17,Thursday,August,3,2023,False
20230818,2023-08-18,Friday,August,3,2023,False
20230819,2023-08-19,Saturday,August,3,2023,True
20230820,2023-08-20,Sunday,August,3,2023,True
20230821,2023-08-21,Monday,August,3,2023,False
20230822,2023-08-22,Tuesday,August,3,2023,False
20230823,2023-08-23,Wednesday,August,3,2023,False
20230824,2023-08-24,Thursday,August,3,2023,False
20230825,2023-08-25,Friday,August,3,2023,False
20230826,2023-08-26,Saturday,August,3,2023,True
20230827,2023-08-27,Sunday,August,3,2023,True
20230828,2023-08-28,Monday,August,3,2023,False
20230829,2023-08-29,Tuesday,August,3,2023,False
20230830,2023-08-30,Wednesday,August,3,2023,False
20230831,2023-08-31,Thursday,August,3,2023,False
20230901,2023-09-01,Friday,September,3,2023,False
20230902,2023-09-02,Saturday,September,3,2023,True
20230903,2023-09-03,Sunday,September,3,2023,True
20230904,2023-09-04,Monday,September,3,2023,False
20230905,2023-09-05,Tuesday,September,3,2023,False
20230906,2023-09-06,Wednesday,September,3,2023,False
20230907,2023-09-07,Thursday,September,3,2023,False
20230908,2023-09-08,Friday,September,3,2023,False
20230909,2023-09-09,Saturday,September,3,2023,True
20230910,2023-09-10,Sunday,September,3,2023,True
20230911,2023-09-11,Monday,September,3,2023,False
20230912,2023-09-12,Tuesday,September,3,2023,False
20230913,2023-09-13,Wednesday,September,3,2023,False
20230914,2023-09-14,Thursday,September,3,2023,False
20230915,2023-09-15,Friday,September,3,2023,False
20230916,2023-09-16,Saturday,September,3,2023,True
20230917,2023-09-17,Sunday,September,3,2023,True
20230918,2023-09-18,Monday,September,3,2023,False
20230919,2023-09-19,Tuesday,September,3,2023,False
20230920,2023-09-20,Wednesday,September,3,2023,False
20230921,2023-09-21,Thursday,September,3,2023,False
20230922,2023-09-22,Friday,September,3,2023,False
20230923,2023-09-23,Saturday,September,3,2023,True
20230924,2023-09-24,Sunday,September,3,2023,True
20230925,2023-09-25,Monday,September,3,2023,False
20230926,2023-09-26,Tuesday,September,3,2023,False
20230927,2023-09-27,Wednesday,September,3,2023,False
20230928,2023-09-28,Thursday,September,3,2023,False
20230929,2023-09-29,Friday,September,3,2023,False
20230930,2023-09-30,Saturday,September,3,2023,True
20231001,2023-10-01,Sunday,October,4,2023,True
20231002,2023-10-02,Monday,October,4,2023,False
20231003,2023-10-03,Tuesday,October,4,2023,False
20231004,2023-10-04,Wednesday,October,4,2023,False
20231005,2023-10-05,Thursday,October,4,2023,False
20231006,2023-10-06,Friday,October,4,2023,False
20231007,2023-10-07,Saturday,October,4,2023,True
20231008,2023-10-08,Sunday,October,4,2023,True
20231009,2023-10-09,Monday,October,4,2023,False
20231010,2023-10-10,Tuesday,October,4,2023,False
20231011,2023-10-11,Wednesday,October,4,2023,False
20231012,2023-10-12,Thursday,October,4,2023,False
20231013,2023-10-13,Friday,October,4,2023,False
20231014,2023-10-14,Saturday,October,4,2023,True
20231015,2023-10-15,Sunday,October,4,2023,True
20231016,2023-10-16,Monday,October,4,2023,False
20231017,2023-10-17,Tuesday,October,4,2023,False
20231018,2023-10-18,Wednesday,October,4,2023,False
20231019,2023-10-19,Thursday,October,4,2023,False
20231020,2023-10-20,Friday,October,4,2023,False
20231021,2023-10-21,Saturday,October,4,2023,True
20231022,2023-10-22,Sunday,October,4,2023,True
20231023,2023-10-23,Monday,October,4,2023,False
20231024,2023-10-24,Tuesday,October,4,2023,False
20231025,2023-10-25,Wednesday,October,4,2023,False
20231026,2023-10-26,Thursday,October,4,2023,False
20231027,2023-10-27,Friday,October,4,2023,False
20231028,2023-10-28,Saturday,October,4,2023,True
20231029,2023-10-29,Sunday,October,4,2023,True
20231030,2023-10-30,Monday,October,4,2023,False
20231031,2023-10-31,Tuesday,October,4,2023,False
20231101,2023-11-01,Wednesday,November,4,2023,False
20231102,2023-11-02,Thursday,November,4,2023,False
20231103,2023-11-03,Friday,November,4,2023,False
20231104,2023-11-04,Saturday,November,4,2023,True
20231105,2023-11-05,Sunday,November,4,2023,True
20231106,2023-11-06,Monday,November,4,2023,False
20231107,2023-11-07,Tuesday,November,4,2023,False
20231108,2023-11-08,Wednesday,November,4,2023,False
20231109,2023-11-09,Thursday,November,4,2023,False
20231110,2023-11-10,Friday,November,4,2023,False
20231111,2023-11-11,Saturday,November,4,2023,True
20231112,2023-11-12,Sunday,November,4,2023,True
20231113,2023-11-13,Monday,November,4,2023,False
20231114,2023-11-14,Tuesday,November,4,2023,False
20231115,2023-11-15,Wednesday,November,4,2023,False
20231116,2023-11-16,Thursday,November,4,2023,False
20231117,2023-11-17,Friday,November,4,2023,False
20231118,2023-11-18,Saturday,November,4,2023,True
20231119,2023-11-19,Sunday,November,4,2023,True
20231120,2023-11-20,Monday,November,4,2023,False
20231121,2023-11-21,Tuesday,November,4,2023,False
20231122,2023-11-22,Wednesday,November,4,2023,False
20231123,2023-11-23,Thursday,November,4,2023,False
20231124,2023-11-24,Friday,November,4,2023,False
20231125,2023-11-25,Saturday,November,4,2023,True
20231126,2023-11-26,Sunday,November,4,2023,True
20231127,2023-11-27,Monday,November,4,2023,False
20231128,2023-11-28,Tuesday,November,4,2023,False
20231129,2023-11-29,Wednesday,November,4,2023,False
20231130,2023-11-30,Thursday,November,4,2023,False
20231201,2023-12-01,Friday,December,4,2023,False
20231202,2023-12-02,Saturday,December,4,2023,True
20231203,2023-12-03,Sunday,December,4,2023,True
20231204,2023-12-04,Monday,December,4,2023,False
20231205,2023-12-05,Tuesday,December,4,2023,False
20231206,2023-12-06,Wednesday,December,4,2023,False
20231207,2023-12-07,Thursday,December,4,2023,False
20231208,2023-12-08,Friday,December,4,2023,False
20231209,2023-12-09,Saturday,December,4,2023,True
20231210,2023-12-10,Sunday,December,4,2023,True
20231211,2023-12-11,Monday,December,4,2023,False
20231212,2023-12-12,Tuesday,December,4,2023,False
20231213,2023-12-13,Wednesday,December,4,2023,False
20231214,2023-12-14,Thursday,December,4,2023,False
20231215,2023-12-15,Friday,December,4,2023,False
20231216,2023-12-16,Saturday,December,4,2023,True
20231217,2023-12-17,Sunday,December,4,2023,True
20231218,2023-12-18,Monday,December,4,2023,False
20231219,2023-12-19,Tuesday,December,4,2023,False
20231220,2023-12-20,Wednesday,December,4,2023,False
20231221,2023-12-21,Thursday,December,4,2023,False
20231222,2023-12-22,Friday,December,4,2023,False
20231223,2023-12-23,Saturday,December,4,2023,True
20231224,2023-12-24,Sunday,December,4,2023,True
20231225,2023-12-25,Monday,December,4,2023,False
20231226,2023-12-26,Tuesday,December,4,2023,False
20231227,2023-12-27,Wednesday,December,4,2023,False
20231228,2023-12-28,Thursday,December,4,2023,False
20231229,2023-12-29,Friday,December,4,2023,False
20231230,2023-12-30,Saturday,December,4,2023,True
20231231,2023-12-31,Sunday,December,4,2023,True
20240101,2024-01-01,Monday,January,1,2024,False
20240102,2024-01-02,Tuesday,January,1,2024,False
20240103,2024-01-03,Wednesday,January,1,2024,False
20240104,2024-01-04,Thursday,January,1,2024,False
20240105,2024-01-05,Friday,January,1,2024,False
20240106,2024-01-06,Saturday,January,1,2024,True
20240107,2024-01-07,Sunday,January,1,2024,True
20240108,2024-01-08,Monday,January,1,2024,False
20240109,2024-01-09,Tuesday,January,1,2024,False
20240110,2024-01-10,Wednesday,January,1,2024,False
20240111,2024-01-11,Thursday,January,1,2024,False
20240112,2024-01-12,Friday,January,1,2024,False
20240113,2024-01-13,Saturday,January,1,2024,True
20240114,2024-01-14,Sunday,January,1,2024,True
20240115,2024-01-15,Monday,January,1,2024,False
20240116,2024-01-16,Tuesday,January,1,2024,False
20240117,2024-01-17,Wednesday,January,1,2024,False
20240118,2024-01-18,Thursday,January,1,2024,False
20240119,2024-01-19,Friday,January,1,2024,False
20240120,2024-01-20,Saturday,January,1,2024,True
20240121,2024-01-21,Sunday,January,1,2024,True
20240122,2024-01-22,Monday,January,1,2024,False
20240123,2024-01-23,Tuesday,January,1,2024,False
20240124,2024-01-24,Wednesday,January,1,2024,False
20240125,2024-01-25,Thursday,January,1,2024,False
20240126,2024-01-26,Friday,January,1,2024,False
20240127,2024-01-27,Saturday,January,1,2024,True
20240128,2024-01-28,Sunday,January,1,2024,True
20240129,2024-01-29,Monday,January,1,2024,False
20240130,2024-01-30,Tuesday,January,1,2024,False
20240131,2024-01-31,Wednesday,January,1,2024,False
20240201,2024-02-01,Thursday,February,1,2024,False
20240202,2024-02-02,Friday,February,1,2024,False
20240203,2024-02-03,Saturday,February,1,2024,True
20240204,2024-02-04,Sunday,February,1,2024,True
20240205,2024-02-05,Monday,February,1,2024,False
20240206,2024-02-06,Tuesday,February,1,2024,False
20240207,2024-02-07,Wednesday,February,1,2024,False
20240208,2024-02-08,Thursday,February,1,2024,False
20240209,2024-02-09,Friday,February,1,2024,False
20240210,2024-02-10,Saturday,February,1,2024,True
20240211,2024-02-11,Sunday,February,1,2024,True
20240212,2024-02-12,Monday,February,1,2024,False
20240213,2024-02-13,Tuesday,February,1,2024,False
20240214,2024-02-14,Wednesday,February,1,2024,False
20240215,2024-02-15,Thursday,February,1,2024,False
20240216,2024-02-16,Friday,February,1,2024,False
20240217,2024-02-17,Saturday,February,1,2024,True
20240218,2024-02-18,Sunday,February,1,2024,True
20240219,2024-02-19,Monday,February,1,2024,False
20240220,2024-02-20,Tuesday,February,1,2024,False
20240221,2024-02-21,Wednesday,February,1,2024,False
20240222,2024-02-22,Thursday,February,1,2024,False
20240223,2024-02-23,Friday,February,1,2024,False
20240224,2024-02-24,Saturday,February,1,2024,True
20240225,2024-02-25,Sunday,February,1,2024,True
20240226,2024-02-26,Monday,February,1,2024,False
20240227,2024-02-27,Tuesday,February,1,2024,False
20240228,2024-02-28,Wednesday,February,1,2024,False
20240229,2024-02-29,Thursday,February,1,2024,False
20240301,2024-03-01,Friday,March,1,2024,False
20240302,2024-03-02,Saturday,March,1,2024,True
20240303,2024-03-03,Sunday,March,1,2024,True
20240304,2024-03-04,Monday,March,1,2024,False
20240305,2024-03-05,Tuesday,March,1,2024,False
20240306,2024-03-06,Wednesday,March,1,2024,False
20240307,2024-03-07,Thursday,March,1,2024,False
20240308,2024-03-08,Friday,March,1,2024,False
20240309,2024-03-09,Saturday,March,1,2024,True
20240310,2024-03-10,Sunday,March,1,2024,True
20240311,2024-03-11,Monday,March,1,2024,False
20240312,2024-03-12,Tuesday,March,1,2024,False
20240313,2024-03-13,Wednesday,March,1,2024,False
20240314,2024-03-14,Thursday,March,1,2024,False
20240315,2024-03-15,Friday,March,1,2024,False
20240316,2024-03-16,Saturday,March,1,2024,True
20240317,2024-03-17,Sunday,March,1,2024,True
20240318,2024-03-18,Monday,March,1,2024,False
20240319,2024-03-19,Tuesday,March,1,2024,False
20240320,2024-03-20,Wednesday,March,1,2024,False
20240321,2024-03-21,Thursday,March,1,2024,False
20240322,2024-03-22,Friday,March,1,2024,False
20240323,2024-03-23,Saturday,March,1,2024,True
20240324,2024-03-24,Sunday,March,1,2024,True
20240325,2024-03-25,Monday,March,1,2024,False
20240326,2024-03-26,Tuesday,March,1,2024,False
20240327,2024-03-27,Wednesday,March,1,2024,False
20240328,2024-03-28,Thursday,March,1,2024,False
20240329,2024-03-29,Friday,March,1,2024,False
20240330,2024-03-30,Saturday,March,1,2024,True
20240331,2024-03-31,Sunday,March,1,2024,True
20240401,2024-04-01,Monday,April,2,2024,False
20240402,2024-04-02,Tuesday,April,2,2024,False
20240403,2024-04-03,Wednesday,April,2,2024,False
20240404,2024-04-04,Thursday,April,2,2024,False
20240405,2024-04-05,Friday,April,2,2024,False
20240406,2024-04-06,Saturday,April,2,2024,True
20240407,2024-04-07,Sunday,April,2,2024,True
20240408,2024-04-08,Monday,April,2,2024,False
20240409,2024-04-09,Tuesday,April,2,2024,False
20240410,2024-04-10,Wednesday,April,2,2024,False
20240411,2024-04-11,Thursday,April,2,2024,False
20240412,2024-04-12,Friday,April,2,2024,False
20240413,2024-04-13,Saturday,April,2,2024,True
20240414,2024-04-14,Sunday,April,2,2024,True
20240415,2024-04-15,Monday,April,2,2024,False
20240416,2024-04-16,Tuesday,April,2,2024,False
20240417,2024-04-17,Wednesday,April,2,2024,False
20240418,2024-04-18,Thursday,April,2,2024,False
20240419,2024-04-19,Friday,April,2,2024,False
20240420,2024-04-20,Saturday,April,2,2024,True
20240421,2024-04-21,Sunday,April,2,2024,True
20240422,2024-04-22,Monday,April,2,2024,False
20240423,2024-04-23,Tuesday,April,2,2024,False
20240424,2024-04-24,Wednesday,April,2,2024,False
20240425,2024-04-25,Thursday,April,2,2024,False
20240426,2024-04-26,Friday,April,2,2024,False
20240427,2024-04-27,Saturday,April,2,2024,True
20240428,2024-04-28,Sunday,April,2,2024,True
20240429,2024-04-29,Monday,April,2,2024,False
20240430,2024-04-30,Tuesday,April,2,2024,False
20240501,2024-05-01,Wednesday,May,2,2024,False
20240502,2024-05-02,Thursday,May,2,2024,False
20240503,2024-05-03,Friday,May,2,2024,False
20240504,2024-05-04,Saturday,May,2,2024,True
20240505,2024-05-05,Sunday,May,2,2024,True
20240506,2024-05-06,Monday,May,2,2024,False
20240507,2024-05-07,Tuesday,May,2,2024,False
20240508,2024-05-08,Wednesday,May,2,2024,False
20240509,2024-05-09,Thursday,May,2,2024,False
20240510,2024-05-10,Friday,May,2,2024,False
20240511,2024-05-11,Saturday,May,2,2024,True
20240512,2024-05-12,Sunday,May,2,2024,True
20240513,2024-05-13,Monday,May,2,2024,False
20240514,2024-05-14,Tuesday,May,2,2024,False
20240515,2024-05-15,Wednesday,May,2,2024,False
20240516,2024-05-16,Thursday,May,2,2024,False
20240517,2024-05-17,Friday,May,2,2024,False
20240518,2024-05-18,Saturday,May,2,2024,True
20240519,2024-05-19,Sunday,May,2,2024,True
20240520,2024-05-20,Monday,May,2,2024,False
20240521,2024-05-21,Tuesday,May,2,2024,False
20240522,2024-05-22,Wednesday,May,2,2024,False
20240523,2024-05-23,Thursday,May,2,2024,False
20240524,2024-05-24,Friday,May,2,2024,False
20240525,2024-05-25,Saturday,May,2,2024,True
20240526,2024-05-26,Sunday,May,2,2024,True
20240527,2024-05-27,Monday,May,2,2024,False
20240528,2024-05-28,Tuesday,May,2,2024,False
20240529,2024-05-29,Wednesday,May,2,2024,False
20240530,2024-05-30,Thursday,May,2,2024,False
20240531,2024-05-31,Friday,May,2,2024,False
20240601,2024-06-01,Saturday,June,2,2024,True
20240602,2024-06-02,Sunday,June,2,2024,True
20240603,2024-06-03,Monday,June,2,2024,False
20240604,2024-06-04,Tuesday,June,2,2024,False
20240605,2024-06-05,Wednesday,June,2,2024,False
20240606,2024-06-06,Thursday,June,2,2024,False
20240607,2024-06-07,Friday,June,2,2024,False
20240608,2024-06-08,Saturday,June,2,2024,True
20240609,2024-06-09,Sunday,June,2,2024,True
20240610,2024-06-10,Monday,June,2,2024,False
20240611,2024-06-11,Tuesday,June,2,2024,False
20240612,2024-06-12,Wednesday,June,2,2024,False
20240613,2024-06-13,Thursday,June,2,2024,False
20240614,2024-06-14,Friday,June,2,2024,False
20240615,2024-06-15,Saturday,June,2,2024,True
20240616,2024-06-16,Sunday,June,2,2024,True
20240617,2024-06-17,Monday,June,2,2024,False
20240618,2024-06-18,Tuesday,June,2,2024,False
20240619,2024-06-19,Wednesday,June,2,2024,False
20240620,2024-06-20,Thursday,June,2,2024,False
20240621,2024-06-21,Friday,June,2,2024,False
20240622,2024-06-22,Saturday,June,2,2024,True
20240623,2024-06-23,Sunday,June,2,2024,True
20240624,2024-06-24,Monday,June,2,2024,False
20240625,2024-06-25,Tuesday,June,2,2024,False
20240626,2024-06-26,Wednesday,June,2,2024,False
20240627,2024-06-27,Thursday,June,2,2024,False
20240628,2024-06-28,Friday,June,2,2024,False
20240629,2024-06-29,Saturday,June,2,2024,True
20240630,2024-06-30,Sunday,June,2,2024,True
20240701,2024-07-01,Monday,July,3,2024,False
20240702,2024-07-02,Tuesday,July,3,2024,False
20240703,2024-07-03,Wednesday,July,3,2024,False
20240704,2024-07-04,Thursday,July,3,2024,False
20240705,2024-07-05,Friday,July,3,2024,False
20240706,2024-07-06,Saturday,July,3,2024,True
20240707,2024-07-07,Sunday,July,3,2024,True
20240708,2024-07-08,Monday,July,3,2024,False
20240709,2024-07-09,Tuesday,July,3,2024,False
20240710,2024-07-10,Wednesday,July,3,2024,False
20240711,2024-07-11,Thursday,July,3,2024,False
20240712,2024-07-12,Friday,July,3,2024,False
20240713,2024-07-13,Saturday,July,3,2024,True
20240714,2024-07-14,Sunday,July,3,2024,True
20240715,2024-07-15,Monday,July,3,2024,False
20240716,2024-07-16,Tuesday,July,3,2024,False
20240717,2024-07-17,Wednesday,July,3,2024,False
20240718,2024-07-18,Thursday,July,3,2024,False
20240719,2024-07-19,Friday,July,3,2024,False
20240720,2024-07-20,Saturday,July,3,2024,True
20240721,2024-07-21,Sunday,July,3,2024,True
20240722,2024-07-22,Monday,July,3,2024,False
20240723,2024-07-23,Tuesday,July,3,2024,False
20240724,2024-07-24,Wednesday,July,3,2024,False
20240725,2024-07-25,Thursday,July,3,2024,False
20240726,2024-07-26,Friday,July,3,2024,False
20240727,2024-07-27,Saturday,July,3,2024,True
20240728,2024-07-28,Sunday,July,3,2024,True
20240729,2024-07-29,Monday,July,3,2024,False
20240730,2024-07-30,Tuesday,July,3,2024,False
20240731,2024-07-31,Wednesday,July,3,2024,False
20240801,2024-08-01,Thursday,August,3,2024,False
20240802,2024-08-02,Friday,August,3,2024,False
20240803,2024-08-03,Saturday,August,3,2024,True
20240804,2024-08-04,Sunday,August,3,2024,True
20240805,2024-08-05,Monday,August,3,2024,False
20240806,2024-08-06,Tuesday,August,3,2024,False
20240807,2024-08-07,Wednesday,August,3,2024,False
20240808,2024-08-08,Thursday,August,3,2024,False
20240809,2024-08-09,Friday,August,3,2024,False
20240810,2024-08-10,Saturday,August,3,2024,True
20240811,2024-08-11,Sunday,August,3,2024,True
20240812,2024-08-12,Monday,August,3,2024,False
20240813,2024-08-13,Tuesday,August,3,2024,False
20240814,2024-08-14,Wednesday,August,3,2024,False
20240815,2024-08-15,Thursday,August,3,2024,False
20240816,2024-08-16,Friday,August,3,2024,False
20240817,2024-08-17,Saturday,August,3,2024,True
20240818,2024-08-18,Sunday,August,3,2024,True
20240819,2024-08-19,Monday,August,3,2024,False
20240820,2024-08-20,Tuesday,August,3,2024,False
20240821,2024-08-21,Wednesday,August,3,2024,False
20240822,2024-08-22,Thursday,August,3,2024,False
20240823,2024-08-23,Friday,August,3,2024,False
20240824,2024-08-24,Saturday,August,3,2024,True
20240825,2024-08-25,Sunday,August,3,2024,True
20240826,2024-08-26,Monday,August,3,2024,False
20240827,2024-08-27,Tuesday,August,3,2024,False
20240828,2024-08-28,Wednesday,August,3,2024,False
20240829,2024-08-29,Thursday,August,3,2024,False
20240830,2024-08-30,Friday,August,3,2024,False
20240831,2024-08-31,Saturday,August,3,2024,True
20240901,2024-09-01,Sunday,September,3,2024,True
20240902,2024-09-02,Monday,September,3,2024,False
20240903,2024-09-03,Tuesday,September,3,2024,False
20240904,2024-09-04,Wednesday,September,3,2024,False
20240905,2024-09-05,Thursday,September,3,2024,False
20240906,2024-09-06,Friday,September,3,2024,False
20240907,2024-09-07,Saturday,September,3,2024,True
20240908,2024-09-08,Sunday,September,3,2024,True
20240909,2024-09-09,Monday,September,3,2024,False
20240910,2024-09-10,Tuesday,September,3,2024,False
20240911,2024-09-11,Wednesday,September,3,2024,False
20240912,2024-09-12,Thursday,September,3,2024,False
20240913,2024-09-13,Friday,September,3,2024,False
20240914,2024-09-14,Saturday,September,3,2024,True
20240915,2024-09-15,Sunday,September,3,2024,True
20240916,2024-09-16,Monday,September,3,2024,False
20240917,2024-09-17,Tuesday,September,3,2024,False
20240918,2024-09-18,Wednesday,September,3,2024,False
20240919,2024-09-19,Thursday,September,3,2024,False
20240920,2024-09-20,Friday,September,3,2024,False
20240921,2024-09-21,Saturday,September,3,2024,True
20240922,2024-09-22,Sunday,September,3,2024,True
20240923,2024-09-23,Monday,September,3,2024,False
20240924,2024-09-24,Tuesday,September,3,2024,False
20240925,2024-09-25,Wednesday,September,3,2024,False
20240926,2024-09-26,Thursday,September,3,2024,False
20240927,2024-09-27,Friday,September,3,2024,False
20240928,2024-09-28,Saturday,September,3,2024,True
20240929,2024-09-29,Sunday,September,3,2024,True
20240930,2024-09-30,Monday,September,3,2024,False
20241001,2024-10-01,Tuesday,October,4,2024,False
20241002,2024-10-02,Wednesday,October,4,2024,False
20241003,2024-10-03,Thursday,October,4,2024,False
20241004,2024-10-04,Friday,October,4,2024,False
20241005,2024-10-05,Saturday,October,4,2024,True
20241006,2024-10-06,Sunday,October,4,2024,True
20241007,2024-10-07,Monday,October,4,2024,False
20241008,2024-10-08,Tuesday,October,4,2024,False
20241009,2024-10-09,Wednesday,October,4,2024,False
20241010,2024-10-10,Thursday,October,4,2024,False
20241011,2024-10-11,Friday,October,4,2024,False
20241012,2024-10-12,Saturday,October,4,2024,True
20241013,2024-10-13,Sunday,October,4,2024,True
20241014,2024-10-14,Monday,October,4,2024,False
20241015,2024-10-15,Tuesday,October,4,2024,False
20241016,2024-10-16,Wednesday,October,4,2024,False
20241017,2024-10-17,Thursday,October,4,2024,False
20241018,2024-10-18,Friday,October,4,2024,False
20241019,2024-10-19,Saturday,October,4,2024,True
20241020,2024-10-20,Sunday,October,4,2024,True
20241021,2024-10-21,Monday,October,4,2024,False
20241022,2024-10-22,Tuesday,October,4,2024,False
20241023,2024-10-23,Wednesday,October,4,2024,False
20241024,2024-10-24,Thursday,October,4,2024,False
20241025,2024-10-25,Friday,October,4,2024,False
20241026,2024-10-26,Saturday,October,4,2024,True
20241027,2024-10-27,Sunday,October,4,2024,True
20241028,2024-10-28,Monday,October,4,2024,False
20241029,2024-10-29,Tuesday,October,4,2024,False
20241030,2024-10-30,Wednesday,October,4,2024,False
20241031,2024-10-31,Thursday,October,4,2024,False
20241101,2024-11-01,Friday,November,4,2024,False
20241102,2024-11-02,Saturday,November,4,2024,True
20241103,2024-11-03,Sunday,November,4,2024,True
20241104,2024-11-04,Monday,November,4,2024,False
20241105,2024-11-05,Tuesday,November,4,2024,False
20241106,2024-11-06,Wednesday,November,4,2024,False
20241107,2024-11-07,Thursday,November,4,2024,False
20241108,2024-11-08,Friday,November,4,2024,False
20241109,2024-11-09,Saturday,November,4,2024,True
20241110,2024-11-10,Sunday,November,4,2024,True
20241111,2024-11-11,Monday,November,4,2024,False
20241112,2024-11-12,Tuesday,November,4,2024,False
20241113,2024-11-13,Wednesday,November,4,2024,False
20241114,2024-11-14,Thursday,November,4,2024,False
20241115,2024-11-15,Friday,November,4,2024,False
20241116,2024-11-16,Saturday,November,4,2024,True
20241117,2024-11-17,Sunday,November,4,2024,True
20241118,2024-11-18,Monday,November,4,2024,False
20241119,2024-11-19,Tuesday,November,4,2024,False
20241120,2024-11-20,Wednesday,November,4,2024,False
20241121,2024-11-21,Thursday,November,4,2024,False
20241122,2024-11-22,Friday,November,4,2024,False
20241123,2024-11-23,Saturday,November,4,2024,True
20241124,2024-11-24,Sunday,November,4,2024,True
20241125,2024-11-25,Monday,November,4,2024,False
20241126,2024-11-26,Tuesday,November,4,2024,False
20241127,2024-11-27,Wednesday,November,4,2024,False
20241128,2024-11-28,Thursday,November,4,2024,False
20241129,2024-11-29,Friday,November,4,2024,False
20241130,2024-11-30,Saturday,November,4,2024,True
20241201,2024-12-01,Sunday,December,4,2024,True
20241202,2024-12-02,Monday,December,4,2024,False
20241203,2024-12-03,Tuesday,December,4,2024,False
20241204,2024-12-04,Wednesday,December,4,2024,False
20241205,2024-12-05,Thursday,December,4,2024,False
20241206,2024-12-06,Friday,December,4,2024,False
20241207,2024-12-07,Saturday,December,4,2024,True
20241208,2024-12-08,Sunday,December,4,2024,True
20241209,2024-12-09,Monday,December,4,2024,False
20241210,2024-12-10,Tuesday,December,4,2024,False
20241211,2024-12-11,Wednesday,December,4,2024,False
20241212,2024-12-12,Thursday,December,4,2024,False
20241213,2024-12-13,Friday,December,4,2024,False
20241214,2024-12-14,Saturday,December,4,2024,True
20241215,2024-12-15,Sunday,December,4,2024,True
20241216,2024-12-16,Monday,December,4,2024,False
20241217,2024-12-17,Tuesday,December,4,2024,False
20241218,2024-12-18,Wednesday,December,4,2024,False
20241219,2024-12-19,Thursday,December,4,2024,False
20241220,2024-12-20,Friday,December,4,2024,False
20241221,2024-12-21,Saturday,December,4,2024,True
20241222,2024-12-22,Sunday,December,4,2024,True
20241223,2024-12-23,Monday,December,4,2024,False
20241224,2024-12-24,Tuesday,December,4,2024,False
20241225,2024-12-25,Wednesday,December,4,2024,False
20241226,2024-12-26,Thursday,December,4,2024,False
20241227,2024-12-27,Friday,December,4,2024,False
20241228,2024-12-28,Saturday,December,4,2024,True
20241229,2024-12-29,Sunday,December,4,2024,True
20241230,2024-12-30,Monday,December,4,2024,False
20241231,2024-12-31,Tuesday,December,4,2024,False
20250101,2025-01-01,Wednesday,January,1,2025,False
20250102,2025-01-02,Thursday,January,1,2025,False
20250103,2025-01-03,Friday,January,1,2025,False
20250104,2025-01-04,Saturday,January,1,2025,True
20250105,2025-01-05,Sunday,January,1,2025,True
20250106,2025-01-06,Monday,January,1,2025,False
20250107,2025-01-07,Tuesday,January,1,2025,False
20250108,2025-01-08,Wednesday,January,1,2025,False
20250109,2025-01-09,Thursday,January,1,2025,False
20250110,2025-01-10,Friday,January,1,2025,False
20250111,2025-01-11,Saturday,January,1,2025,True
20250112,2025-01-12,Sunday,January,1,2025,True
20250113,2025-01-13,Monday,January,1,2025,False
20250114,2025-01-14,Tuesday,January,1,2025,False
20250115,2025-01-15,Wednesday,January,1,2025,False
20250116,2025-01-16,Thursday,January,1,2025,False
20250117,2025-01-17,Friday,January,1,2025,False
20250118,2025-01-18,Saturday,January,1,2025,True
20250119,2025-01-19,Sunday,January,1,2025,True
20250120,2025-01-20,Monday,January,1,2025,False
20250121,2025-01-21,Tuesday,January,1,2025,False
20250122,2025-01-22,Wednesday,January,1,2025,False
20250123,2025-01-23,Thursday,January,1,2025,False
20250124,2025-01-24,Friday,January,1,2025,False
20250125,2025-01-25,Saturday,January,1,2025,True
20250126,2025-01-26,Sunday,January,1,2025,True
20250127,2025-01-27,Monday,January,1,2025,False
20250128,2025-01-28,Tuesday,January,1,2025,False
20250129,2025-01-29,Wednesday,January,1,2025,False
20250130,2025-01-30,Thursday,January,1,2025,False
20250131,2025-01-31,Friday,January,1,2025,False
20250201,2025-02-01,Saturday,February,1,2025,True
20250202,2025-02-02,Sunday,February,1,2025,True
20250203,2025-02-03,Monday,February,1,2025,False
20250204,2025-02-04,Tuesday,February,1,2025,False
20250205,2025-02-05,Wednesday,February,1,2025,False
20250206,2025-02-06,Thursday,February,1,2025,False
20250207,2025-02-07,Friday,February,1,2025,False
20250208,2025-02-08,Saturday,February,1,2025,True
20250209,2025-02-09,Sunday,February,1,2025,True
20250210,2025-02-10,Monday,February,1,2025,False
20250211,2025-02-11,Tuesday,February,1,2025,False
20250212,2025-02-12,Wednesday,February,1,2025,False
20250213,2025-02-13,Thursday,February,1,2025,False
20250214,2025-02-14,Friday,February,1,2025,False
20250215,2025-02-15,Saturday,February,1,2025,True
20250216,2025-02-16,Sunday,February,1,2025,True
20250217,2025-02-17,Monday,February,1,2025,False
20250218,2025-02-18,Tuesday,February,1,2025,False
20250219,2025-02-19,Wednesday,February,1,2025,False
20250220,2025-02-20,Thursday,February,1,2025,False
20250221,2025-02-21,Friday,February,1,2025,False
20250222,2025-02-22,Saturday,February,1,2025,True
20250223,2025-02-23,Sunday,February,1,2025,True
20250224,2025-02-24,Monday,February,1,2025,False
20250225,2025-02-25,Tuesday,February,1,2025,False
20250226,2025-02-26,Wednesday,February,1,2025,False
20250227,2025-02-27,Thursday,February,1,2025,False
20250228,2025-02-28,Friday,February,1,2025,False
20250301,2025-03-01,Saturday,March,1,2025,True
20250302,2025-03-02,Sunday,March,1,2025,True
20250303,2025-03-03,Monday,March,1,2025,False
20250304,2025-03-04,Tuesday,March,1,2025,False
20250305,2025-03-05,Wednesday,March,1,2025,False
20250306,2025-03-06,Thursday,March,1,2025,False
20250307,2025-03-07,Friday,March,1,2025,False
20250308,2025-03-08,Saturday,March,1,2025,True
20250309,2025-03-09,Sunday,March,1,2025,True
20250310,2025-03-10,Monday,March,1,2025,False
20250311,2025-03-11,Tuesday,March,1,2025,False
20250312,2025-03-12,Wednesday,March,1,2025,False
20250313,2025-03-13,Thursday,March,1,2025,False
20250314,2025-03-14,Friday,March,1,2025,False
20250315,2025-03-15,Saturday,March,1,2025,True
20250316,2025-03-16,Sunday,March,1,2025,True
20250317,2025-03-17,Monday,March,1,2025,False
20250318,2025-03-18,Tuesday,March,1,2025,False
20250319,2025-03-19,Wednesday,March,1,2025,False
20250320,2025-03-20,Thursday,March,1,2025,False
20250321,2025-03-21,Friday,March,1,2025,False
20250322,2025-03-22,Saturday,March,1,2025,True
20250323,2025-03-23,Sunday,March,1,2025,True
20250324,2025-03-24,Monday,March,1,2025,False
20250325,2025-03-25,Tuesday,March,1,2025,False
20250326,2025-03-26,Wednesday,March,1,2025,False
20250327,2025-03-27,Thursday,March,1,2025,False
20250328,2025-03-28,Friday,March,1,2025,False
20250329,2025-03-29,Saturday,March,1,2025,True
20250330,2025-03-30,Sunday,March,1,2025,True
20250331,2025-03-31,Monday,March,1,2025,False
20250401,2025-04-01,Tuesday,April,2,2025,False
20250402,2025-04-02,Wednesday,April,2,2025,False
20250403,2025-04-03,Thursday,April,2,2025,False
20250404,2025-04-04,Friday,April,2,2025,False
20250405,2025-04-05,Saturday,April,2,2025,True
20250406,2025-04-06,Sunday,April,2,2025,True
20250407,2025-04-07,Monday,April,2,2025,False
20250408,2025-04-08,Tuesday,April,2,2025,False
20250409,2025-04-09,Wednesday,April,2,2025,False
20250410,2025-04-10,Thursday,April,2,2025,False
20250411,2025-04-11,Friday,April,2,2025,False
20250412,2025-04-12,Saturday,April,2,2025,True
20250413,2025-04-13,Sunday,April,2,2025,True
20250414,2025-04-14,Monday,April,2,2025,False
20250415,2025-04-15,Tuesday,April,2,2025,False
20250416,2025-04-16,Wednesday,April,2,2025,False
20250417,2025-04-17,Thursday,April,2,2025,False
20250418,2025-04-18,Friday,April,2,2025,False
20250419,2025-04-19,Saturday,April,2,2025,True
20250420,2025-04-20,Sunday,April,2,2025,True
20250421,2025-04-21,Monday,April,2,2025,False
20250422,2025-04-22,Tuesday,April,2,2025,False
20250423,2025-04-23,Wednesday,April,2,2025,False
20250424,2025-04-24,Thursday,April,2,2025,False
20250425,2025-04-25,Friday,April,2,2025,False
20250426,2025-04-26,Saturday,April,2,2025,True
20250427,2025-04-27,Sunday,April,2,2025,True
20250428,2025-04-28,Monday,April,2,2025,False
20250429,2025-04-29,Tuesday,April,2,2025,False
20250430,2025-04-30,Wednesday,April,2,2025,False
20250501,2025-05-01,Thursday,May,2,2025,False
20250502,2025-05-02,Friday,May,2,2025,False
20250503,2025-05-03,Saturday,May,2,2025,True
20250504,2025-05-04,Sunday,May,2,2025,True
20250505,2025-05-05,Monday,May,2,2025,False
20250506,2025-05-06,Tuesday,May,2,2025,False
20250507,2025-05-07,Wednesday,May,2,2025,False
20250508,2025-05-08,Thursday,May,2,2025,False
20250509,2025-05-09,Friday,May,2,2025,False
20250510,2025-05-10,Saturday,May,2,2025,True
20250511,2025-05-11,Sunday,May,2,2025,True
20250512,2025-05-12,Monday,May,2,2025,False
20250513,2025-05-13,Tuesday,May,2,2025,False
20250514,2025-05-14,Wednesday,May,2,2025,False
20250515,2025-05-15,Thursday,May,2,2025,False
20250516,2025-05-16,Friday,May,2,2025,False
20250517,2025-05-17,Saturday,May,2,2025,True
20250518,2025-05-18,Sunday,May,2,2025,True
20250519,2025-05-19,Monday,May,2,2025,False
20250520,2025-05-20,Tuesday,May,2,2025,False
20250521,2025-05-21,Wednesday,May,2,2025,False
20250522,2025-05-22,Thursday,May,2,2025,False
20250523,2025-05-23,Friday,May,2,2025,False
20250524,2025-05-24,Saturday,May,2,2025,True
20250525,2025-05-25,Sunday,May,2,2025,True
20250526,2025-05-26,Monday,May,2,2025,False
20250527,2025-05-27,Tuesday,May,2,2025,False
20250528,2025-05-28,Wednesday,May,2,2025,False
20250529,2025-05-29,Thursday,May,2,2025,False
20250530,2025-05-30,Friday,May,2,2025,False
20250531,2025-05-31,Saturday,May,2,2025,True
20250601,2025-06-01,Sunday,June,2,2025,True
20250602,2025-06-02,Monday,June,2,2025,False
20250603,2025-06-03,Tuesday,June,2,2025,False
20250604,2025-06-04,Wednesday,June,2,2025,False
20250605,2025-06-05,Thursday,June,2,2025,False
20250606,2025-06-06,Friday,June,2,2025,False
20250607,2025-06-07,Saturday,June,2,2025,True
20250608,2025-06-08,Sunday,June,2,2025,True
20250609,2025-06-09,Monday,June,2,2025,False
20250610,2025-06-10,Tuesday,June,2,2025,False
20250611,2025-06-11,Wednesday,June,2,2025,False
20250612,2025-06-12,Thursday,June,2,2025,False
20250613,2025-06-13,Friday,June,2,2025,False
20250614,2025-06-14,Saturday,June,2,2025,True
20250615,2025-06-15,Sunday,June,2,2025,True
20250616,2025-06-16,Monday,June,2,2025,False
20250617,2025-06-17,Tuesday,June,2,2025,False
20250618,2025-06-18,Wednesday,June,2,2025,False
20250619,2025-06-19,Thursday,June,2,2025,False
20250620,2025-06-20,Friday,June,2,2025,False
20250621,2025-06-21,Saturday,June,2,2025,True
20250622,2025-06-22,Sunday,June,2,2025,True
20250623,2025-06-23,Monday,June,2,2025,False
20250624,2025-06-24,Tuesday,June,2,2025,False
20250625,2025-06-25,Wednesday,June,2,2025,False
20250626,2025-06-26,Thursday,June,2,2025,False
20250627,2025-06-27,Friday,June,2,2025,False
20250628,2025-06-28,Saturday,June,2,2025,True
20250629,2025-06-29,Sunday,June,2,2025,True
20250630,2025-06-30,Monday,June,2,2025,False
20250701,2025-07-01,Tuesday,July,3,2025,False
20250702,2025-07-02,Wednesday,July,3,2025,False
20250703,2025-07-03,Thursday,July,3,2025,False
20250704,2025-07-04,Friday,July,3,2025,False
20250705,2025-07-05,Saturday,July,3,2025,True
20250706,2025-07-06,Sunday,July,3,2025,True
20250707,2025-07-07,Monday,July,3,2025,False
20250708,2025-07-08,Tuesday,July,3,2025,False
20250709,2025-07-09,Wednesday,July,3,2025,False
20250710,2025-07-10,Thursday,July,3,2025,False
20250711,2025-07-11,Friday,July,3,2025,False
20250712,2025-07-12,Saturday,July,3,2025,True
20250713,2025-07-13,Sunday,July,3,2025,True
20250714,2025-07-14,Monday,July,3,2025,False
20250715,2025-07-15,Tuesday,July,3,2025,False
20250716,2025-07-16,Wednesday,July,3,2025,False
20250717,2025-07-17,Thursday,July,3,2025,False
20250718,2025-07-18,Friday,July,3,2025,False
20250719,2025-07-19,Saturday,July,3,2025,True
20250720,2025-07-20,Sunday,July,3,2025,True
20250721,2025-07-21,Monday,July,3,2025,False
20250722,2025-07-22,Tuesday,July,3,2025,False
20250723,2025-07-23,Wednesday,July,3,2025,False
20250724,2025-07-24,Thursday,July,3,2025,False
20250725,2025-07-25,Friday,July,3,2025,False
20250726,2025-07-26,Saturday,July,3,2025,True
20250727,2025-07-27,Sunday,July,3,2025,True
20250728,2025-07-28,Monday,July,3,2025,False
20250729,2025-07-29,Tuesday,July,3,2025,False
20250730,2025-07-30,Wednesday,July,3,2025,False
20250731,2025-07-31,Thursday,July,3,2025,False
20250801,2025-08-01,Friday,August,3,2025,False
20250802,2025-08-02,Saturday,August,3,2025,True
20250803,2025-08-03,Sunday,August,3,2025,True
20250804,2025-08-04,Monday,August,3,2025,False
20250805,2025-08-05,Tuesday,August,3,2025,False
20250806,2025-08-06,Wednesday,August,3,2025,False
20250807,2025-08-07,Thursday,August,3,2025,False
20250808,2025-08-08,Friday,August,3,2025,False
20250809,2025-08-09,Saturday,August,3,2025,True
20250810,2025-08-10,Sunday,August,3,2025,True
20250811,2025-08-11,Monday,August,3,2025,False
20250812,2025-08-12,Tuesday,August,3,2025,False
20250813,2025-08-13,Wednesday,August,3,2025,False
20250814,2025-08-14,Thursday,August,3,2025,False
20250815,2025-08-15,Friday,August,3,2025,False
20250816,2025-08-16,Saturday,August,3,2025,True
20250817,2025-08-17,Sunday,August,3,2025,True
20250818,2025-08-18,Monday,August,3,2025,False
20250819,2025-08-19,Tuesday,August,3,2025,False
20250820,2025-08-20,Wednesday,August,3,2025,False
20250821,2025-08-21,Thursday,August,3,2025,False
20250822,2025-08-22,Friday,August,3,2025,False
20250823,2025-08-23,Saturday,August,3,2025,True
20250824,2025-08-24,Sunday,August,3,2025,True
20250825,2025-08-25,Monday,August,3,2025,False
20250826,2025-08-26,Tuesday,August,3,2025,False
20250827,2025-08-27,Wednesday,August,3,2025,False
20250828,2025-08-28,Thursday,August,3,2025,False
20250829,2025-08-29,Friday,August,3,2025,False
20250830,2025-08-30,Saturday,August,3,2025,True
20250831,2025-08-31,Sunday,August,3,2025,True
20250901,2025-09-01,Monday,September,3,2025,False
20250902,2025-09-02,Tuesday,September,3,2025,False
20250903,2025-09-03,Wednesday,September,3,2025,False
20250904,2025-09-04,Thursday,September,3,2025,False
20250905,2025-09-05,Friday,September,3,2025,False
20250906,2025-09-06,Saturday,September,3,2025,True
20250907,2025-09-07,Sunday,September,3,2025,True
20250908,2025-09-08,Monday,September,3,2025,False
20250909,2025-09-09,Tuesday,September,3,2025,False
20250910,2025-09-10,Wednesday,September,3,2025,False
20250911,2025-09-11,Thursday,September,3,2025,False
20250912,2025-09-12,Friday,September,3,2025,False
20250913,2025-09-13,Saturday,September,3,2025,True
20250914,2025-09-14,Sunday,September,3,2025,True
20250915,2025-09-15,Monday,September,3,2025,False
20250916,2025-09-16,Tuesday,September,3,2025,False
20250917,2025-09-17,Wednesday,September,3,2025,False
20250918,2025-09-18,Thursday,September,3,2025,False
20250919,2025-09-19,Friday,September,3,2025,False
20250920,2025-09-20,Saturday,September,3,2025,True
20250921,2025-09-21,Sunday,September,3,2025,True
20250922,2025-09-22,Monday,September,3,2025,False
20250923,2025-09-23,Tuesday,September,3,2025,False
20250924,2025-09-24,Wednesday,September,3,2025,False
20250925,2025-09-25,Thursday,September,3,2025,False
20250926,2025-09-26,Friday,September,3,2025,False
20250927,2025-09-27,Saturday,September,3,2025,True
20250928,2025-09-28,Sunday,September,3,2025,True
20250929,2025-09-29,Monday,September,3,2025,False
20250930,2025-09-30,Tuesday,September,3,2025,False
20251001,2025-10-01,Wednesday,October,4,2025,False
20251002,2025-10-02,Thursday,October,4,2025,False
20251003,2025-10-03,Friday,October,4,2025,False
20251004,2025-10-04,Saturday,October,4,2025,True
20251005,2025-10-05,Sunday,October,4,2025,True
20251006,2025-10-06,Monday,October,4,2025,False
20251007,2025-10-07,Tuesday,October,4,2025,False
20251008,2025-10-08,Wednesday,October,4,2025,False
20251009,2025-10-09,Thursday,October,4,2025,False
20251010,2025-10-10,Friday,October,4,2025,False
20251011,2025-10-11,Saturday,October,4,2025,True
20251012,2025-10-12,Sunday,October,4,2025,True
20251013,2025-10-13,Monday,October,4,2025,False
20251014,2025-10-14,Tuesday,October,4,2025,False
20251015,2025-10-15,Wednesday,October,4,2025,False
20251016,2025-10-16,Thursday,October,4,2025,False
20251017,2025-10-17,Friday,October,4,2025,False
20251018,2025-10-18,Saturday,October,4,2025,True
20251019,2025-10-19,Sunday,October,4,2025,True
20251020,2025-10-20,Monday,October,4,2025,False
20251021,2025-10-21,Tuesday,October,4,2025,False
20251022,2025-10-22,Wednesday,October,4,2025,False
20251023,2025-10-23,Thursday,October,4,2025,False
20251024,2025-10-24,Friday,October,4,2025,False
20251025,2025-10-25,Saturday,October,4,2025,True
20251026,2025-10-26,Sunday,October,4,2025,True
20251027,2025-10-27,Monday,October,4,2025,False
20251028,2025-10-28,Tuesday,October,4,2025,False
20251029,2025-10-29,Wednesday,October,4,2025,False
20251030,2025-10-30,Thursday,October,4,2025,False
20251031,2025-10-31,Friday,October,4,2025,False
20251101,2025-11-01,Saturday,November,4,2025,True
20251102,2025-11-02,Sunday,November,4,2025,True
20251103,2025-11-03,Monday,November,4,2025,False
20251104,2025-11-04,Tuesday,November,4,2025,False
20251105,2025-11-05,Wednesday,November,4,2025,False
20251106,2025-11-06,Thursday,November,4,2025,False
20251107,2025-11-07,Friday,November,4,2025,False
20251108,2025-11-08,Saturday,November,4,2025,True
20251109,2025-11-09,Sunday,November,4,2025,True
20251110,2025-11-10,Monday,November,4,2025,False
20251111,2025-11-11,Tuesday,November,4,2025,False
20251112,2025-11-12,Wednesday,November,4,2025,False
20251113,2025-11-13,Thursday,November,4,2025,False
20251114,2025-11-14,Friday,November,4,2025,False
20251115,2025-11-15,Saturday,November,4,2025,True
20251116,2025-11-16,Sunday,November,4,2025,True
20251117,2025-11-17,Monday,November,4,2025,False
20251118,2025-11-18,Tuesday,November,4,2025,False
20251119,2025-11-19,Wednesday,November,4,2025,False
20251120,2025-11-20,Thursday,November,4,2025,False
20251121,2025-11-21,Friday,November,4,2025,False
20251122,2025-11-22,Saturday,November,4,2025,True
20251123,2025-11-23,Sunday,November,4,2025,True
20251124,2025-11-24,Monday,November,4,2025,False
20251125,2025-11-25,Tuesday,November,4,2025,False
20251126,2025-11-26,Wednesday,November,4,2025,False
20251127,2025-11-27,Thursday,November,4,2025,False
20251128,2025-11-28,Friday,November,4,2025,False
20251129,2025-11-29,Saturday,November,4,2025,True
20251130,2025-11-30,Sunday,November,4,2025,True
20251201,2025-12-01,Monday,December,4,2025,False
20251202,2025-12-02,Tuesday,December,4,2025,False
20251203,2025-12-03,Wednesday,December,4,2025,False
20251204,2025-12-04,Thursday,December,4,2025,False
20251205,2025-12-05,Friday,December,4,2025,False
20251206,2025-12-06,Saturday,December,4,2025,True
20251207,2025-12-07,Sunday,December,4,2025,True
20251208,2025-12-08,Monday,December,4,2025,False
20251209,2025-12-09,Tuesday,December,4,2025,False
20251210,2025-12-10,Wednesday,December,4,2025,False
20251211,2025-12-11,Thursday,December,4,2025,False
20251212,2025-12-12,Friday,December,4,2025,False
20251213,2025-12-13,Saturday,December,4,2025,True
20251214,2025-12-14,Sunday,December,4,2025,True
20251215,2025-12-15,Monday,December,4,2025,False
20251216,2025-12-16,Tuesday,December,4,2025,False
20251217,2025-12-17,Wednesday,December,4,2025,False
20251218,2025-12-18,Thursday,December,4,2025,False
20251219,2025-12-19,Friday,December,4,2025,False
20251220,2025-12-20,Saturday,December,4,2025,True
20251221,2025-12-21,Sunday,December,4,2025,True
20251222,2025-12-22,Monday,December,4,2025,False
20251223,2025-12-23,Tuesday,December,4,2025,False
20251224,2025-12-24,Wednesday,December,4,2025,False
20251225,2025-12-25,Thursday,December,4,2025,False
20251226,2025-12-26,Friday,December,4,2025,False
20251227,2025-12-27,Saturday,December,4,2025,True
20251228,2025-12-28,Sunday,December,4,2025,True
20251229,2025-12-29,Monday,December,4,2025,False
20251230,2025-12-30,Tuesday,December,4,2025,False
20251231,2025-12-31,Wednesday,December,4,2025,False
20260101,2026-01-01,Thursday,January,1,2026,False
20260102,2026-01-02,Friday,January,1,2026,False
20260103,2026-01-03,Saturday,January,1,2026,True
20260104,2026-01-04,Sunday,January,1,2026,True
20260105,2026-01-05,Monday,January,1,2026,False
20260106,2026-01-06,Tuesday,January,1,2026,False
20260107,2026-01-07,Wednesday,January,1,2026,False
20260108,2026-01-08,Thursday,January,1,2026,False
20260109,2026-01-09,Friday,January,1,2026,False
20260110,2026-01-10,Saturday,January,1,2026,True
20260111,2026-01-11,Sunday,January,1,2026,True
20260112,2026-01-12,Monday,January,1,2026,False
20260113,2026-01-13,Tuesday,January,1,2026,False
20260114,2026-01-14,Wednesday,January,1,2026,False
20260115,2026-01-15,Thursday,January,1,2026,False
20260116,2026-01-16,Friday,January,1,2026,False
20260117,2026-01-17,Saturday,January,1,2026,True
20260118,2026-01-18,Sunday,January,1,2026,True
20260119,2026-01-19,Monday,January,1,2026,False
20260120,2026-01-20,Tuesday,January,1,2026,False
20260121,2026-01-21,Wednesday,January,1,2026,False
20260122,2026-01-22,Thursday,January,1,2026,False
20260123,2026-01-23,Friday,January,1,2026,False
20260124,2026-01-24,Saturday,January,1,2026,True
20260125,2026-01-25,Sunday,January,1,2026,True
20260126,2026-01-26,Monday,January,1,2026,False
20260127,2026-01-27,Tuesday,January,1,2026,False
20260128,2026-01-28,Wednesday,January,1,2026,False
20260129,2026-01-29,Thursday,January,1,2026,False
20260130,2026-01-30,Friday,January,1,2026,False
20260131,2026-01-31,Saturday,January,1,2026,True
20260201,2026-02-01,Sunday,February,1,2026,True
20260202,2026-02-02,Monday,February,1,2026,False
20260203,2026-02-03,Tuesday,February,1,2026,False
20260204,2026-02-04,Wednesday,February,1,2026,False
20260205,2026-02-05,Thursday,February,1,2026,False
20260206,2026-02-06,Friday,February,1,2026,False
20260207,2026-02-07,Saturday,February,1,2026,True
20260208,2026-02-08,Sunday,February,1,2026,True
20260209,2026-02-09,Monday,February,1,2026,False
20260210,2026-02-10,Tuesday,February,1,2026,False
20260211,2026-02-11,Wednesday,February,1,2026,False
20260212,2026-02-12,Thursday,February,1,2026,False
20260213,2026-02-13,Friday,February,1,2026,False
20260214,2026-02-14,Saturday,February,1,2026,True
20260215,2026-02-15,Sunday,February,1,2026,True
20260216,2026-02-16,Monday,February,1,2026,False
20260217,2026-02-17,Tuesday,February,1,2026,False
20260218,2026-02-18,Wednesday,February,1,2026,False
20260219,2026-02-19,Thursday,February,1,2026,False
20260220,2026-02-20,Friday,February,1,2026,False
20260221,2026-02-21,Saturday,February,1,2026,True
20260222,2026-02-22,Sunday,February,1,2026,True
20260223,2026-02-23,Monday,February,1,2026,False
20260224,2026-02-24,Tuesday,February,1,2026,False
20260225,2026-02-25,Wednesday,February,1,2026,False
20260226,2026-02-26,Thursday,February,1,2026,False
20260227,2026-02-27,Friday,February,1,2026,False
20260228,2026-02-28,Saturday,February,1,2026,True
20260301,2026-03-01,Sunday,March,1,2026,True
20260302,2026-03-02,Monday,March,1,2026,False
20260303,2026-03-03,Tuesday,March,1,2026,False
20260304,2026-03-04,Wednesday,March,1,2026,False
20260305,2026-03-05,Thursday,March,1,2026,False
20260306,2026-03-06,Friday,March,1,2026,False
20260307,2026-03-07,Saturday,March,1,2026,True
20260308,2026-03-08,Sunday,March,1,2026,True
20260309,2026-03-09,Monday,March,1,2026,False
20260310,2026-03-10,Tuesday,March,1,2026,False
20260311,2026-03-11,Wednesday,March,1,2026,False
20260312,2026-03-12,Thursday,March,1,2026,False
20260313,2026-03-13,Friday,March,1,2026,False
20260314,2026-03-14,Saturday,March,1,2026,True
20260315,2026-03-15,Sunday,March,1,2026,True
20260316,2026-03-16,Monday,March,1,2026,False
20260317,2026-03-17,Tuesday,March,1,2026,False
20260318,2026-03-18,Wednesday,March,1,2026,False
20260319,2026-03-19,Thursday,March,1,2026,False
20260320,2026-03-20,Friday,March,1,2026,False
20260321,2026-03-21,Saturday,March,1,2026,True
20260322,2026-03-22,Sunday,March,1,2026,True
20260323,2026-03-23,Monday,March,1,2026,False
20260324,2026-03-24,Tuesday,March,1,2026,False
20260325,2026-03-25,Wednesday,March,1,2026,False
20260326,2026-03-26,Thursday,March,1,2026,False
20260327,2026-03-27,Friday,March,1,2026,False
20260328,2026-03-28,Saturday,March,1,2026,True
20260329,2026-03-29,Sunday,March,1,2026,True
20260330,2026-03-30,Monday,March,1,2026,False
20260331,2026-03-31,Tuesday,March,1,2026,False
20260401,2026-04-01,Wednesday,April,2,2026,False
20260402,2026-04-02,Thursday,April,2,2026,False
20260403,2026-04-03,Friday,April,2,2026,False
20260404,2026-04-04,Saturday,April,2,2026,True
20260405,2026-04-05,Sunday,April,2,2026,True
20260406,2026-04-06,Monday,April,2,2026,False
20260407,2026-04-07,Tuesday,April,2,2026,False
20260408,2026-04-08,Wednesday,April,2,2026,False
20260409,2026-04-09,Thursday,April,2,2026,False
20260410,2026-04-10,Friday,April,2,2026,False
20260411,2026-04-11,Saturday,April,2,2026,True
20260412,2026-04-12,Sunday,April,2,2026,True
20260413,2026-04-13,Monday,April,2,2026,False
20260414,2026-04-14,Tuesday,April,2,2026,False
20260415,2026-04-15,Wednesday,April,2,2026,False
20260416,2026-04-16,Thursday,April,2,2026,False
20260417,2026-04-17,Friday,April,2,2026,False
20260418,2026-04-18,Saturday,April,2,2026,True
20260419,2026-04-19,Sunday,April,2,2026,True
20260420,2026-04-20,Monday,April,2,2026,False
20260421,2026-04-21,Tuesday,April,2,2026,False
20260422,2026-04-22,Wednesday,April,2,2026,False
20260423,2026-04-23,Thursday,April,2,2026,False
20260424,2026-04-24,Friday,April,2,2026,False
20260425,2026-04-25,Saturday,April,2,2026,True
20260426,2026-04-26,Sunday,April,2,2026,True
20260427,2026-04-27,Monday,April,2,2026,False
20260428,2026-04-28,Tuesday,April,2,2026,False
20260429,2026-04-29,Wednesday,April,2,2026,False
20260430,2026-04-30,Thursday,April,2,2026,False
20260501,2026-05-01,Friday,May,2,2026,False
20260502,2026-05-02,Saturday,May,2,2026,True
20260503,2026-05-03,Sunday,May,2,2026,True
20260504,2026-05-04,Monday,May,2,2026,False
20260505,2026-05-05,Tuesday,May,2,2026,False
20260506,2026-05-06,Wednesday,May,2,2026,False
20260507,2026-05-07,Thursday,May,2,2026,False
20260508,2026-05-08,Friday,May,2,2026,False
20260509,2026-05-09,Saturday,May,2,2026,True
20260510,2026-05-10,Sunday,May,2,2026,True
20260511,2026-05-11,Monday,May,2,2026,False
20260512,2026-05-12,Tuesday,May,2,2026,False
20260513,2026-05-13,Wednesday,May,2,2026,False
20260514,2026-05-14,Thursday,May,2,2026,False
20260515,2026-05-15,Friday,May,2,2026,False
20260516,2026-05-16,Saturday,May,2,2026,True
20260517,2026-05-17,Sunday,May,2,2026,True
20260518,2026-05-18,Monday,May,2,2026,False
20260519,2026-05-19,Tuesday,May,2,2026,False
20260520,2026-05-20,Wednesday,May,2,2026,False
20260521,2026-05-21,Thursday,May,2,2026,False
20260522,2026-05-22,Friday,May,2,2026,False
20260523,2026-05-23,Saturday,May,2,2026,True
20260524,2026-05-24,Sunday,May,2,2026,True
20260525,2026-05-25,Monday,May,2,2026,False
20260526,2026-05-26,Tuesday,May,2,2026,False
20260527,2026-05-27,Wednesday,May,2,2026,False
20260528,2026-05-28,Thursday,May,2,2026,False
20260529,2026-05-29,Friday,May,2,2026,False
20260530,2026-05-30,Saturday,May,2,2026,True
20260531,2026-05-31,Sunday,May,2,2026,True
20260601,2026-06-01,Monday,June,2,2026,False
20260602,2026-06-02,Tuesday,June,2,2026,False
20260603,2026-06-03,Wednesday,June,2,2026,False
20260604,2026-06-04,Thursday,June,2,2026,False
20260605,2026-06-05,Friday,June,2,2026,False
20260606,2026-06-06,Saturday,June,2,2026,True
20260607,2026-06-07,Sunday,June,2,2026,True
20260608,2026-06-08,Monday,June,2,2026,False
20260609,2026-06-09,Tuesday,June,2,2026,False
20260610,2026-06-10,Wednesday,June,2,2026,False
20260611,2026-06-11,Thursday,June,2,2026,False
20260612,2026-06-12,Friday,June,2,2026,False
20260613,2026-06-13,Saturday,June,2,2026,True
20260614,2026-06-14,Sunday,June,2,2026,True
20260615,2026-06-15,Monday,June,2,2026,False
20260616,2026-06-16,Tuesday,June,2,2026,False
20260617,2026-06-17,Wednesday,June,2,2026,False
20260618,2026-06-18,Thursday,June,2,2026,False
20260619,2026-06-19,Friday,June,2,2026,False
20260620,2026-06-20,Saturday,June,2,2026,True
20260621,2026-06-21,Sunday,June,2,2026,True
20260622,2026-06-22,Monday,June,2,2026,False
20260623,2026-06-23,Tuesday,June,2,2026,False
20260624,2026-06-24,Wednesday,June,2,2026,False
20260625,2026-06-25,Thursday,June,2,2026,False
20260626,2026-06-26,Friday,June,2,2026,False
20260627,2026-06-27,Saturday,June,2,2026,True
20260628,2026-06-28,Sunday,June,2,2026,True
20260629,2026-06-29,Monday,June,2,2026,False
20260630,2026-06-30,Tuesday,June,2,2026,False
20260701,2026-07-01,Wednesday,July,3,2026,False
20260702,2026-07-02,Thursday,July,3,2026,False
20260703,2026-07-03,Friday,July,3,2026,False
20260704,2026-07-04,Saturday,July,3,2026,True
20260705,2026-07-05,Sunday,July,3,2026,True
20260706,2026-07-06,Monday,July,3,2026,False
20260707,2026-07-07,Tuesday,July,3,2026,False
20260708,2026-07-08,Wednesday,July,3,2026,False
20260709,2026-07-09,Thursday,July,3,2026,False
20260710,2026-07-10,Friday,July,3,2026,False
20260711,2026-07-11,Saturday,July,3,2026,True
20260712,2026-07-12,Sunday,July,3,2026,True
20260713,2026-07-13,Monday,July,3,2026,False
20260714,2026-07-14,Tuesday,July,3,2026,False
20260715,2026-07-15,Wednesday,July,3,2026,False
20260716,2026-07-16,Thursday,July,3,2026,False
20260717,2026-07-17,Friday,July,3,2026,False
20260718,2026-07-18,Saturday,July,3,2026,True
20260719,2026-07-19,Sunday,July,3,2026,True
20260720,2026-07-20,Monday,July,3,2026,False
20260721,2026-07-21,Tuesday,July,3,2026,False
20260722,2026-07-22,Wednesday,July,3,2026,False
20260723,2026-07-23,Thursday,July,3,2026,False
20260724,2026-07-24,Friday,July,3,2026,False
20260725,2026-07-25,Saturday,July,3,2026,True
20260726,2026-07-26,Sunday,July,3,2026,True
20260727,2026-07-27,Monday,July,3,2026,False
20260728,2026-07-28,Tuesday,July,3,2026,False
20260729,2026-07-29,Wednesday,July,3,2026,False
20260730,2026-07-30,Thursday,July,3,2026,False
20260731,2026-07-31,Friday,July,3,2026,False
20260801,2026-08-01,Saturday,August,3,2026,True
20260802,2026-08-02,Sunday,August,3,2026,True
20260803,2026-08-03,Monday,August,3,2026,False
20260804,2026-08-04,Tuesday,August,3,2026,False
20260805,2026-08-05,Wednesday,August,3,2026,False
20260806,2026-08-06,Thursday,August,3,2026,False
20260807,2026-08-07,Friday,August,3,2026,False
20260808,2026-08-08,Saturday,August,3,2026,True
20260809,2026-08-09,Sunday,August,3,2026,True
20260810,2026-08-10,Monday,August,3,2026,False
20260811,2026-08-11,Tuesday,August,3,2026,False
20260812,2026-08-12,Wednesday,August,3,2026,False
20260813,2026-08-13,Thursday,August,3,2026,False
20260814,2026-08-14,Friday,August,3,2026,False
20260815,2026-08-15,Saturday,August,3,2026,True
20260816,2026-08-16,Sunday,August,3,2026,True
20260817,2026-08-17,Monday,August,3,2026,False
20260818,2026-08-18,Tuesday,August,3,2026,False
20260819,2026-08-19,Wednesday,August,3,2026,False
20260820,2026-08-20,Thursday,August,3,2026,False
20260821,2026-08-21,Friday,August,3,2026,False
20260822,2026-08-22,Saturday,August,3,2026,True
20260823,2026-08-23,Sunday,August,3,2026,True
20260824,2026-08-24,Monday,August,3,2026,False
20260825,2026-08-25,Tuesday,August,3,2026,False
20260826,2026-08-26,Wednesday,August,3,2026,False
20260827,2026-08-27,Thursday,August,3,2026,False
20260828,2026-08-28,Friday,August,3,2026,False
20260829,2026-08-29,Saturday,August,3,2026,True
20260830,2026-08-30,Sunday,August,3,2026,True
20260831,2026-08-31,Monday,August,3,2026,False
20260901,2026-09-01,Tuesday,September,3,2026,False
20260902,2026-09-02,Wednesday,September,3,2026,False
20260903,2026-09-03,Thursday,September,3,2026,False
20260904,2026-09-04,Friday,September,3,2026,False
20260905,2026-09-05,Saturday,September,3,2026,True
20260906,2026-09-06,Sunday,September,3,2026,True
20260907,2026-09-07,Monday,September,3,2026,False
20260908,2026-09-08,Tuesday,September,3,2026,False
20260909,2026-09-09,Wednesday,September,3,2026,False
20260910,2026-09-10,Thursday,September,3,2026,False
20260911,2026-09-11,Friday,September,3,2026,False
20260912,2026-09-12,Saturday,September,3,2026,True
20260913,2026-09-13,Sunday,September,3,2026,True
20260914,2026-09-14,Monday,September,3,2026,False
20260915,2026-09-15,Tuesday,September,3,2026,False
20260916,2026-09-16,Wednesday,September,3,2026,False
20260917,2026-09-17,Thursday,September,3,2026,False
20260918,2026-09-18,Friday,September,3,2026,False
20260919,2026-09-19,Saturday,September,3,2026,True
20260920,2026-09-20,Sunday,September,3,2026,True
20260921,2026-09-21,Monday,September,3,2026,False
20260922,2026-09-22,Tuesday,September,3,2026,False
20260923,2026-09-23,Wednesday,September,3,2026,False
20260924,2026-09-24,Thursday,September,3,2026,False
20260925,2026-09-25,Friday,September,3,2026,False
20260926,2026-09-26,Saturday,September,3,2026,True
20260927,2026-09-27,Sunday,September,3,2026,True
20260928,2026-09-28,Monday,September,3,2026,False
20260929,2026-09-29,Tuesday,September,3,2026,False
20260930,2026-09-30,Wednesday,September,3,2026,False
20261001,2026-10-01,Thursday,October,4,2026,False
20261002,2026-10-02,Friday,October,4,2026,False
20261003,2026-10-03,Saturday,October,4,2026,True
20261004,2026-10-04,Sunday,October,4,2026,True
20261005,2026-10-05,Monday,October,4,2026,False
20261006,2026-10-06,Tuesday,October,4,2026,False
20261007,2026-10-07,Wednesday,October,4,2026,False
20261008,2026-10-08,Thursday,October,4,2026,False
20261009,2026-10-09,Friday,October,4,2026,False
20261010,2026-10-10,Saturday,October,4,2026,True
20261011,2026-10-11,Sunday,October,4,2026,True
20261012,2026-10-12,Monday,October,4,2026,False
20261013,2026-10-13,Tuesday,October,4,2026,False
20261014,2026-10-14,Wednesday,October,4,2026,False
20261015,2026-10-15,Thursday,October,4,2026,False
20261016,2026-10-16,Friday,October,4,2026,False
20261017,2026-10-17,Saturday,October,4,2026,True
20261018,2026-10-18,Sunday,October,4,2026,True
20261019,2026-10-19,Monday,October,4,2026,False
20261020,2026-10-20,Tuesday,October,4,2026,False
20261021,2026-10-21,Wednesday,October,4,2026,False
20261022,2026-10-22,Thursday,October,4,2026,False
20261023,2026-10-23,Friday,October,4,2026,False
20261024,2026-10-24,Saturday,October,4,2026,True
20261025,2026-10-25,Sunday,October,4,2026,True
20261026,2026-10-26,Monday,October,4,2026,False
20261027,2026-10-27,Tuesday,October,4,2026,False
20261028,2026-10-28,Wednesday,October,4,2026,False
20261029,2026-10-29,Thursday,October,4,2026,False
20261030,2026-10-30,Friday,October,4,2026,False
20261031,2026-10-31,Saturday,October,4,2026,True
20261101,2026-11-01,Sunday,November,4,2026,True
20261102,2026-11-02,Monday,November,4,2026,False
20261103,2026-11-03,Tuesday,November,4,2026,False
20261104,2026-11-04,Wednesday,November,4,2026,False
20261105,2026-11-05,Thursday,November,4,2026,False
20261106,2026-11-06,Friday,November,4,2026,False
20261107,2026-11-07,Saturday,November,4,2026,True
20261108,2026-11-08,Sunday,November,4,2026,True
20261109,2026-11-09,Monday,November,4,2026,False
20261110,2026-11-10,Tuesday,November,4,2026,False
20261111,2026-11-11,Wednesday,November,4,2026,False
20261112,2026-11-12,Thursday,November,4,2026,False
20261113,2026-11-13,Friday,November,4,2026,False
20261114,2026-11-14,Saturday,November,4,2026,True
20261115,2026-11-15,Sunday,November,4,2026,True
20261116,2026-11-16,Monday,November,4,2026,False
20261117,2026-11-17,Tuesday,November,4,2026,False
20261118,2026-11-18,Wednesday,November,4,2026,False
20261119,2026-11-19,Thursday,November,4,2026,False
20261120,2026-11-20,Friday,November,4,2026,False
20261121,2026-11-21,Saturday,November,4,2026,True
20261122,2026-11-22,Sunday,November,4,2026,True
20261123,2026-11-23,Monday,November,4,2026,False
20261124,2026-11-24,Tuesday,November,4,2026,False
20261125,2026-11-25,Wednesday,November,4,2026,False
20261126,2026-11-26,Thursday,November,4,2026,False
20261127,2026-11-27,Friday,November,4,2026,False
20261128,2026-11-28,Saturday,November,4,2026,True
20261129,2026-11-29,Sunday,November,4,2026,True
20261130,2026-11-30,Monday,November,4,2026,False
20261201,2026-12-01,Tuesday,December,4,2026,False
20261202,2026-12-02,Wednesday,December,4,2026,False
20261203,2026-12-03,Thursday,December,4,2026,False
20261204,2026-12-04,Friday,December,4,2026,False
20261205,2026-12-05,Saturday,December,4,2026,True
20261206,2026-12-06,Sunday,December,4,2026,True
20261207,2026-12-07,Monday,December,4,2026,False
20261208,2026-12-08,Tuesday,December,4,2026,False
20261209,2026-12-09,Wednesday,December,4,2026,False
20261210,2026-12-10,Thursday,December,4,2026,False
20261211,2026-12-11,Friday,December,4,2026,False
20261212,2026-12-12,Saturday,December,4,2026,True
20261213,2026-12-13,Sunday,December,4,2026,True
20261214,2026-12-14,Monday,December,4,2026,False
20261215,2026-12-15,Tuesday,December,4,2026,False
20261216,2026-12-16,Wednesday,December,4,2026,False
20261217,2026-12-17,Thursday,December,4,2026,False
20261218,2026-12-18,Friday,December,4,2026,False
20261219,2026-12-19,Saturday,December,4,2026,True
20261220,2026-12-20,Sunday,December,4,2026,True
20261221,2026-12-21,Monday,December,4,2026,False
20261222,2026-12-22,Tuesday,December,4,2026,False
20261223,2026-12-23,Wednesday,December,4,2026,False
20261224,2026-12-24,Thursday,December,4,2026,False
20261225,2026-12-25,Friday,December,4,2026,False
20261226,2026-12-26,Saturday,December,4,2026,True
20261227,2026-12-27,Sunday,December,4,2026,True
20261228,2026-12-28,Monday,December,4,2026,False
20261229,2026-12-29,Tuesday,December,4,2026,False
20261230,2026-12-30,Wednesday,December,4,2026,False
20261231,2026-12-31,Thursday,December,4,2026,False
